date,year,month,month_num,country,visitors
2002-03-01,2002.0,Mar,3,Canada,181.0
2002-03-01,2002.0,Mar,3,Denmark,1329.0
2002-03-01,2002.0,Mar,3,Finland,414.0
2002-03-01,2002.0,Mar,3,France,660.0
2002-03-01,2002.0,Mar,3,Germany,1264.0
2002-03-01,2002.0,Mar,3,Italy,102.0
2002-03-01,2002.0,Mar,3,Japan,282.0
2002-03-01,2002.0,Mar,3,Netherlands,611.0
2002-03-01,2002.0,Mar,3,Norway,1459.0
2002-03-01,2002.0,Mar,3,Other,1221.0
2002-03-01,2002.0,Mar,3,Spain,77.0
2002-03-01,2002.0,Mar,3,Sweden,1241.0
2002-03-01,2002.0,Mar,3,Switzerland,170.0
2002-03-01,2002.0,Mar,3,UK,3401.0
2002-03-01,2002.0,Mar,3,USA,4238.0
2002-04-01,2002.0,Apr,4,Canada,111.0
2002-04-01,2002.0,Apr,4,Denmark,1159.0
2002-04-01,2002.0,Apr,4,Finland,643.0
2002-04-01,2002.0,Apr,4,France,687.0
2002-04-01,2002.0,Apr,4,Germany,947.0
2002-04-01,2002.0,Apr,4,Italy,96.0
2002-04-01,2002.0,Apr,4,Japan,178.0
2002-04-01,2002.0,Apr,4,Netherlands,680.0
2002-04-01,2002.0,Apr,4,Norway,1771.0
2002-04-01,2002.0,Apr,4,Other,1674.0
2002-04-01,2002.0,Apr,4,Spain,145.0
2002-04-01,2002.0,Apr,4,Sweden,2404.0
2002-04-01,2002.0,Apr,4,Switzerland,103.0
2002-04-01,2002.0,Apr,4,UK,5156.0
2002-04-01,2002.0,Apr,4,USA,3286.0
2002-05-01,2002.0,May,5,Canada,161.0
2002-05-01,2002.0,May,5,Denmark,1480.0
2002-05-01,2002.0,May,5,Finland,523.0
2002-05-01,2002.0,May,5,France,871.0
2002-05-01,2002.0,May,5,Germany,1535.0
2002-05-01,2002.0,May,5,Italy,238.0
2002-05-01,2002.0,May,5,Japan,145.0
2002-05-01,2002.0,May,5,Netherlands,856.0
2002-05-01,2002.0,May,5,Norway,2078.0
2002-05-01,2002.0,May,5,Other,1917.0
2002-05-01,2002.0,May,5,Spain,152.0
2002-05-01,2002.0,May,5,Sweden,2330.0
2002-05-01,2002.0,May,5,Switzerland,143.0
2002-05-01,2002.0,May,5,UK,2590.0
2002-05-01,2002.0,May,5,USA,3782.0
2002-06-01,2002.0,Jun,6,Canada,455.0
2002-06-01,2002.0,Jun,6,Denmark,2249.0
2002-06-01,2002.0,Jun,6,Finland,842.0
2002-06-01,2002.0,Jun,6,France,2184.0
2002-06-01,2002.0,Jun,6,Germany,4113.0
2002-06-01,2002.0,Jun,6,Italy,709.0
2002-06-01,2002.0,Jun,6,Japan,312.0
2002-06-01,2002.0,Jun,6,Netherlands,1020.0
2002-06-01,2002.0,Jun,6,Norway,2849.0
2002-06-01,2002.0,Jun,6,Other,4530.0
2002-06-01,2002.0,Jun,6,Spain,364.0
2002-06-01,2002.0,Jun,6,Sweden,2645.0
2002-06-01,2002.0,Jun,6,Switzerland,708.0
2002-06-01,2002.0,Jun,6,UK,3600.0
2002-06-01,2002.0,Jun,6,USA,5635.0
2002-07-01,2002.0,Jul,7,Canada,265.0
2002-07-01,2002.0,Jul,7,Denmark,4033.0
2002-07-01,2002.0,Jul,7,Finland,724.0
2002-07-01,2002.0,Jul,7,France,4800.0
2002-07-01,2002.0,Jul,7,Germany,7652.0
2002-07-01,2002.0,Jul,7,Italy,1725.0
2002-07-01,2002.0,Jul,7,Japan,504.0
2002-07-01,2002.0,Jul,7,Netherlands,1773.0
2002-07-01,2002.0,Jul,7,Norway,2438.0
2002-07-01,2002.0,Jul,7,Other,5334.0
2002-07-01,2002.0,Jul,7,Spain,810.0
2002-07-01,2002.0,Jul,7,Sweden,2629.0
2002-07-01,2002.0,Jul,7,Switzerland,1884.0
2002-07-01,2002.0,Jul,7,UK,5636.0
2002-07-01,2002.0,Jul,7,USA,5808.0
2002-08-01,2002.0,Aug,8,Canada,227.0
2002-08-01,2002.0,Aug,8,Denmark,2765.0
2002-08-01,2002.0,Aug,8,Finland,882.0
2002-08-01,2002.0,Aug,8,France,5197.0
2002-08-01,2002.0,Aug,8,Germany,9060.0
2002-08-01,2002.0,Aug,8,Italy,3674.0
2002-08-01,2002.0,Aug,8,Japan,698.0
2002-08-01,2002.0,Aug,8,Netherlands,1871.0
2002-08-01,2002.0,Aug,8,Norway,2528.0
2002-08-01,2002.0,Aug,8,Other,5519.0
2002-08-01,2002.0,Aug,8,Spain,1524.0
2002-08-01,2002.0,Aug,8,Sweden,3206.0
2002-08-01,2002.0,Aug,8,Switzerland,1965.0
2002-08-01,2002.0,Aug,8,UK,5573.0
2002-08-01,2002.0,Aug,8,USA,5848.0
2002-09-01,2002.0,Sep,9,Canada,271.0
2002-09-01,2002.0,Sep,9,Denmark,2143.0
2002-09-01,2002.0,Sep,9,Finland,676.0
2002-09-01,2002.0,Sep,9,France,1653.0
2002-09-01,2002.0,Sep,9,Germany,2547.0
2002-09-01,2002.0,Sep,9,Italy,393.0
2002-09-01,2002.0,Sep,9,Japan,337.0
2002-09-01,2002.0,Sep,9,Netherlands,940.0
2002-09-01,2002.0,Sep,9,Norway,2711.0
2002-09-01,2002.0,Sep,9,Other,2586.0
2002-09-01,2002.0,Sep,9,Spain,341.0
2002-09-01,2002.0,Sep,9,Sweden,2190.0
2002-09-01,2002.0,Sep,9,Switzerland,322.0
2002-09-01,2002.0,Sep,9,UK,3271.0
2002-09-01,2002.0,Sep,9,USA,4172.0
2002-10-01,2002.0,Oct,10,Canada,157.0
2002-10-01,2002.0,Oct,10,Denmark,1475.0
2002-10-01,2002.0,Oct,10,Finland,465.0
2002-10-01,2002.0,Oct,10,France,408.0
2002-10-01,2002.0,Oct,10,Germany,811.0
2002-10-01,2002.0,Oct,10,Italy,109.0
2002-10-01,2002.0,Oct,10,Japan,162.0
2002-10-01,2002.0,Oct,10,Netherlands,563.0
2002-10-01,2002.0,Oct,10,Norway,1624.0
2002-10-01,2002.0,Oct,10,Other,1844.0
2002-10-01,2002.0,Oct,10,Spain,69.0
2002-10-01,2002.0,Oct,10,Sweden,1820.0
2002-10-01,2002.0,Oct,10,Switzerland,89.0
2002-10-01,2002.0,Oct,10,UK,5086.0
2002-10-01,2002.0,Oct,10,USA,3089.0
2002-11-01,2002.0,Nov,11,Canada,118.0
2002-11-01,2002.0,Nov,11,Denmark,1155.0
2002-11-01,2002.0,Nov,11,Finland,296.0
2002-11-01,2002.0,Nov,11,France,530.0
2002-11-01,2002.0,Nov,11,Germany,503.0
2002-11-01,2002.0,Nov,11,Italy,129.0
2002-11-01,2002.0,Nov,11,Japan,93.0
2002-11-01,2002.0,Nov,11,Netherlands,385.0
2002-11-01,2002.0,Nov,11,Norway,1349.0
2002-11-01,2002.0,Nov,11,Other,1162.0
2002-11-01,2002.0,Nov,11,Spain,56.0
2002-11-01,2002.0,Nov,11,Sweden,1410.0
2002-11-01,2002.0,Nov,11,Switzerland,56.0
2002-11-01,2002.0,Nov,11,UK,2780.0
2002-11-01,2002.0,Nov,11,USA,2384.0
2002-12-01,2002.0,Dec,12,Canada,96.0
2002-12-01,2002.0,Dec,12,Denmark,855.0
2002-12-01,2002.0,Dec,12,Finland,212.0
2002-12-01,2002.0,Dec,12,France,358.0
2002-12-01,2002.0,Dec,12,Germany,654.0
2002-12-01,2002.0,Dec,12,Italy,104.0
2002-12-01,2002.0,Dec,12,Japan,169.0
2002-12-01,2002.0,Dec,12,Netherlands,286.0
2002-12-01,2002.0,Dec,12,Norway,1102.0
2002-12-01,2002.0,Dec,12,Other,1745.0
2002-12-01,2002.0,Dec,12,Spain,107.0
2002-12-01,2002.0,Dec,12,Sweden,1242.0
2002-12-01,2002.0,Dec,12,Switzerland,79.0
2002-12-01,2002.0,Dec,12,UK,1816.0
2002-12-01,2002.0,Dec,12,USA,1767.0
2003-01-01,2003.0,Jan,1,Canada,125.0
2003-01-01,2003.0,Jan,1,Denmark,763.0
2003-01-01,2003.0,Jan,1,Finland,194.0
2003-01-01,2003.0,Jan,1,France,412.0
2003-01-01,2003.0,Jan,1,Germany,784.0
2003-01-01,2003.0,Jan,1,Italy,222.0
2003-01-01,2003.0,Jan,1,Japan,385.0
2003-01-01,2003.0,Jan,1,Netherlands,294.0
2003-01-01,2003.0,Jan,1,Norway,1075.0
2003-01-01,2003.0,Jan,1,Other,1863.0
2003-01-01,2003.0,Jan,1,Spain,125.0
2003-01-01,2003.0,Jan,1,Sweden,973.0
2003-01-01,2003.0,Jan,1,Switzerland,104.0
2003-01-01,2003.0,Jan,1,UK,2927.0
2003-01-01,2003.0,Jan,1,USA,2451.0
2003-02-01,2003.0,Feb,2,Canada,93.0
2003-02-01,2003.0,Feb,2,Denmark,917.0
2003-02-01,2003.0,Feb,2,Finland,290.0
2003-02-01,2003.0,Feb,2,France,631.0
2003-02-01,2003.0,Feb,2,Germany,683.0
2003-02-01,2003.0,Feb,2,Italy,108.0
2003-02-01,2003.0,Feb,2,Japan,238.0
2003-02-01,2003.0,Feb,2,Netherlands,458.0
2003-02-01,2003.0,Feb,2,Norway,1616.0
2003-02-01,2003.0,Feb,2,Other,966.0
2003-02-01,2003.0,Feb,2,Spain,65.0
2003-02-01,2003.0,Feb,2,Sweden,1217.0
2003-02-01,2003.0,Feb,2,Switzerland,71.0
2003-02-01,2003.0,Feb,2,UK,3605.0
2003-02-01,2003.0,Feb,2,USA,1990.0
2003-03-01,2003.0,Mar,3,Canada,134.0
2003-03-01,2003.0,Mar,3,Denmark,1532.0
2003-03-01,2003.0,Mar,3,Finland,545.0
2003-03-01,2003.0,Mar,3,France,1072.0
2003-03-01,2003.0,Mar,3,Germany,1001.0
2003-03-01,2003.0,Mar,3,Italy,159.0
2003-03-01,2003.0,Mar,3,Japan,259.0
2003-03-01,2003.0,Mar,3,Netherlands,1146.0
2003-03-01,2003.0,Mar,3,Norway,2064.0
2003-03-01,2003.0,Mar,3,Other,1609.0
2003-03-01,2003.0,Mar,3,Spain,105.0
2003-03-01,2003.0,Mar,3,Sweden,2004.0
2003-03-01,2003.0,Mar,3,Switzerland,126.0
2003-03-01,2003.0,Mar,3,UK,3812.0
2003-03-01,2003.0,Mar,3,USA,2969.0
2003-04-01,2003.0,Apr,4,Canada,185.0
2003-04-01,2003.0,Apr,4,Denmark,1664.0
2003-04-01,2003.0,Apr,4,Finland,702.0
2003-04-01,2003.0,Apr,4,France,880.0
2003-04-01,2003.0,Apr,4,Germany,1009.0
2003-04-01,2003.0,Apr,4,Italy,196.0
2003-04-01,2003.0,Apr,4,Japan,146.0
2003-04-01,2003.0,Apr,4,Netherlands,480.0
2003-04-01,2003.0,Apr,4,Norway,1982.0
2003-04-01,2003.0,Apr,4,Other,2105.0
2003-04-01,2003.0,Apr,4,Spain,120.0
2003-04-01,2003.0,Apr,4,Sweden,2227.0
2003-04-01,2003.0,Apr,4,Switzerland,91.0
2003-04-01,2003.0,Apr,4,UK,5840.0
2003-04-01,2003.0,Apr,4,USA,2838.0
2003-05-01,2003.0,May,5,Canada,156.0
2003-05-01,2003.0,May,5,Denmark,1549.0
2003-05-01,2003.0,May,5,Finland,736.0
2003-05-01,2003.0,May,5,France,967.0
2003-05-01,2003.0,May,5,Germany,1571.0
2003-05-01,2003.0,May,5,Italy,222.0
2003-05-01,2003.0,May,5,Japan,190.0
2003-05-01,2003.0,May,5,Netherlands,929.0
2003-05-01,2003.0,May,5,Norway,2031.0
2003-05-01,2003.0,May,5,Other,1862.0
2003-05-01,2003.0,May,5,Spain,303.0
2003-05-01,2003.0,May,5,Sweden,2132.0
2003-05-01,2003.0,May,5,Switzerland,142.0
2003-05-01,2003.0,May,5,UK,3960.0
2003-05-01,2003.0,May,5,USA,3623.0
2003-06-01,2003.0,Jun,6,Canada,339.0
2003-06-01,2003.0,Jun,6,Denmark,2955.0
2003-06-01,2003.0,Jun,6,Finland,644.0
2003-06-01,2003.0,Jun,6,France,2803.0
2003-06-01,2003.0,Jun,6,Germany,5142.0
2003-06-01,2003.0,Jun,6,Italy,748.0
2003-06-01,2003.0,Jun,6,Japan,262.0
2003-06-01,2003.0,Jun,6,Netherlands,1083.0
2003-06-01,2003.0,Jun,6,Norway,2501.0
2003-06-01,2003.0,Jun,6,Other,3714.0
2003-06-01,2003.0,Jun,6,Spain,615.0
2003-06-01,2003.0,Jun,6,Sweden,2380.0
2003-06-01,2003.0,Jun,6,Switzerland,650.0
2003-06-01,2003.0,Jun,6,UK,4734.0
2003-06-01,2003.0,Jun,6,USA,5943.0
2003-07-01,2003.0,Jul,7,Canada,281.0
2003-07-01,2003.0,Jul,7,Denmark,4918.0
2003-07-01,2003.0,Jul,7,Finland,845.0
2003-07-01,2003.0,Jul,7,France,4870.0
2003-07-01,2003.0,Jul,7,Germany,9576.0
2003-07-01,2003.0,Jul,7,Italy,1939.0
2003-07-01,2003.0,Jul,7,Japan,526.0
2003-07-01,2003.0,Jul,7,Netherlands,1965.0
2003-07-01,2003.0,Jul,7,Norway,2573.0
2003-07-01,2003.0,Jul,7,Other,6216.0
2003-07-01,2003.0,Jul,7,Spain,1006.0
2003-07-01,2003.0,Jul,7,Sweden,2739.0
2003-07-01,2003.0,Jul,7,Switzerland,2095.0
2003-07-01,2003.0,Jul,7,UK,6826.0
2003-07-01,2003.0,Jul,7,USA,6232.0
2003-08-01,2003.0,Aug,8,Canada,496.0
2003-08-01,2003.0,Aug,8,Denmark,3156.0
2003-08-01,2003.0,Aug,8,Finland,925.0
2003-08-01,2003.0,Aug,8,France,5908.0
2003-08-01,2003.0,Aug,8,Germany,9959.0
2003-08-01,2003.0,Aug,8,Italy,4255.0
2003-08-01,2003.0,Aug,8,Japan,723.0
2003-08-01,2003.0,Aug,8,Netherlands,2161.0
2003-08-01,2003.0,Aug,8,Norway,3015.0
2003-08-01,2003.0,Aug,8,Other,6618.0
2003-08-01,2003.0,Aug,8,Spain,1988.0
2003-08-01,2003.0,Aug,8,Sweden,3560.0
2003-08-01,2003.0,Aug,8,Switzerland,2275.0
2003-08-01,2003.0,Aug,8,UK,7270.0
2003-08-01,2003.0,Aug,8,USA,6454.0
2003-09-01,2003.0,Sep,9,Canada,310.0
2003-09-01,2003.0,Sep,9,Denmark,2561.0
2003-09-01,2003.0,Sep,9,Finland,715.0
2003-09-01,2003.0,Sep,9,France,1487.0
2003-09-01,2003.0,Sep,9,Germany,4544.0
2003-09-01,2003.0,Sep,9,Italy,546.0
2003-09-01,2003.0,Sep,9,Japan,388.0
2003-09-01,2003.0,Sep,9,Netherlands,844.0
2003-09-01,2003.0,Sep,9,Norway,2331.0
2003-09-01,2003.0,Sep,9,Other,3129.0
2003-09-01,2003.0,Sep,9,Spain,481.0
2003-09-01,2003.0,Sep,9,Sweden,2665.0
2003-09-01,2003.0,Sep,9,Switzerland,324.0
2003-09-01,2003.0,Sep,9,UK,4179.0
2003-09-01,2003.0,Sep,9,USA,4554.0
2003-10-01,2003.0,Oct,10,Canada,221.0
2003-10-01,2003.0,Oct,10,Denmark,2031.0
2003-10-01,2003.0,Oct,10,Finland,951.0
2003-10-01,2003.0,Oct,10,France,532.0
2003-10-01,2003.0,Oct,10,Germany,1251.0
2003-10-01,2003.0,Oct,10,Italy,166.0
2003-10-01,2003.0,Oct,10,Japan,875.0
2003-10-01,2003.0,Oct,10,Netherlands,640.0
2003-10-01,2003.0,Oct,10,Norway,2631.0
2003-10-01,2003.0,Oct,10,Other,2702.0
2003-10-01,2003.0,Oct,10,Spain,134.0
2003-10-01,2003.0,Oct,10,Sweden,2602.0
2003-10-01,2003.0,Oct,10,Switzerland,125.0
2003-10-01,2003.0,Oct,10,UK,4143.0
2003-10-01,2003.0,Oct,10,USA,3528.0
2003-11-01,2003.0,Nov,11,Canada,101.0
2003-11-01,2003.0,Nov,11,Denmark,1349.0
2003-11-01,2003.0,Nov,11,Finland,270.0
2003-11-01,2003.0,Nov,11,France,288.0
2003-11-01,2003.0,Nov,11,Germany,608.0
2003-11-01,2003.0,Nov,11,Italy,166.0
2003-11-01,2003.0,Nov,11,Japan,213.0
2003-11-01,2003.0,Nov,11,Netherlands,391.0
2003-11-01,2003.0,Nov,11,Norway,1703.0
2003-11-01,2003.0,Nov,11,Other,1975.0
2003-11-01,2003.0,Nov,11,Spain,68.0
2003-11-01,2003.0,Nov,11,Sweden,1812.0
2003-11-01,2003.0,Nov,11,Switzerland,50.0
2003-11-01,2003.0,Nov,11,UK,3363.0
2003-11-01,2003.0,Nov,11,USA,2779.0
2003-12-01,2003.0,Dec,12,Canada,118.0
2003-12-01,2003.0,Dec,12,Denmark,931.0
2003-12-01,2003.0,Dec,12,Finland,153.0
2003-12-01,2003.0,Dec,12,France,495.0
2003-12-01,2003.0,Dec,12,Germany,679.0
2003-12-01,2003.0,Dec,12,Italy,264.0
2003-12-01,2003.0,Dec,12,Japan,253.0
2003-12-01,2003.0,Dec,12,Netherlands,335.0
2003-12-01,2003.0,Dec,12,Norway,895.0
2003-12-01,2003.0,Dec,12,Other,1737.0
2003-12-01,2003.0,Dec,12,Spain,116.0
2003-12-01,2003.0,Dec,12,Sweden,900.0
2003-12-01,2003.0,Dec,12,Switzerland,68.0
2003-12-01,2003.0,Dec,12,UK,2314.0
2003-12-01,2003.0,Dec,12,USA,1881.0
2004-01-01,2004.0,Jan,1,Canada,138.0
2004-01-01,2004.0,Jan,1,Denmark,1114.0
2004-01-01,2004.0,Jan,1,Finland,295.0
2004-01-01,2004.0,Jan,1,France,772.0
2004-01-01,2004.0,Jan,1,Germany,873.0
2004-01-01,2004.0,Jan,1,Italy,231.0
2004-01-01,2004.0,Jan,1,Japan,487.0
2004-01-01,2004.0,Jan,1,Netherlands,313.0
2004-01-01,2004.0,Jan,1,Norway,1161.0
2004-01-01,2004.0,Jan,1,Other,1447.0
2004-01-01,2004.0,Jan,1,Spain,155.0
2004-01-01,2004.0,Jan,1,Sweden,1096.0
2004-01-01,2004.0,Jan,1,Switzerland,151.0
2004-01-01,2004.0,Jan,1,UK,2553.0
2004-01-01,2004.0,Jan,1,USA,2479.0
2004-02-01,2004.0,Feb,2,Canada,95.0
2004-02-01,2004.0,Feb,2,Denmark,1483.0
2004-02-01,2004.0,Feb,2,Finland,285.0
2004-02-01,2004.0,Feb,2,France,675.0
2004-02-01,2004.0,Feb,2,Germany,715.0
2004-02-01,2004.0,Feb,2,Italy,157.0
2004-02-01,2004.0,Feb,2,Japan,374.0
2004-02-01,2004.0,Feb,2,Netherlands,522.0
2004-02-01,2004.0,Feb,2,Norway,2174.0
2004-02-01,2004.0,Feb,2,Other,1306.0
2004-02-01,2004.0,Feb,2,Spain,83.0
2004-02-01,2004.0,Feb,2,Sweden,1422.0
2004-02-01,2004.0,Feb,2,Switzerland,71.0
2004-02-01,2004.0,Feb,2,UK,3793.0
2004-02-01,2004.0,Feb,2,USA,2269.0
2004-03-01,2004.0,Mar,3,Canada,155.0
2004-03-01,2004.0,Mar,3,Denmark,1909.0
2004-03-01,2004.0,Mar,3,Finland,452.0
2004-03-01,2004.0,Mar,3,France,814.0
2004-03-01,2004.0,Mar,3,Germany,1246.0
2004-03-01,2004.0,Mar,3,Italy,188.0
2004-03-01,2004.0,Mar,3,Japan,401.0
2004-03-01,2004.0,Mar,3,Netherlands,932.0
2004-03-01,2004.0,Mar,3,Norway,2334.0
2004-03-01,2004.0,Mar,3,Other,1960.0
2004-03-01,2004.0,Mar,3,Spain,74.0
2004-03-01,2004.0,Mar,3,Sweden,1837.0
2004-03-01,2004.0,Mar,3,Switzerland,93.0
2004-03-01,2004.0,Mar,3,UK,3551.0
2004-03-01,2004.0,Mar,3,USA,2796.0
2004-04-01,2004.0,Apr,4,Canada,130.0
2004-04-01,2004.0,Apr,4,Denmark,2413.0
2004-04-01,2004.0,Apr,4,Finland,512.0
2004-04-01,2004.0,Apr,4,France,956.0
2004-04-01,2004.0,Apr,4,Germany,1239.0
2004-04-01,2004.0,Apr,4,Italy,312.0
2004-04-01,2004.0,Apr,4,Japan,270.0
2004-04-01,2004.0,Apr,4,Netherlands,569.0
2004-04-01,2004.0,Apr,4,Norway,2339.0
2004-04-01,2004.0,Apr,4,Other,2441.0
2004-04-01,2004.0,Apr,4,Spain,186.0
2004-04-01,2004.0,Apr,4,Sweden,2727.0
2004-04-01,2004.0,Apr,4,Switzerland,119.0
2004-04-01,2004.0,Apr,4,UK,7335.0
2004-04-01,2004.0,Apr,4,USA,2900.0
2004-05-01,2004.0,May,5,Canada,245.0
2004-05-01,2004.0,May,5,Denmark,2993.0
2004-05-01,2004.0,May,5,Finland,704.0
2004-05-01,2004.0,May,5,France,935.0
2004-05-01,2004.0,May,5,Germany,2099.0
2004-05-01,2004.0,May,5,Italy,381.0
2004-05-01,2004.0,May,5,Japan,329.0
2004-05-01,2004.0,May,5,Netherlands,880.0
2004-05-01,2004.0,May,5,Norway,2639.0
2004-05-01,2004.0,May,5,Other,3520.0
2004-05-01,2004.0,May,5,Spain,166.0
2004-05-01,2004.0,May,5,Sweden,2588.0
2004-05-01,2004.0,May,5,Switzerland,190.0
2004-05-01,2004.0,May,5,UK,3950.0
2004-05-01,2004.0,May,5,USA,4127.0
2004-06-01,2004.0,Jun,6,Canada,378.0
2004-06-01,2004.0,Jun,6,Denmark,3269.0
2004-06-01,2004.0,Jun,6,Finland,1139.0
2004-06-01,2004.0,Jun,6,France,2138.0
2004-06-01,2004.0,Jun,6,Germany,4666.0
2004-06-01,2004.0,Jun,6,Italy,751.0
2004-06-01,2004.0,Jun,6,Japan,426.0
2004-06-01,2004.0,Jun,6,Netherlands,1115.0
2004-06-01,2004.0,Jun,6,Norway,2855.0
2004-06-01,2004.0,Jun,6,Other,5555.0
2004-06-01,2004.0,Jun,6,Spain,438.0
2004-06-01,2004.0,Jun,6,Sweden,2741.0
2004-06-01,2004.0,Jun,6,Switzerland,618.0
2004-06-01,2004.0,Jun,6,UK,5812.0
2004-06-01,2004.0,Jun,6,USA,6263.0
2004-07-01,2004.0,Jul,7,Canada,774.0
2004-07-01,2004.0,Jul,7,Denmark,6395.0
2004-07-01,2004.0,Jul,7,Finland,1195.0
2004-07-01,2004.0,Jul,7,France,5492.0
2004-07-01,2004.0,Jul,7,Germany,10691.0
2004-07-01,2004.0,Jul,7,Italy,2292.0
2004-07-01,2004.0,Jul,7,Japan,1224.0
2004-07-01,2004.0,Jul,7,Netherlands,2185.0
2004-07-01,2004.0,Jul,7,Norway,2939.0
2004-07-01,2004.0,Jul,7,Other,7979.0
2004-07-01,2004.0,Jul,7,Spain,1287.0
2004-07-01,2004.0,Jul,7,Sweden,3798.0
2004-07-01,2004.0,Jul,7,Switzerland,3161.0
2004-07-01,2004.0,Jul,7,UK,7541.0
2004-07-01,2004.0,Jul,7,USA,7322.0
2004-08-01,2004.0,Aug,8,Canada,515.0
2004-08-01,2004.0,Aug,8,Denmark,4068.0
2004-08-01,2004.0,Aug,8,Finland,918.0
2004-08-01,2004.0,Aug,8,France,6429.0
2004-08-01,2004.0,Aug,8,Germany,10861.0
2004-08-01,2004.0,Aug,8,Italy,4001.0
2004-08-01,2004.0,Aug,8,Japan,1405.0
2004-08-01,2004.0,Aug,8,Netherlands,2235.0
2004-08-01,2004.0,Aug,8,Norway,2658.0
2004-08-01,2004.0,Aug,8,Other,7467.0
2004-08-01,2004.0,Aug,8,Spain,2395.0
2004-08-01,2004.0,Aug,8,Sweden,3091.0
2004-08-01,2004.0,Aug,8,Switzerland,1965.0
2004-08-01,2004.0,Aug,8,UK,8804.0
2004-08-01,2004.0,Aug,8,USA,7722.0
2004-09-01,2004.0,Sep,9,Canada,341.0
2004-09-01,2004.0,Sep,9,Denmark,3612.0
2004-09-01,2004.0,Sep,9,Finland,813.0
2004-09-01,2004.0,Sep,9,France,1403.0
2004-09-01,2004.0,Sep,9,Germany,3420.0
2004-09-01,2004.0,Sep,9,Italy,525.0
2004-09-01,2004.0,Sep,9,Japan,665.0
2004-09-01,2004.0,Sep,9,Netherlands,1085.0
2004-09-01,2004.0,Sep,9,Norway,2549.0
2004-09-01,2004.0,Sep,9,Other,3960.0
2004-09-01,2004.0,Sep,9,Spain,537.0
2004-09-01,2004.0,Sep,9,Sweden,2693.0
2004-09-01,2004.0,Sep,9,Switzerland,298.0
2004-09-01,2004.0,Sep,9,UK,4469.0
2004-09-01,2004.0,Sep,9,USA,4530.0
2004-10-01,2004.0,Oct,10,Canada,183.0
2004-10-01,2004.0,Oct,10,Denmark,2799.0
2004-10-01,2004.0,Oct,10,Finland,550.0
2004-10-01,2004.0,Oct,10,France,749.0
2004-10-01,2004.0,Oct,10,Germany,1132.0
2004-10-01,2004.0,Oct,10,Italy,209.0
2004-10-01,2004.0,Oct,10,Japan,237.0
2004-10-01,2004.0,Oct,10,Netherlands,530.0
2004-10-01,2004.0,Oct,10,Norway,2981.0
2004-10-01,2004.0,Oct,10,Other,3082.0
2004-10-01,2004.0,Oct,10,Spain,141.0
2004-10-01,2004.0,Oct,10,Sweden,2636.0
2004-10-01,2004.0,Oct,10,Switzerland,148.0
2004-10-01,2004.0,Oct,10,UK,6356.0
2004-10-01,2004.0,Oct,10,USA,3605.0
2004-11-01,2004.0,Nov,11,Canada,305.0
2004-11-01,2004.0,Nov,11,Denmark,1582.0
2004-11-01,2004.0,Nov,11,Finland,383.0
2004-11-01,2004.0,Nov,11,France,575.0
2004-11-01,2004.0,Nov,11,Germany,890.0
2004-11-01,2004.0,Nov,11,Italy,165.0
2004-11-01,2004.0,Nov,11,Japan,227.0
2004-11-01,2004.0,Nov,11,Netherlands,377.0
2004-11-01,2004.0,Nov,11,Norway,1372.0
2004-11-01,2004.0,Nov,11,Other,2207.0
2004-11-01,2004.0,Nov,11,Spain,66.0
2004-11-01,2004.0,Nov,11,Sweden,1720.0
2004-11-01,2004.0,Nov,11,Switzerland,59.0
2004-11-01,2004.0,Nov,11,UK,3507.0
2004-11-01,2004.0,Nov,11,USA,2525.0
2004-12-01,2004.0,Dec,12,Canada,222.0
2004-12-01,2004.0,Dec,12,Denmark,1208.0
2004-12-01,2004.0,Dec,12,Finland,214.0
2004-12-01,2004.0,Dec,12,France,544.0
2004-12-01,2004.0,Dec,12,Germany,707.0
2004-12-01,2004.0,Dec,12,Italy,258.0
2004-12-01,2004.0,Dec,12,Japan,480.0
2004-12-01,2004.0,Dec,12,Netherlands,271.0
2004-12-01,2004.0,Dec,12,Norway,745.0
2004-12-01,2004.0,Dec,12,Other,2203.0
2004-12-01,2004.0,Dec,12,Spain,85.0
2004-12-01,2004.0,Dec,12,Sweden,696.0
2004-12-01,2004.0,Dec,12,Switzerland,91.0
2004-12-01,2004.0,Dec,12,UK,2185.0
2004-12-01,2004.0,Dec,12,USA,1828.0
2005-01-01,2005.0,Jan,1,Canada,130.0
2005-01-01,2005.0,Jan,1,Denmark,1255.0
2005-01-01,2005.0,Jan,1,Finland,153.0
2005-01-01,2005.0,Jan,1,France,577.0
2005-01-01,2005.0,Jan,1,Germany,986.0
2005-01-01,2005.0,Jan,1,Italy,229.0
2005-01-01,2005.0,Jan,1,Japan,592.0
2005-01-01,2005.0,Jan,1,Netherlands,376.0
2005-01-01,2005.0,Jan,1,Norway,1139.0
2005-01-01,2005.0,Jan,1,Other,1506.0
2005-01-01,2005.0,Jan,1,Spain,106.0
2005-01-01,2005.0,Jan,1,Sweden,1090.0
2005-01-01,2005.0,Jan,1,Switzerland,318.0
2005-01-01,2005.0,Jan,1,UK,3112.0
2005-01-01,2005.0,Jan,1,USA,2445.0
2005-02-01,2005.0,Feb,2,Canada,128.0
2005-02-01,2005.0,Feb,2,Denmark,1379.0
2005-02-01,2005.0,Feb,2,Finland,233.0
2005-02-01,2005.0,Feb,2,France,672.0
2005-02-01,2005.0,Feb,2,Germany,777.0
2005-02-01,2005.0,Feb,2,Italy,150.0
2005-02-01,2005.0,Feb,2,Japan,466.0
2005-02-01,2005.0,Feb,2,Netherlands,500.0
2005-02-01,2005.0,Feb,2,Norway,1630.0
2005-02-01,2005.0,Feb,2,Other,1564.0
2005-02-01,2005.0,Feb,2,Spain,96.0
2005-02-01,2005.0,Feb,2,Sweden,928.0
2005-02-01,2005.0,Feb,2,Switzerland,100.0
2005-02-01,2005.0,Feb,2,UK,4292.0
2005-02-01,2005.0,Feb,2,USA,2246.0
2005-03-01,2005.0,Mar,3,Canada,166.0
2005-03-01,2005.0,Mar,3,Denmark,2145.0
2005-03-01,2005.0,Mar,3,Finland,326.0
2005-03-01,2005.0,Mar,3,France,807.0
2005-03-01,2005.0,Mar,3,Germany,1268.0
2005-03-01,2005.0,Mar,3,Italy,218.0
2005-03-01,2005.0,Mar,3,Japan,456.0
2005-03-01,2005.0,Mar,3,Netherlands,674.0
2005-03-01,2005.0,Mar,3,Norway,1561.0
2005-03-01,2005.0,Mar,3,Other,2345.0
2005-03-01,2005.0,Mar,3,Spain,188.0
2005-03-01,2005.0,Mar,3,Sweden,1478.0
2005-03-01,2005.0,Mar,3,Switzerland,76.0
2005-03-01,2005.0,Mar,3,UK,4033.0
2005-03-01,2005.0,Mar,3,USA,3082.0
2005-04-01,2005.0,Apr,4,Canada,152.0
2005-04-01,2005.0,Apr,4,Denmark,2401.0
2005-04-01,2005.0,Apr,4,Finland,536.0
2005-04-01,2005.0,Apr,4,France,961.0
2005-04-01,2005.0,Apr,4,Germany,1171.0
2005-04-01,2005.0,Apr,4,Italy,187.0
2005-04-01,2005.0,Apr,4,Japan,130.0
2005-04-01,2005.0,Apr,4,Netherlands,470.0
2005-04-01,2005.0,Apr,4,Norway,2096.0
2005-04-01,2005.0,Apr,4,Other,2260.0
2005-04-01,2005.0,Apr,4,Spain,122.0
2005-04-01,2005.0,Apr,4,Sweden,2385.0
2005-04-01,2005.0,Apr,4,Switzerland,145.0
2005-04-01,2005.0,Apr,4,UK,5745.0
2005-04-01,2005.0,Apr,4,USA,2945.0
2005-05-01,2005.0,May,5,Canada,272.0
2005-05-01,2005.0,May,5,Denmark,3164.0
2005-05-01,2005.0,May,5,Finland,811.0
2005-05-01,2005.0,May,5,France,1217.0
2005-05-01,2005.0,May,5,Germany,2504.0
2005-05-01,2005.0,May,5,Italy,291.0
2005-05-01,2005.0,May,5,Japan,238.0
2005-05-01,2005.0,May,5,Netherlands,822.0
2005-05-01,2005.0,May,5,Norway,2260.0
2005-05-01,2005.0,May,5,Other,3850.0
2005-05-01,2005.0,May,5,Spain,288.0
2005-05-01,2005.0,May,5,Sweden,2799.0
2005-05-01,2005.0,May,5,Switzerland,276.0
2005-05-01,2005.0,May,5,UK,4001.0
2005-05-01,2005.0,May,5,USA,4642.0
2005-06-01,2005.0,Jun,6,Canada,398.0
2005-06-01,2005.0,Jun,6,Denmark,3377.0
2005-06-01,2005.0,Jun,6,Finland,1038.0
2005-06-01,2005.0,Jun,6,France,2358.0
2005-06-01,2005.0,Jun,6,Germany,4714.0
2005-06-01,2005.0,Jun,6,Italy,867.0
2005-06-01,2005.0,Jun,6,Japan,482.0
2005-06-01,2005.0,Jun,6,Netherlands,1201.0
2005-06-01,2005.0,Jun,6,Norway,2455.0
2005-06-01,2005.0,Jun,6,Other,6284.0
2005-06-01,2005.0,Jun,6,Spain,438.0
2005-06-01,2005.0,Jun,6,Sweden,2806.0
2005-06-01,2005.0,Jun,6,Switzerland,498.0
2005-06-01,2005.0,Jun,6,UK,5875.0
2005-06-01,2005.0,Jun,6,USA,8165.0
2005-07-01,2005.0,Jul,7,Canada,516.0
2005-07-01,2005.0,Jul,7,Denmark,7128.0
2005-07-01,2005.0,Jul,7,Finland,1556.0
2005-07-01,2005.0,Jul,7,France,5272.0
2005-07-01,2005.0,Jul,7,Germany,8623.0
2005-07-01,2005.0,Jul,7,Italy,1915.0
2005-07-01,2005.0,Jul,7,Japan,621.0
2005-07-01,2005.0,Jul,7,Netherlands,2083.0
2005-07-01,2005.0,Jul,7,Norway,2986.0
2005-07-01,2005.0,Jul,7,Other,9998.0
2005-07-01,2005.0,Jul,7,Spain,1563.0
2005-07-01,2005.0,Jul,7,Sweden,3586.0
2005-07-01,2005.0,Jul,7,Switzerland,2561.0
2005-07-01,2005.0,Jul,7,UK,8044.0
2005-07-01,2005.0,Jul,7,USA,8740.0
2005-08-01,2005.0,Aug,8,Canada,744.0
2005-08-01,2005.0,Aug,8,Denmark,4905.0
2005-08-01,2005.0,Aug,8,Finland,1256.0
2005-08-01,2005.0,Aug,8,France,5672.0
2005-08-01,2005.0,Aug,8,Germany,9927.0
2005-08-01,2005.0,Aug,8,Italy,3908.0
2005-08-01,2005.0,Aug,8,Japan,703.0
2005-08-01,2005.0,Aug,8,Netherlands,2374.0
2005-08-01,2005.0,Aug,8,Norway,3074.0
2005-08-01,2005.0,Aug,8,Other,8569.0
2005-08-01,2005.0,Aug,8,Spain,2601.0
2005-08-01,2005.0,Aug,8,Sweden,3799.0
2005-08-01,2005.0,Aug,8,Switzerland,1870.0
2005-08-01,2005.0,Aug,8,UK,7985.0
2005-08-01,2005.0,Aug,8,USA,8108.0
2005-09-01,2005.0,Sep,9,Canada,368.0
2005-09-01,2005.0,Sep,9,Denmark,3712.0
2005-09-01,2005.0,Sep,9,Finland,848.0
2005-09-01,2005.0,Sep,9,France,1282.0
2005-09-01,2005.0,Sep,9,Germany,4347.0
2005-09-01,2005.0,Sep,9,Italy,621.0
2005-09-01,2005.0,Sep,9,Japan,732.0
2005-09-01,2005.0,Sep,9,Netherlands,1159.0
2005-09-01,2005.0,Sep,9,Norway,2826.0
2005-09-01,2005.0,Sep,9,Other,5207.0
2005-09-01,2005.0,Sep,9,Spain,556.0
2005-09-01,2005.0,Sep,9,Sweden,2502.0
2005-09-01,2005.0,Sep,9,Switzerland,406.0
2005-09-01,2005.0,Sep,9,UK,4386.0
2005-09-01,2005.0,Sep,9,USA,5667.0
2005-10-01,2005.0,Oct,10,Canada,195.0
2005-10-01,2005.0,Oct,10,Denmark,2767.0
2005-10-01,2005.0,Oct,10,Finland,1203.0
2005-10-01,2005.0,Oct,10,France,663.0
2005-10-01,2005.0,Oct,10,Germany,1206.0
2005-10-01,2005.0,Oct,10,Italy,227.0
2005-10-01,2005.0,Oct,10,Japan,912.0
2005-10-01,2005.0,Oct,10,Netherlands,785.0
2005-10-01,2005.0,Oct,10,Norway,2312.0
2005-10-01,2005.0,Oct,10,Other,4345.0
2005-10-01,2005.0,Oct,10,Spain,248.0
2005-10-01,2005.0,Oct,10,Sweden,2531.0
2005-10-01,2005.0,Oct,10,Switzerland,191.0
2005-10-01,2005.0,Oct,10,UK,5662.0
2005-10-01,2005.0,Oct,10,USA,3792.0
2005-11-01,2005.0,Nov,11,Canada,239.0
2005-11-01,2005.0,Nov,11,Denmark,1492.0
2005-11-01,2005.0,Nov,11,Finland,221.0
2005-11-01,2005.0,Nov,11,France,467.0
2005-11-01,2005.0,Nov,11,Germany,894.0
2005-11-01,2005.0,Nov,11,Italy,185.0
2005-11-01,2005.0,Nov,11,Japan,280.0
2005-11-01,2005.0,Nov,11,Netherlands,400.0
2005-11-01,2005.0,Nov,11,Norway,1351.0
2005-11-01,2005.0,Nov,11,Other,2600.0
2005-11-01,2005.0,Nov,11,Spain,118.0
2005-11-01,2005.0,Nov,11,Sweden,1803.0
2005-11-01,2005.0,Nov,11,Switzerland,69.0
2005-11-01,2005.0,Nov,11,UK,3055.0
2005-11-01,2005.0,Nov,11,USA,2636.0
2005-12-01,2005.0,Dec,12,Canada,138.0
2005-12-01,2005.0,Dec,12,Denmark,1227.0
2005-12-01,2005.0,Dec,12,Finland,192.0
2005-12-01,2005.0,Dec,12,France,568.0
2005-12-01,2005.0,Dec,12,Germany,970.0
2005-12-01,2005.0,Dec,12,Italy,174.0
2005-12-01,2005.0,Dec,12,Japan,507.0
2005-12-01,2005.0,Dec,12,Netherlands,314.0
2005-12-01,2005.0,Dec,12,Norway,851.0
2005-12-01,2005.0,Dec,12,Other,4366.0
2005-12-01,2005.0,Dec,12,Spain,112.0
2005-12-01,2005.0,Dec,12,Sweden,895.0
2005-12-01,2005.0,Dec,12,Switzerland,90.0
2005-12-01,2005.0,Dec,12,UK,2370.0
2005-12-01,2005.0,Dec,12,USA,2163.0
2006-01-01,2006.0,Jan,1,Canada,130.0
2006-01-01,2006.0,Jan,1,Denmark,1374.0
2006-01-01,2006.0,Jan,1,Finland,221.0
2006-01-01,2006.0,Jan,1,France,650.0
2006-01-01,2006.0,Jan,1,Germany,1207.0
2006-01-01,2006.0,Jan,1,Italy,160.0
2006-01-01,2006.0,Jan,1,Japan,794.0
2006-01-01,2006.0,Jan,1,Netherlands,392.0
2006-01-01,2006.0,Jan,1,Norway,967.0
2006-01-01,2006.0,Jan,1,Other,2011.0
2006-01-01,2006.0,Jan,1,Spain,188.0
2006-01-01,2006.0,Jan,1,Sweden,837.0
2006-01-01,2006.0,Jan,1,Switzerland,118.0
2006-01-01,2006.0,Jan,1,UK,3437.0
2006-01-01,2006.0,Jan,1,USA,2891.0
2006-02-01,2006.0,Feb,2,Canada,128.0
2006-02-01,2006.0,Feb,2,Denmark,1460.0
2006-02-01,2006.0,Feb,2,Finland,250.0
2006-02-01,2006.0,Feb,2,France,786.0
2006-02-01,2006.0,Feb,2,Germany,796.0
2006-02-01,2006.0,Feb,2,Italy,141.0
2006-02-01,2006.0,Feb,2,Japan,449.0
2006-02-01,2006.0,Feb,2,Netherlands,544.0
2006-02-01,2006.0,Feb,2,Norway,1426.0
2006-02-01,2006.0,Feb,2,Other,1778.0
2006-02-01,2006.0,Feb,2,Spain,95.0
2006-02-01,2006.0,Feb,2,Sweden,873.0
2006-02-01,2006.0,Feb,2,Switzerland,82.0
2006-02-01,2006.0,Feb,2,UK,3680.0
2006-02-01,2006.0,Feb,2,USA,2411.0
2006-03-01,2006.0,Mar,3,Canada,199.0
2006-03-01,2006.0,Mar,3,Denmark,1981.0
2006-03-01,2006.0,Mar,3,Finland,309.0
2006-03-01,2006.0,Mar,3,France,883.0
2006-03-01,2006.0,Mar,3,Germany,1137.0
2006-03-01,2006.0,Mar,3,Italy,175.0
2006-03-01,2006.0,Mar,3,Japan,423.0
2006-03-01,2006.0,Mar,3,Netherlands,636.0
2006-03-01,2006.0,Mar,3,Norway,1936.0
2006-03-01,2006.0,Mar,3,Other,2016.0
2006-03-01,2006.0,Mar,3,Spain,91.0
2006-03-01,2006.0,Mar,3,Sweden,1143.0
2006-03-01,2006.0,Mar,3,Switzerland,103.0
2006-03-01,2006.0,Mar,3,UK,3471.0
2006-03-01,2006.0,Mar,3,USA,3379.0
2006-04-01,2006.0,Apr,4,Canada,214.0
2006-04-01,2006.0,Apr,4,Denmark,2927.0
2006-04-01,2006.0,Apr,4,Finland,535.0
2006-04-01,2006.0,Apr,4,France,992.0
2006-04-01,2006.0,Apr,4,Germany,1410.0
2006-04-01,2006.0,Apr,4,Italy,248.0
2006-04-01,2006.0,Apr,4,Japan,291.0
2006-04-01,2006.0,Apr,4,Netherlands,608.0
2006-04-01,2006.0,Apr,4,Norway,1929.0
2006-04-01,2006.0,Apr,4,Other,4035.0
2006-04-01,2006.0,Apr,4,Spain,201.0
2006-04-01,2006.0,Apr,4,Sweden,1884.0
2006-04-01,2006.0,Apr,4,Switzerland,165.0
2006-04-01,2006.0,Apr,4,UK,6283.0
2006-04-01,2006.0,Apr,4,USA,3586.0
2006-05-01,2006.0,May,5,Canada,323.0
2006-05-01,2006.0,May,5,Denmark,3397.0
2006-05-01,2006.0,May,5,Finland,960.0
2006-05-01,2006.0,May,5,France,1152.0
2006-05-01,2006.0,May,5,Germany,1941.0
2006-05-01,2006.0,May,5,Italy,459.0
2006-05-01,2006.0,May,5,Japan,249.0
2006-05-01,2006.0,May,5,Netherlands,863.0
2006-05-01,2006.0,May,5,Norway,2973.0
2006-05-01,2006.0,May,5,Other,5001.0
2006-05-01,2006.0,May,5,Spain,231.0
2006-05-01,2006.0,May,5,Sweden,3128.0
2006-05-01,2006.0,May,5,Switzerland,212.0
2006-05-01,2006.0,May,5,UK,4948.0
2006-05-01,2006.0,May,5,USA,5238.0
2006-06-01,2006.0,Jun,6,Canada,442.0
2006-06-01,2006.0,Jun,6,Denmark,3309.0
2006-06-01,2006.0,Jun,6,Finland,1132.0
2006-06-01,2006.0,Jun,6,France,2420.0
2006-06-01,2006.0,Jun,6,Germany,5030.0
2006-06-01,2006.0,Jun,6,Italy,916.0
2006-06-01,2006.0,Jun,6,Japan,507.0
2006-06-01,2006.0,Jun,6,Netherlands,1211.0
2006-06-01,2006.0,Jun,6,Norway,2880.0
2006-06-01,2006.0,Jun,6,Other,8172.0
2006-06-01,2006.0,Jun,6,Spain,557.0
2006-06-01,2006.0,Jun,6,Sweden,3093.0
2006-06-01,2006.0,Jun,6,Switzerland,731.0
2006-06-01,2006.0,Jun,6,UK,6613.0
2006-06-01,2006.0,Jun,6,USA,7578.0
2006-07-01,2006.0,Jul,7,Canada,643.0
2006-07-01,2006.0,Jul,7,Denmark,6993.0
2006-07-01,2006.0,Jul,7,Finland,1423.0
2006-07-01,2006.0,Jul,7,France,5186.0
2006-07-01,2006.0,Jul,7,Germany,8952.0
2006-07-01,2006.0,Jul,7,Italy,1824.0
2006-07-01,2006.0,Jul,7,Japan,542.0
2006-07-01,2006.0,Jul,7,Netherlands,1996.0
2006-07-01,2006.0,Jul,7,Norway,3197.0
2006-07-01,2006.0,Jul,7,Other,11708.0
2006-07-01,2006.0,Jul,7,Spain,1824.0
2006-07-01,2006.0,Jul,7,Sweden,3901.0
2006-07-01,2006.0,Jul,7,Switzerland,1963.0
2006-07-01,2006.0,Jul,7,UK,8047.0
2006-07-01,2006.0,Jul,7,USA,8673.0
2006-08-01,2006.0,Aug,8,Canada,785.0
2006-08-01,2006.0,Aug,8,Denmark,5034.0
2006-08-01,2006.0,Aug,8,Finland,1181.0
2006-08-01,2006.0,Aug,8,France,5907.0
2006-08-01,2006.0,Aug,8,Germany,10368.0
2006-08-01,2006.0,Aug,8,Italy,3558.0
2006-08-01,2006.0,Aug,8,Japan,714.0
2006-08-01,2006.0,Aug,8,Netherlands,2158.0
2006-08-01,2006.0,Aug,8,Norway,3311.0
2006-08-01,2006.0,Aug,8,Other,10225.0
2006-08-01,2006.0,Aug,8,Spain,3445.0
2006-08-01,2006.0,Aug,8,Sweden,3658.0
2006-08-01,2006.0,Aug,8,Switzerland,1848.0
2006-08-01,2006.0,Aug,8,UK,8728.0
2006-08-01,2006.0,Aug,8,USA,8667.0
2006-09-01,2006.0,Sep,9,Canada,470.0
2006-09-01,2006.0,Sep,9,Denmark,4555.0
2006-09-01,2006.0,Sep,9,Finland,1117.0
2006-09-01,2006.0,Sep,9,France,1384.0
2006-09-01,2006.0,Sep,9,Germany,4094.0
2006-09-01,2006.0,Sep,9,Italy,680.0
2006-09-01,2006.0,Sep,9,Japan,877.0
2006-09-01,2006.0,Sep,9,Netherlands,1225.0
2006-09-01,2006.0,Sep,9,Norway,3434.0
2006-09-01,2006.0,Sep,9,Other,6753.0
2006-09-01,2006.0,Sep,9,Spain,716.0
2006-09-01,2006.0,Sep,9,Sweden,2867.0
2006-09-01,2006.0,Sep,9,Switzerland,349.0
2006-09-01,2006.0,Sep,9,UK,5729.0
2006-09-01,2006.0,Sep,9,USA,5378.0
2006-10-01,2006.0,Oct,10,Canada,470.0
2006-10-01,2006.0,Oct,10,Denmark,3426.0
2006-10-01,2006.0,Oct,10,Finland,923.0
2006-10-01,2006.0,Oct,10,France,613.0
2006-10-01,2006.0,Oct,10,Germany,1635.0
2006-10-01,2006.0,Oct,10,Italy,266.0
2006-10-01,2006.0,Oct,10,Japan,829.0
2006-10-01,2006.0,Oct,10,Netherlands,996.0
2006-10-01,2006.0,Oct,10,Norway,3123.0
2006-10-01,2006.0,Oct,10,Other,5268.0
2006-10-01,2006.0,Oct,10,Spain,275.0
2006-10-01,2006.0,Oct,10,Sweden,2984.0
2006-10-01,2006.0,Oct,10,Switzerland,170.0
2006-10-01,2006.0,Oct,10,UK,7509.0
2006-10-01,2006.0,Oct,10,USA,3590.0
2006-11-01,2006.0,Nov,11,Canada,408.0
2006-11-01,2006.0,Nov,11,Denmark,2245.0
2006-11-01,2006.0,Nov,11,Finland,293.0
2006-11-01,2006.0,Nov,11,France,519.0
2006-11-01,2006.0,Nov,11,Germany,880.0
2006-11-01,2006.0,Nov,11,Italy,214.0
2006-11-01,2006.0,Nov,11,Japan,328.0
2006-11-01,2006.0,Nov,11,Netherlands,534.0
2006-11-01,2006.0,Nov,11,Norway,2056.0
2006-11-01,2006.0,Nov,11,Other,4057.0
2006-11-01,2006.0,Nov,11,Spain,193.0
2006-11-01,2006.0,Nov,11,Sweden,1801.0
2006-11-01,2006.0,Nov,11,Switzerland,135.0
2006-11-01,2006.0,Nov,11,UK,5100.0
2006-11-01,2006.0,Nov,11,USA,2797.0
2006-12-01,2006.0,Dec,12,Canada,212.0
2006-12-01,2006.0,Dec,12,Denmark,1504.0
2006-12-01,2006.0,Dec,12,Finland,191.0
2006-12-01,2006.0,Dec,12,France,581.0
2006-12-01,2006.0,Dec,12,Germany,1039.0
2006-12-01,2006.0,Dec,12,Italy,199.0
2006-12-01,2006.0,Dec,12,Japan,458.0
2006-12-01,2006.0,Dec,12,Netherlands,351.0
2006-12-01,2006.0,Dec,12,Norway,1308.0
2006-12-01,2006.0,Dec,12,Other,7137.0
2006-12-01,2006.0,Dec,12,Spain,183.0
2006-12-01,2006.0,Dec,12,Sweden,1196.0
2006-12-01,2006.0,Dec,12,Switzerland,89.0
2006-12-01,2006.0,Dec,12,UK,3985.0
2006-12-01,2006.0,Dec,12,USA,1612.0
2007-01-01,2007.0,Jan,1,Canada,184.0
2007-01-01,2007.0,Jan,1,Denmark,2001.0
2007-01-01,2007.0,Jan,1,Finland,332.0
2007-01-01,2007.0,Jan,1,France,546.0
2007-01-01,2007.0,Jan,1,Germany,1058.0
2007-01-01,2007.0,Jan,1,Italy,264.0
2007-01-01,2007.0,Jan,1,Japan,714.0
2007-01-01,2007.0,Jan,1,Netherlands,441.0
2007-01-01,2007.0,Jan,1,Norway,1414.0
2007-01-01,2007.0,Jan,1,Other,3569.0
2007-01-01,2007.0,Jan,1,Spain,191.0
2007-01-01,2007.0,Jan,1,Sweden,1465.0
2007-01-01,2007.0,Jan,1,Switzerland,276.0
2007-01-01,2007.0,Jan,1,UK,4287.0
2007-01-01,2007.0,Jan,1,USA,2068.0
2007-02-01,2007.0,Feb,2,Canada,114.0
2007-02-01,2007.0,Feb,2,Denmark,1731.0
2007-02-01,2007.0,Feb,2,Finland,305.0
2007-02-01,2007.0,Feb,2,France,686.0
2007-02-01,2007.0,Feb,2,Germany,886.0
2007-02-01,2007.0,Feb,2,Italy,144.0
2007-02-01,2007.0,Feb,2,Japan,528.0
2007-02-01,2007.0,Feb,2,Netherlands,454.0
2007-02-01,2007.0,Feb,2,Norway,1629.0
2007-02-01,2007.0,Feb,2,Other,2775.0
2007-02-01,2007.0,Feb,2,Spain,86.0
2007-02-01,2007.0,Feb,2,Sweden,1189.0
2007-02-01,2007.0,Feb,2,Switzerland,91.0
2007-02-01,2007.0,Feb,2,UK,5344.0
2007-02-01,2007.0,Feb,2,USA,1685.0
2007-03-01,2007.0,Mar,3,Canada,189.0
2007-03-01,2007.0,Mar,3,China,116.0
2007-03-01,2007.0,Mar,3,Denmark,2841.0
2007-03-01,2007.0,Mar,3,Finland,286.0
2007-03-01,2007.0,Mar,3,France,919.0
2007-03-01,2007.0,Mar,3,Germany,1314.0
2007-03-01,2007.0,Mar,3,Italy,488.0
2007-03-01,2007.0,Mar,3,Japan,475.0
2007-03-01,2007.0,Mar,3,Netherlands,720.0
2007-03-01,2007.0,Mar,3,Norway,2504.0
2007-03-01,2007.0,Mar,3,Other,3064.0
2007-03-01,2007.0,Mar,3,Poland,624.0
2007-03-01,2007.0,Mar,3,Spain,199.0
2007-03-01,2007.0,Mar,3,Sweden,1838.0
2007-03-01,2007.0,Mar,3,Switzerland,120.0
2007-03-01,2007.0,Mar,3,UK,5486.0
2007-03-01,2007.0,Mar,3,USA,2517.0
2007-04-01,2007.0,Apr,4,Canada,205.0
2007-04-01,2007.0,Apr,4,China,245.0
2007-04-01,2007.0,Apr,4,Denmark,2832.0
2007-04-01,2007.0,Apr,4,Finland,534.0
2007-04-01,2007.0,Apr,4,France,1248.0
2007-04-01,2007.0,Apr,4,Germany,1390.0
2007-04-01,2007.0,Apr,4,Italy,238.0
2007-04-01,2007.0,Apr,4,Japan,308.0
2007-04-01,2007.0,Apr,4,Netherlands,654.0
2007-04-01,2007.0,Apr,4,Norway,2432.0
2007-04-01,2007.0,Apr,4,Other,3245.0
2007-04-01,2007.0,Apr,4,Poland,1619.0
2007-04-01,2007.0,Apr,4,Spain,237.0
2007-04-01,2007.0,Apr,4,Sweden,1867.0
2007-04-01,2007.0,Apr,4,Switzerland,129.0
2007-04-01,2007.0,Apr,4,UK,7547.0
2007-04-01,2007.0,Apr,4,USA,2934.0
2007-05-01,2007.0,May,5,Canada,500.0
2007-05-01,2007.0,May,5,China,381.0
2007-05-01,2007.0,May,5,Denmark,3016.0
2007-05-01,2007.0,May,5,Finland,1077.0
2007-05-01,2007.0,May,5,France,1471.0
2007-05-01,2007.0,May,5,Germany,2365.0
2007-05-01,2007.0,May,5,Italy,429.0
2007-05-01,2007.0,May,5,Japan,315.0
2007-05-01,2007.0,May,5,Netherlands,1256.0
2007-05-01,2007.0,May,5,Norway,3439.0
2007-05-01,2007.0,May,5,Other,5386.0
2007-05-01,2007.0,May,5,Poland,1197.0
2007-05-01,2007.0,May,5,Spain,515.0
2007-05-01,2007.0,May,5,Sweden,2911.0
2007-05-01,2007.0,May,5,Switzerland,247.0
2007-05-01,2007.0,May,5,UK,4997.0
2007-05-01,2007.0,May,5,USA,4754.0
2007-06-01,2007.0,Jun,6,Canada,993.0
2007-06-01,2007.0,Jun,6,China,1779.0
2007-06-01,2007.0,Jun,6,Denmark,4632.0
2007-06-01,2007.0,Jun,6,Finland,1498.0
2007-06-01,2007.0,Jun,6,France,2189.0
2007-06-01,2007.0,Jun,6,Germany,5347.0
2007-06-01,2007.0,Jun,6,Italy,1111.0
2007-06-01,2007.0,Jun,6,Japan,463.0
2007-06-01,2007.0,Jun,6,Netherlands,1727.0
2007-06-01,2007.0,Jun,6,Norway,4378.0
2007-06-01,2007.0,Jun,6,Other,8567.0
2007-06-01,2007.0,Jun,6,Poland,2080.0
2007-06-01,2007.0,Jun,6,Spain,684.0
2007-06-01,2007.0,Jun,6,Sweden,4056.0
2007-06-01,2007.0,Jun,6,Switzerland,841.0
2007-06-01,2007.0,Jun,6,UK,6594.0
2007-06-01,2007.0,Jun,6,USA,8788.0
2007-07-01,2007.0,Jul,7,Canada,1173.0
2007-07-01,2007.0,Jul,7,China,1873.0
2007-07-01,2007.0,Jul,7,Denmark,7583.0
2007-07-01,2007.0,Jul,7,Finland,1700.0
2007-07-01,2007.0,Jul,7,France,5917.0
2007-07-01,2007.0,Jul,7,Germany,10438.0
2007-07-01,2007.0,Jul,7,Italy,2079.0
2007-07-01,2007.0,Jul,7,Japan,707.0
2007-07-01,2007.0,Jul,7,Netherlands,3103.0
2007-07-01,2007.0,Jul,7,Norway,4817.0
2007-07-01,2007.0,Jul,7,Other,11743.0
2007-07-01,2007.0,Jul,7,Poland,2907.0
2007-07-01,2007.0,Jul,7,Spain,1986.0
2007-07-01,2007.0,Jul,7,Sweden,5129.0
2007-07-01,2007.0,Jul,7,Switzerland,2283.0
2007-07-01,2007.0,Jul,7,UK,8775.0
2007-07-01,2007.0,Jul,7,USA,8548.0
2007-08-01,2007.0,Aug,8,Canada,1358.0
2007-08-01,2007.0,Aug,8,China,1732.0
2007-08-01,2007.0,Aug,8,Denmark,5432.0
2007-08-01,2007.0,Aug,8,Finland,1287.0
2007-08-01,2007.0,Aug,8,France,6487.0
2007-08-01,2007.0,Aug,8,Germany,11140.0
2007-08-01,2007.0,Aug,8,Italy,4339.0
2007-08-01,2007.0,Aug,8,Japan,758.0
2007-08-01,2007.0,Aug,8,Netherlands,2929.0
2007-08-01,2007.0,Aug,8,Norway,4279.0
2007-08-01,2007.0,Aug,8,Other,11446.0
2007-08-01,2007.0,Aug,8,Poland,2105.0
2007-08-01,2007.0,Aug,8,Spain,3887.0
2007-08-01,2007.0,Aug,8,Sweden,4968.0
2007-08-01,2007.0,Aug,8,Switzerland,2029.0
2007-08-01,2007.0,Aug,8,UK,8813.0
2007-08-01,2007.0,Aug,8,USA,8282.0
2007-09-01,2007.0,Sep,9,Canada,614.0
2007-09-01,2007.0,Sep,9,China,1321.0
2007-09-01,2007.0,Sep,9,Denmark,3926.0
2007-09-01,2007.0,Sep,9,Finland,1085.0
2007-09-01,2007.0,Sep,9,France,1173.0
2007-09-01,2007.0,Sep,9,Germany,3191.0
2007-09-01,2007.0,Sep,9,Italy,743.0
2007-09-01,2007.0,Sep,9,Japan,467.0
2007-09-01,2007.0,Sep,9,Netherlands,1443.0
2007-09-01,2007.0,Sep,9,Norway,3291.0
2007-09-01,2007.0,Sep,9,Other,4915.0
2007-09-01,2007.0,Sep,9,Poland,1300.0
2007-09-01,2007.0,Sep,9,Spain,1133.0
2007-09-01,2007.0,Sep,9,Sweden,3367.0
2007-09-01,2007.0,Sep,9,Switzerland,498.0
2007-09-01,2007.0,Sep,9,UK,5602.0
2007-09-01,2007.0,Sep,9,USA,4996.0
2007-10-01,2007.0,Oct,10,Canada,351.0
2007-10-01,2007.0,Oct,10,China,1150.0
2007-10-01,2007.0,Oct,10,Denmark,3739.0
2007-10-01,2007.0,Oct,10,Finland,1028.0
2007-10-01,2007.0,Oct,10,France,776.0
2007-10-01,2007.0,Oct,10,Germany,1382.0
2007-10-01,2007.0,Oct,10,Italy,276.0
2007-10-01,2007.0,Oct,10,Japan,371.0
2007-10-01,2007.0,Oct,10,Netherlands,822.0
2007-10-01,2007.0,Oct,10,Norway,3113.0
2007-10-01,2007.0,Oct,10,Other,5490.0
2007-10-01,2007.0,Oct,10,Poland,1121.0
2007-10-01,2007.0,Oct,10,Spain,220.0
2007-10-01,2007.0,Oct,10,Sweden,3397.0
2007-10-01,2007.0,Oct,10,Switzerland,198.0
2007-10-01,2007.0,Oct,10,UK,7309.0
2007-10-01,2007.0,Oct,10,USA,3432.0
2007-11-01,2007.0,Nov,11,Canada,321.0
2007-11-01,2007.0,Nov,11,China,522.0
2007-11-01,2007.0,Nov,11,Denmark,2132.0
2007-11-01,2007.0,Nov,11,Finland,456.0
2007-11-01,2007.0,Nov,11,France,696.0
2007-11-01,2007.0,Nov,11,Germany,995.0
2007-11-01,2007.0,Nov,11,Italy,199.0
2007-11-01,2007.0,Nov,11,Japan,402.0
2007-11-01,2007.0,Nov,11,Netherlands,457.0
2007-11-01,2007.0,Nov,11,Norway,2213.0
2007-11-01,2007.0,Nov,11,Other,4153.0
2007-11-01,2007.0,Nov,11,Poland,764.0
2007-11-01,2007.0,Nov,11,Spain,159.0
2007-11-01,2007.0,Nov,11,Sweden,2025.0
2007-11-01,2007.0,Nov,11,Switzerland,91.0
2007-11-01,2007.0,Nov,11,UK,5150.0
2007-11-01,2007.0,Nov,11,USA,2374.0
2007-12-01,2007.0,Dec,12,Canada,294.0
2007-12-01,2007.0,Dec,12,China,414.0
2007-12-01,2007.0,Dec,12,Denmark,1527.0
2007-12-01,2007.0,Dec,12,Finland,287.0
2007-12-01,2007.0,Dec,12,France,563.0
2007-12-01,2007.0,Dec,12,Germany,1050.0
2007-12-01,2007.0,Dec,12,Italy,165.0
2007-12-01,2007.0,Dec,12,Japan,588.0
2007-12-01,2007.0,Dec,12,Netherlands,399.0
2007-12-01,2007.0,Dec,12,Norway,1270.0
2007-12-01,2007.0,Dec,12,Other,4526.0
2007-12-01,2007.0,Dec,12,Poland,5303.0
2007-12-01,2007.0,Dec,12,Spain,158.0
2007-12-01,2007.0,Dec,12,Sweden,1144.0
2007-12-01,2007.0,Dec,12,Switzerland,108.0
2007-12-01,2007.0,Dec,12,UK,3487.0
2007-12-01,2007.0,Dec,12,USA,1531.0
2008-01-01,2008.0,Jan,1,Canada,316.0
2008-01-01,2008.0,Jan,1,China,226.0
2008-01-01,2008.0,Jan,1,Denmark,1941.0
2008-01-01,2008.0,Jan,1,Finland,288.0
2008-01-01,2008.0,Jan,1,France,1040.0
2008-01-01,2008.0,Jan,1,Germany,1162.0
2008-01-01,2008.0,Jan,1,Italy,291.0
2008-01-01,2008.0,Jan,1,Japan,768.0
2008-01-01,2008.0,Jan,1,Netherlands,573.0
2008-01-01,2008.0,Jan,1,Norway,1660.0
2008-01-01,2008.0,Jan,1,Other,3309.0
2008-01-01,2008.0,Jan,1,Poland,808.0
2008-01-01,2008.0,Jan,1,Spain,166.0
2008-01-01,2008.0,Jan,1,Sweden,1544.0
2008-01-01,2008.0,Jan,1,Switzerland,195.0
2008-01-01,2008.0,Jan,1,UK,3872.0
2008-01-01,2008.0,Jan,1,USA,2130.0
2008-02-01,2008.0,Feb,2,Canada,225.0
2008-02-01,2008.0,Feb,2,China,133.0
2008-02-01,2008.0,Feb,2,Denmark,1762.0
2008-02-01,2008.0,Feb,2,Finland,586.0
2008-02-01,2008.0,Feb,2,France,1074.0
2008-02-01,2008.0,Feb,2,Germany,1094.0
2008-02-01,2008.0,Feb,2,Italy,160.0
2008-02-01,2008.0,Feb,2,Japan,668.0
2008-02-01,2008.0,Feb,2,Netherlands,655.0
2008-02-01,2008.0,Feb,2,Norway,1907.0
2008-02-01,2008.0,Feb,2,Other,2281.0
2008-02-01,2008.0,Feb,2,Poland,725.0
2008-02-01,2008.0,Feb,2,Spain,172.0
2008-02-01,2008.0,Feb,2,Sweden,1468.0
2008-02-01,2008.0,Feb,2,Switzerland,103.0
2008-02-01,2008.0,Feb,2,UK,5797.0
2008-02-01,2008.0,Feb,2,USA,1502.0
2008-03-01,2008.0,Mar,3,Canada,210.0
2008-03-01,2008.0,Mar,3,China,145.0
2008-03-01,2008.0,Mar,3,Denmark,2307.0
2008-03-01,2008.0,Mar,3,Finland,711.0
2008-03-01,2008.0,Mar,3,France,1093.0
2008-03-01,2008.0,Mar,3,Germany,1568.0
2008-03-01,2008.0,Mar,3,Italy,242.0
2008-03-01,2008.0,Mar,3,Japan,702.0
2008-03-01,2008.0,Mar,3,Netherlands,1075.0
2008-03-01,2008.0,Mar,3,Norway,1994.0
2008-03-01,2008.0,Mar,3,Other,3713.0
2008-03-01,2008.0,Mar,3,Poland,2077.0
2008-03-01,2008.0,Mar,3,Spain,299.0
2008-03-01,2008.0,Mar,3,Sweden,1570.0
2008-03-01,2008.0,Mar,3,Switzerland,98.0
2008-03-01,2008.0,Mar,3,UK,5703.0
2008-03-01,2008.0,Mar,3,USA,2112.0
2008-04-01,2008.0,Apr,4,Canada,350.0
2008-04-01,2008.0,Apr,4,China,320.0
2008-04-01,2008.0,Apr,4,Denmark,2583.0
2008-04-01,2008.0,Apr,4,Finland,804.0
2008-04-01,2008.0,Apr,4,France,1204.0
2008-04-01,2008.0,Apr,4,Germany,1468.0
2008-04-01,2008.0,Apr,4,Italy,279.0
2008-04-01,2008.0,Apr,4,Japan,172.0
2008-04-01,2008.0,Apr,4,Netherlands,956.0
2008-04-01,2008.0,Apr,4,Norway,3001.0
2008-04-01,2008.0,Apr,4,Other,3548.0
2008-04-01,2008.0,Apr,4,Poland,1292.0
2008-04-01,2008.0,Apr,4,Spain,173.0
2008-04-01,2008.0,Apr,4,Sweden,1856.0
2008-04-01,2008.0,Apr,4,Switzerland,151.0
2008-04-01,2008.0,Apr,4,UK,5817.0
2008-04-01,2008.0,Apr,4,USA,2111.0
2008-05-01,2008.0,May,5,Canada,995.0
2008-05-01,2008.0,May,5,China,647.0
2008-05-01,2008.0,May,5,Denmark,3351.0
2008-05-01,2008.0,May,5,Finland,1142.0
2008-05-01,2008.0,May,5,France,1468.0
2008-05-01,2008.0,May,5,Germany,3098.0
2008-05-01,2008.0,May,5,Italy,404.0
2008-05-01,2008.0,May,5,Japan,286.0
2008-05-01,2008.0,May,5,Netherlands,1739.0
2008-05-01,2008.0,May,5,Norway,3012.0
2008-05-01,2008.0,May,5,Other,5763.0
2008-05-01,2008.0,May,5,Poland,2052.0
2008-05-01,2008.0,May,5,Spain,409.0
2008-05-01,2008.0,May,5,Sweden,3094.0
2008-05-01,2008.0,May,5,Switzerland,272.0
2008-05-01,2008.0,May,5,UK,4938.0
2008-05-01,2008.0,May,5,USA,3354.0
2008-06-01,2008.0,Jun,6,Canada,1598.0
2008-06-01,2008.0,Jun,6,China,1000.0
2008-06-01,2008.0,Jun,6,Denmark,4683.0
2008-06-01,2008.0,Jun,6,Finland,1528.0
2008-06-01,2008.0,Jun,6,France,2780.0
2008-06-01,2008.0,Jun,6,Germany,5708.0
2008-06-01,2008.0,Jun,6,Italy,1110.0
2008-06-01,2008.0,Jun,6,Japan,545.0
2008-06-01,2008.0,Jun,6,Netherlands,2066.0
2008-06-01,2008.0,Jun,6,Norway,4117.0
2008-06-01,2008.0,Jun,6,Other,10369.0
2008-06-01,2008.0,Jun,6,Poland,3120.0
2008-06-01,2008.0,Jun,6,Spain,875.0
2008-06-01,2008.0,Jun,6,Sweden,4354.0
2008-06-01,2008.0,Jun,6,Switzerland,738.0
2008-06-01,2008.0,Jun,6,UK,5440.0
2008-06-01,2008.0,Jun,6,USA,5947.0
2008-07-01,2008.0,Jul,7,Canada,1827.0
2008-07-01,2008.0,Jul,7,China,965.0
2008-07-01,2008.0,Jul,7,Denmark,7737.0
2008-07-01,2008.0,Jul,7,Finland,1506.0
2008-07-01,2008.0,Jul,7,France,6129.0
2008-07-01,2008.0,Jul,7,Germany,11047.0
2008-07-01,2008.0,Jul,7,Italy,1857.0
2008-07-01,2008.0,Jul,7,Japan,560.0
2008-07-01,2008.0,Jul,7,Netherlands,3448.0
2008-07-01,2008.0,Jul,7,Norway,4352.0
2008-07-01,2008.0,Jul,7,Other,14780.0
2008-07-01,2008.0,Jul,7,Poland,3772.0
2008-07-01,2008.0,Jul,7,Spain,1892.0
2008-07-01,2008.0,Jul,7,Sweden,4646.0
2008-07-01,2008.0,Jul,7,Switzerland,2340.0
2008-07-01,2008.0,Jul,7,UK,8031.0
2008-07-01,2008.0,Jul,7,USA,6378.0
2008-08-01,2008.0,Aug,8,Canada,2388.0
2008-08-01,2008.0,Aug,8,China,684.0
2008-08-01,2008.0,Aug,8,Denmark,5370.0
2008-08-01,2008.0,Aug,8,Finland,1230.0
2008-08-01,2008.0,Aug,8,France,7232.0
2008-08-01,2008.0,Aug,8,Germany,10612.0
2008-08-01,2008.0,Aug,8,Italy,4212.0
2008-08-01,2008.0,Aug,8,Japan,844.0
2008-08-01,2008.0,Aug,8,Netherlands,3841.0
2008-08-01,2008.0,Aug,8,Norway,3584.0
2008-08-01,2008.0,Aug,8,Other,14795.0
2008-08-01,2008.0,Aug,8,Poland,2638.0
2008-08-01,2008.0,Aug,8,Spain,4623.0
2008-08-01,2008.0,Aug,8,Sweden,4123.0
2008-08-01,2008.0,Aug,8,Switzerland,2214.0
2008-08-01,2008.0,Aug,8,UK,8685.0
2008-08-01,2008.0,Aug,8,USA,6892.0
2008-09-01,2008.0,Sep,9,Canada,1276.0
2008-09-01,2008.0,Sep,9,China,425.0
2008-09-01,2008.0,Sep,9,Denmark,4123.0
2008-09-01,2008.0,Sep,9,Finland,1204.0
2008-09-01,2008.0,Sep,9,France,1708.0
2008-09-01,2008.0,Sep,9,Germany,5025.0
2008-09-01,2008.0,Sep,9,Italy,874.0
2008-09-01,2008.0,Sep,9,Japan,538.0
2008-09-01,2008.0,Sep,9,Netherlands,1629.0
2008-09-01,2008.0,Sep,9,Norway,3897.0
2008-09-01,2008.0,Sep,9,Other,5920.0
2008-09-01,2008.0,Sep,9,Poland,1703.0
2008-09-01,2008.0,Sep,9,Spain,1054.0
2008-09-01,2008.0,Sep,9,Sweden,3337.0
2008-09-01,2008.0,Sep,9,Switzerland,598.0
2008-09-01,2008.0,Sep,9,UK,6812.0
2008-09-01,2008.0,Sep,9,USA,3784.0
2008-10-01,2008.0,Oct,10,Canada,967.0
2008-10-01,2008.0,Oct,10,China,555.0
2008-10-01,2008.0,Oct,10,Denmark,2909.0
2008-10-01,2008.0,Oct,10,Finland,995.0
2008-10-01,2008.0,Oct,10,France,850.0
2008-10-01,2008.0,Oct,10,Germany,1865.0
2008-10-01,2008.0,Oct,10,Italy,312.0
2008-10-01,2008.0,Oct,10,Japan,455.0
2008-10-01,2008.0,Oct,10,Netherlands,1191.0
2008-10-01,2008.0,Oct,10,Norway,3520.0
2008-10-01,2008.0,Oct,10,Other,5233.0
2008-10-01,2008.0,Oct,10,Poland,1445.0
2008-10-01,2008.0,Oct,10,Spain,457.0
2008-10-01,2008.0,Oct,10,Sweden,2946.0
2008-10-01,2008.0,Oct,10,Switzerland,214.0
2008-10-01,2008.0,Oct,10,UK,6377.0
2008-10-01,2008.0,Oct,10,USA,2535.0
2008-11-01,2008.0,Nov,11,Canada,225.0
2008-11-01,2008.0,Nov,11,China,359.0
2008-11-01,2008.0,Nov,11,Denmark,2391.0
2008-11-01,2008.0,Nov,11,Finland,468.0
2008-11-01,2008.0,Nov,11,France,804.0
2008-11-01,2008.0,Nov,11,Germany,1201.0
2008-11-01,2008.0,Nov,11,Italy,183.0
2008-11-01,2008.0,Nov,11,Japan,468.0
2008-11-01,2008.0,Nov,11,Netherlands,895.0
2008-11-01,2008.0,Nov,11,Norway,2392.0
2008-11-01,2008.0,Nov,11,Other,4633.0
2008-11-01,2008.0,Nov,11,Poland,1254.0
2008-11-01,2008.0,Nov,11,Spain,147.0
2008-11-01,2008.0,Nov,11,Sweden,1857.0
2008-11-01,2008.0,Nov,11,Switzerland,100.0
2008-11-01,2008.0,Nov,11,UK,4957.0
2008-11-01,2008.0,Nov,11,USA,2042.0
2008-12-01,2008.0,Dec,12,Canada,191.0
2008-12-01,2008.0,Dec,12,China,301.0
2008-12-01,2008.0,Dec,12,Denmark,1869.0
2008-12-01,2008.0,Dec,12,Finland,335.0
2008-12-01,2008.0,Dec,12,France,779.0
2008-12-01,2008.0,Dec,12,Germany,1272.0
2008-12-01,2008.0,Dec,12,Italy,192.0
2008-12-01,2008.0,Dec,12,Japan,726.0
2008-12-01,2008.0,Dec,12,Netherlands,688.0
2008-12-01,2008.0,Dec,12,Norway,1686.0
2008-12-01,2008.0,Dec,12,Other,3633.0
2008-12-01,2008.0,Dec,12,Poland,3341.0
2008-12-01,2008.0,Dec,12,Spain,171.0
2008-12-01,2008.0,Dec,12,Sweden,1464.0
2008-12-01,2008.0,Dec,12,Switzerland,113.0
2008-12-01,2008.0,Dec,12,UK,3553.0
2008-12-01,2008.0,Dec,12,USA,1708.0
2009-01-01,2009.0,Jan,1,Canada,191.0
2009-01-01,2009.0,Jan,1,China,150.0
2009-01-01,2009.0,Jan,1,Denmark,1910.0
2009-01-01,2009.0,Jan,1,Finland,316.0
2009-01-01,2009.0,Jan,1,France,914.0
2009-01-01,2009.0,Jan,1,Germany,1482.0
2009-01-01,2009.0,Jan,1,Italy,266.0
2009-01-01,2009.0,Jan,1,Japan,971.0
2009-01-01,2009.0,Jan,1,Netherlands,559.0
2009-01-01,2009.0,Jan,1,Norway,1431.0
2009-01-01,2009.0,Jan,1,Other,2929.0
2009-01-01,2009.0,Jan,1,Poland,686.0
2009-01-01,2009.0,Jan,1,Spain,221.0
2009-01-01,2009.0,Jan,1,Sweden,1440.0
2009-01-01,2009.0,Jan,1,Switzerland,268.0
2009-01-01,2009.0,Jan,1,UK,3865.0
2009-01-01,2009.0,Jan,1,USA,2386.0
2009-02-01,2009.0,Feb,2,Canada,151.0
2009-02-01,2009.0,Feb,2,China,116.0
2009-02-01,2009.0,Feb,2,Denmark,1885.0
2009-02-01,2009.0,Feb,2,Finland,322.0
2009-02-01,2009.0,Feb,2,France,818.0
2009-02-01,2009.0,Feb,2,Germany,1212.0
2009-02-01,2009.0,Feb,2,Italy,116.0
2009-02-01,2009.0,Feb,2,Japan,588.0
2009-02-01,2009.0,Feb,2,Netherlands,680.0
2009-02-01,2009.0,Feb,2,Norway,1746.0
2009-02-01,2009.0,Feb,2,Other,2064.0
2009-02-01,2009.0,Feb,2,Poland,536.0
2009-02-01,2009.0,Feb,2,Spain,116.0
2009-02-01,2009.0,Feb,2,Sweden,1166.0
2009-02-01,2009.0,Feb,2,Switzerland,123.0
2009-02-01,2009.0,Feb,2,UK,4881.0
2009-02-01,2009.0,Feb,2,USA,1756.0
2009-03-01,2009.0,Mar,3,Canada,195.0
2009-03-01,2009.0,Mar,3,China,164.0
2009-03-01,2009.0,Mar,3,Denmark,2460.0
2009-03-01,2009.0,Mar,3,Finland,421.0
2009-03-01,2009.0,Mar,3,France,1070.0
2009-03-01,2009.0,Mar,3,Germany,1778.0
2009-03-01,2009.0,Mar,3,Italy,228.0
2009-03-01,2009.0,Mar,3,Japan,673.0
2009-03-01,2009.0,Mar,3,Netherlands,1158.0
2009-03-01,2009.0,Mar,3,Norway,2383.0
2009-03-01,2009.0,Mar,3,Other,2589.0
2009-03-01,2009.0,Mar,3,Poland,682.0
2009-03-01,2009.0,Mar,3,Spain,172.0
2009-03-01,2009.0,Mar,3,Sweden,1720.0
2009-03-01,2009.0,Mar,3,Switzerland,114.0
2009-03-01,2009.0,Mar,3,UK,5197.0
2009-03-01,2009.0,Mar,3,USA,2693.0
2009-04-01,2009.0,Apr,4,Canada,640.0
2009-04-01,2009.0,Apr,4,China,242.0
2009-04-01,2009.0,Apr,4,Denmark,3053.0
2009-04-01,2009.0,Apr,4,Finland,644.0
2009-04-01,2009.0,Apr,4,France,1382.0
2009-04-01,2009.0,Apr,4,Germany,2017.0
2009-04-01,2009.0,Apr,4,Italy,290.0
2009-04-01,2009.0,Apr,4,Japan,282.0
2009-04-01,2009.0,Apr,4,Netherlands,1020.0
2009-04-01,2009.0,Apr,4,Norway,2757.0
2009-04-01,2009.0,Apr,4,Other,3247.0
2009-04-01,2009.0,Apr,4,Poland,969.0
2009-04-01,2009.0,Apr,4,Spain,380.0
2009-04-01,2009.0,Apr,4,Sweden,2733.0
2009-04-01,2009.0,Apr,4,Switzerland,230.0
2009-04-01,2009.0,Apr,4,UK,5794.0
2009-04-01,2009.0,Apr,4,USA,2105.0
2009-05-01,2009.0,May,5,Canada,948.0
2009-05-01,2009.0,May,5,China,362.0
2009-05-01,2009.0,May,5,Denmark,3345.0
2009-05-01,2009.0,May,5,Finland,1376.0
2009-05-01,2009.0,May,5,France,1775.0
2009-05-01,2009.0,May,5,Germany,2996.0
2009-05-01,2009.0,May,5,Italy,371.0
2009-05-01,2009.0,May,5,Japan,306.0
2009-05-01,2009.0,May,5,Netherlands,1621.0
2009-05-01,2009.0,May,5,Norway,3843.0
2009-05-01,2009.0,May,5,Other,4352.0
2009-05-01,2009.0,May,5,Poland,1142.0
2009-05-01,2009.0,May,5,Spain,366.0
2009-05-01,2009.0,May,5,Sweden,3544.0
2009-05-01,2009.0,May,5,Switzerland,341.0
2009-05-01,2009.0,May,5,UK,4324.0
2009-05-01,2009.0,May,5,USA,3625.0
2009-06-01,2009.0,Jun,6,Canada,1606.0
2009-06-01,2009.0,Jun,6,China,822.0
2009-06-01,2009.0,Jun,6,Denmark,4363.0
2009-06-01,2009.0,Jun,6,Finland,1617.0
2009-06-01,2009.0,Jun,6,France,3086.0
2009-06-01,2009.0,Jun,6,Germany,7317.0
2009-06-01,2009.0,Jun,6,Italy,1284.0
2009-06-01,2009.0,Jun,6,Japan,558.0
2009-06-01,2009.0,Jun,6,Netherlands,3034.0
2009-06-01,2009.0,Jun,6,Norway,3967.0
2009-06-01,2009.0,Jun,6,Other,8796.0
2009-06-01,2009.0,Jun,6,Poland,2194.0
2009-06-01,2009.0,Jun,6,Spain,893.0
2009-06-01,2009.0,Jun,6,Sweden,3521.0
2009-06-01,2009.0,Jun,6,Switzerland,1030.0
2009-06-01,2009.0,Jun,6,UK,4377.0
2009-06-01,2009.0,Jun,6,USA,6024.0
2009-07-01,2009.0,Jul,7,Canada,2347.0
2009-07-01,2009.0,Jul,7,China,730.0
2009-07-01,2009.0,Jul,7,Denmark,7787.0
2009-07-01,2009.0,Jul,7,Finland,2159.0
2009-07-01,2009.0,Jul,7,France,6327.0
2009-07-01,2009.0,Jul,7,Germany,11619.0
2009-07-01,2009.0,Jul,7,Italy,2709.0
2009-07-01,2009.0,Jul,7,Japan,779.0
2009-07-01,2009.0,Jul,7,Netherlands,2825.0
2009-07-01,2009.0,Jul,7,Norway,4818.0
2009-07-01,2009.0,Jul,7,Other,14600.0
2009-07-01,2009.0,Jul,7,Poland,2502.0
2009-07-01,2009.0,Jul,7,Spain,3021.0
2009-07-01,2009.0,Jul,7,Sweden,4562.0
2009-07-01,2009.0,Jul,7,Switzerland,2694.0
2009-07-01,2009.0,Jul,7,UK,6319.0
2009-07-01,2009.0,Jul,7,USA,6422.0
2009-08-01,2009.0,Aug,8,Canada,2528.0
2009-08-01,2009.0,Aug,8,China,1122.0
2009-08-01,2009.0,Aug,8,Denmark,6058.0
2009-08-01,2009.0,Aug,8,Finland,1824.0
2009-08-01,2009.0,Aug,8,France,8824.0
2009-08-01,2009.0,Aug,8,Germany,14330.0
2009-08-01,2009.0,Aug,8,Italy,5895.0
2009-08-01,2009.0,Aug,8,Japan,801.0
2009-08-01,2009.0,Aug,8,Netherlands,3523.0
2009-08-01,2009.0,Aug,8,Norway,4149.0
2009-08-01,2009.0,Aug,8,Other,13308.0
2009-08-01,2009.0,Aug,8,Poland,1686.0
2009-08-01,2009.0,Aug,8,Spain,6499.0
2009-08-01,2009.0,Aug,8,Sweden,4111.0
2009-08-01,2009.0,Aug,8,Switzerland,2826.0
2009-08-01,2009.0,Aug,8,UK,7208.0
2009-08-01,2009.0,Aug,8,USA,7329.0
2009-09-01,2009.0,Sep,9,Canada,1484.0
2009-09-01,2009.0,Sep,9,China,599.0
2009-09-01,2009.0,Sep,9,Denmark,3451.0
2009-09-01,2009.0,Sep,9,Finland,1077.0
2009-09-01,2009.0,Sep,9,France,2249.0
2009-09-01,2009.0,Sep,9,Germany,5375.0
2009-09-01,2009.0,Sep,9,Italy,817.0
2009-09-01,2009.0,Sep,9,Japan,591.0
2009-09-01,2009.0,Sep,9,Netherlands,1837.0
2009-09-01,2009.0,Sep,9,Norway,4341.0
2009-09-01,2009.0,Sep,9,Other,5205.0
2009-09-01,2009.0,Sep,9,Poland,832.0
2009-09-01,2009.0,Sep,9,Spain,1167.0
2009-09-01,2009.0,Sep,9,Sweden,3290.0
2009-09-01,2009.0,Sep,9,Switzerland,582.0
2009-09-01,2009.0,Sep,9,UK,4845.0
2009-09-01,2009.0,Sep,9,USA,4721.0
2009-10-01,2009.0,Oct,10,Canada,558.0
2009-10-01,2009.0,Oct,10,China,532.0
2009-10-01,2009.0,Oct,10,Denmark,3024.0
2009-10-01,2009.0,Oct,10,Finland,1163.0
2009-10-01,2009.0,Oct,10,France,889.0
2009-10-01,2009.0,Oct,10,Germany,1726.0
2009-10-01,2009.0,Oct,10,Italy,275.0
2009-10-01,2009.0,Oct,10,Japan,491.0
2009-10-01,2009.0,Oct,10,Netherlands,1312.0
2009-10-01,2009.0,Oct,10,Norway,3480.0
2009-10-01,2009.0,Oct,10,Other,3851.0
2009-10-01,2009.0,Oct,10,Poland,787.0
2009-10-01,2009.0,Oct,10,Spain,540.0
2009-10-01,2009.0,Oct,10,Sweden,2511.0
2009-10-01,2009.0,Oct,10,Switzerland,198.0
2009-10-01,2009.0,Oct,10,UK,6088.0
2009-10-01,2009.0,Oct,10,USA,2946.0
2009-11-01,2009.0,Nov,11,Canada,223.0
2009-11-01,2009.0,Nov,11,China,235.0
2009-11-01,2009.0,Nov,11,Denmark,1640.0
2009-11-01,2009.0,Nov,11,Finland,399.0
2009-11-01,2009.0,Nov,11,France,746.0
2009-11-01,2009.0,Nov,11,Germany,1108.0
2009-11-01,2009.0,Nov,11,Italy,197.0
2009-11-01,2009.0,Nov,11,Japan,457.0
2009-11-01,2009.0,Nov,11,Netherlands,943.0
2009-11-01,2009.0,Nov,11,Norway,2433.0
2009-11-01,2009.0,Nov,11,Other,2600.0
2009-11-01,2009.0,Nov,11,Poland,535.0
2009-11-01,2009.0,Nov,11,Spain,207.0
2009-11-01,2009.0,Nov,11,Sweden,1849.0
2009-11-01,2009.0,Nov,11,Switzerland,84.0
2009-11-01,2009.0,Nov,11,UK,5017.0
2009-11-01,2009.0,Nov,11,USA,2404.0
2009-12-01,2009.0,Dec,12,Canada,192.0
2009-12-01,2009.0,Dec,12,China,294.0
2009-12-01,2009.0,Dec,12,Denmark,1294.0
2009-12-01,2009.0,Dec,12,Finland,248.0
2009-12-01,2009.0,Dec,12,France,738.0
2009-12-01,2009.0,Dec,12,Germany,919.0
2009-12-01,2009.0,Dec,12,Italy,197.0
2009-12-01,2009.0,Dec,12,Japan,551.0
2009-12-01,2009.0,Dec,12,Netherlands,750.0
2009-12-01,2009.0,Dec,12,Norway,1137.0
2009-12-01,2009.0,Dec,12,Other,2885.0
2009-12-01,2009.0,Dec,12,Poland,1789.0
2009-12-01,2009.0,Dec,12,Spain,189.0
2009-12-01,2009.0,Dec,12,Sweden,974.0
2009-12-01,2009.0,Dec,12,Switzerland,156.0
2009-12-01,2009.0,Dec,12,UK,3704.0
2009-12-01,2009.0,Dec,12,USA,1498.0
2010-01-01,2010.0,Jan,1,Other,2449.0
2010-01-01,2010.0,Jan,1,Canada,241.0
2010-01-01,2010.0,Jan,1,China,226.0
2010-01-01,2010.0,Jan,1,Denmark,1232.0
2010-01-01,2010.0,Jan,1,Finland,275.0
2010-01-01,2010.0,Jan,1,France,796.0
2010-01-01,2010.0,Jan,1,Germany,1374.0
2010-01-01,2010.0,Jan,1,Italy,252.0
2010-01-01,2010.0,Jan,1,Japan,767.0
2010-01-01,2010.0,Jan,1,Netherlands,669.0
2010-01-01,2010.0,Jan,1,Norway,1489.0
2010-01-01,2010.0,Jan,1,Poland,503.0
2010-01-01,2010.0,Jan,1,Russia,165.0
2010-01-01,2010.0,Jan,1,Spain,201.0
2010-01-01,2010.0,Jan,1,Sweden,1525.0
2010-01-01,2010.0,Jan,1,Switzerland,229.0
2010-01-01,2010.0,Jan,1,UK,4312.0
2010-01-01,2010.0,Jan,1,USA,2077.0
2010-02-01,2010.0,Feb,2,Other,2223.0
2010-02-01,2010.0,Feb,2,Canada,237.0
2010-02-01,2010.0,Feb,2,China,180.0
2010-02-01,2010.0,Feb,2,Denmark,1418.0
2010-02-01,2010.0,Feb,2,Finland,268.0
2010-02-01,2010.0,Feb,2,France,884.0
2010-02-01,2010.0,Feb,2,Germany,1263.0
2010-02-01,2010.0,Feb,2,Italy,206.0
2010-02-01,2010.0,Feb,2,Japan,751.0
2010-02-01,2010.0,Feb,2,Netherlands,839.0
2010-02-01,2010.0,Feb,2,Norway,1618.0
2010-02-01,2010.0,Feb,2,Poland,397.0
2010-02-01,2010.0,Feb,2,Russia,99.0
2010-02-01,2010.0,Feb,2,Spain,175.0
2010-02-01,2010.0,Feb,2,Sweden,1247.0
2010-02-01,2010.0,Feb,2,Switzerland,186.0
2010-02-01,2010.0,Feb,2,UK,6116.0
2010-02-01,2010.0,Feb,2,USA,2186.0
2010-03-01,2010.0,Mar,3,Other,3078.0
2010-03-01,2010.0,Mar,3,Canada,260.0
2010-03-01,2010.0,Mar,3,China,162.0
2010-03-01,2010.0,Mar,3,Denmark,2274.0
2010-03-01,2010.0,Mar,3,Finland,530.0
2010-03-01,2010.0,Mar,3,France,1604.0
2010-03-01,2010.0,Mar,3,Germany,1530.0
2010-03-01,2010.0,Mar,3,Italy,237.0
2010-03-01,2010.0,Mar,3,Japan,695.0
2010-03-01,2010.0,Mar,3,Netherlands,1188.0
2010-03-01,2010.0,Mar,3,Norway,2494.0
2010-03-01,2010.0,Mar,3,Poland,658.0
2010-03-01,2010.0,Mar,3,Russia,55.0
2010-03-01,2010.0,Mar,3,Spain,284.0
2010-03-01,2010.0,Mar,3,Sweden,1614.0
2010-03-01,2010.0,Mar,3,Switzerland,157.0
2010-03-01,2010.0,Mar,3,UK,6544.0
2010-03-01,2010.0,Mar,3,USA,3035.0
2010-04-01,2010.0,Apr,4,Other,3166.0
2010-04-01,2010.0,Apr,4,Canada,234.0
2010-04-01,2010.0,Apr,4,China,189.0
2010-04-01,2010.0,Apr,4,Denmark,1971.0
2010-04-01,2010.0,Apr,4,Finland,926.0
2010-04-01,2010.0,Apr,4,France,1141.0
2010-04-01,2010.0,Apr,4,Germany,1565.0
2010-04-01,2010.0,Apr,4,Italy,211.0
2010-04-01,2010.0,Apr,4,Japan,258.0
2010-04-01,2010.0,Apr,4,Netherlands,821.0
2010-04-01,2010.0,Apr,4,Norway,2066.0
2010-04-01,2010.0,Apr,4,Poland,632.0
2010-04-01,2010.0,Apr,4,Russia,47.0
2010-04-01,2010.0,Apr,4,Spain,509.0
2010-04-01,2010.0,Apr,4,Sweden,1773.0
2010-04-01,2010.0,Apr,4,Switzerland,175.0
2010-04-01,2010.0,Apr,4,UK,5286.0
2010-04-01,2010.0,Apr,4,USA,2117.0
2010-05-01,2010.0,May,5,Other,3611.0
2010-05-01,2010.0,May,5,Canada,887.0
2010-05-01,2010.0,May,5,China,269.0
2010-05-01,2010.0,May,5,Denmark,2841.0
2010-05-01,2010.0,May,5,Finland,842.0
2010-05-01,2010.0,May,5,France,1457.0
2010-05-01,2010.0,May,5,Germany,2816.0
2010-05-01,2010.0,May,5,Italy,299.0
2010-05-01,2010.0,May,5,Japan,184.0
2010-05-01,2010.0,May,5,Netherlands,1467.0
2010-05-01,2010.0,May,5,Norway,3141.0
2010-05-01,2010.0,May,5,Poland,772.0
2010-05-01,2010.0,May,5,Russia,111.0
2010-05-01,2010.0,May,5,Spain,327.0
2010-05-01,2010.0,May,5,Sweden,2362.0
2010-05-01,2010.0,May,5,Switzerland,305.0
2010-05-01,2010.0,May,5,UK,3137.0
2010-05-01,2010.0,May,5,USA,3470.0
2010-06-01,2010.0,Jun,6,Other,7972.0
2010-06-01,2010.0,Jun,6,Canada,2111.0
2010-06-01,2010.0,Jun,6,China,800.0
2010-06-01,2010.0,Jun,6,Denmark,4259.0
2010-06-01,2010.0,Jun,6,Finland,1459.0
2010-06-01,2010.0,Jun,6,France,3365.0
2010-06-01,2010.0,Jun,6,Germany,8412.0
2010-06-01,2010.0,Jun,6,Italy,925.0
2010-06-01,2010.0,Jun,6,Japan,335.0
2010-06-01,2010.0,Jun,6,Netherlands,1857.0
2010-06-01,2010.0,Jun,6,Norway,4276.0
2010-06-01,2010.0,Jun,6,Poland,2317.0
2010-06-01,2010.0,Jun,6,Russia,129.0
2010-06-01,2010.0,Jun,6,Spain,761.0
2010-06-01,2010.0,Jun,6,Sweden,3092.0
2010-06-01,2010.0,Jun,6,Switzerland,1013.0
2010-06-01,2010.0,Jun,6,UK,4051.0
2010-06-01,2010.0,Jun,6,USA,7257.0
2010-07-01,2010.0,Jul,7,Other,13218.0
2010-07-01,2010.0,Jul,7,Canada,2496.0
2010-07-01,2010.0,Jul,7,China,787.0
2010-07-01,2010.0,Jul,7,Denmark,8058.0
2010-07-01,2010.0,Jul,7,Finland,1769.0
2010-07-01,2010.0,Jul,7,France,6400.0
2010-07-01,2010.0,Jul,7,Germany,13306.0
2010-07-01,2010.0,Jul,7,Italy,2112.0
2010-07-01,2010.0,Jul,7,Japan,340.0
2010-07-01,2010.0,Jul,7,Netherlands,2866.0
2010-07-01,2010.0,Jul,7,Norway,4781.0
2010-07-01,2010.0,Jul,7,Poland,2511.0
2010-07-01,2010.0,Jul,7,Russia,272.0
2010-07-01,2010.0,Jul,7,Spain,3023.0
2010-07-01,2010.0,Jul,7,Sweden,4018.0
2010-07-01,2010.0,Jul,7,Switzerland,3158.0
2010-07-01,2010.0,Jul,7,UK,6222.0
2010-07-01,2010.0,Jul,7,USA,8128.0
2010-08-01,2010.0,Aug,8,Other,12782.0
2010-08-01,2010.0,Aug,8,Canada,2795.0
2010-08-01,2010.0,Aug,8,China,868.0
2010-08-01,2010.0,Aug,8,Denmark,5804.0
2010-08-01,2010.0,Aug,8,Finland,1762.0
2010-08-01,2010.0,Aug,8,France,9103.0
2010-08-01,2010.0,Aug,8,Germany,14414.0
2010-08-01,2010.0,Aug,8,Italy,4149.0
2010-08-01,2010.0,Aug,8,Japan,557.0
2010-08-01,2010.0,Aug,8,Netherlands,3265.0
2010-08-01,2010.0,Aug,8,Norway,4822.0
2010-08-01,2010.0,Aug,8,Poland,1875.0
2010-08-01,2010.0,Aug,8,Russia,378.0
2010-08-01,2010.0,Aug,8,Spain,5257.0
2010-08-01,2010.0,Aug,8,Sweden,4152.0
2010-08-01,2010.0,Aug,8,Switzerland,2829.0
2010-08-01,2010.0,Aug,8,UK,6383.0
2010-08-01,2010.0,Aug,8,USA,8363.0
2010-09-01,2010.0,Sep,9,Other,5878.0
2010-09-01,2010.0,Sep,9,Canada,1981.0
2010-09-01,2010.0,Sep,9,China,624.0
2010-09-01,2010.0,Sep,9,Denmark,3602.0
2010-09-01,2010.0,Sep,9,Finland,1004.0
2010-09-01,2010.0,Sep,9,France,1728.0
2010-09-01,2010.0,Sep,9,Germany,5200.0
2010-09-01,2010.0,Sep,9,Italy,542.0
2010-09-01,2010.0,Sep,9,Japan,419.0
2010-09-01,2010.0,Sep,9,Netherlands,1440.0
2010-09-01,2010.0,Sep,9,Norway,4074.0
2010-09-01,2010.0,Sep,9,Poland,738.0
2010-09-01,2010.0,Sep,9,Russia,79.0
2010-09-01,2010.0,Sep,9,Spain,865.0
2010-09-01,2010.0,Sep,9,Sweden,2727.0
2010-09-01,2010.0,Sep,9,Switzerland,584.0
2010-09-01,2010.0,Sep,9,UK,3749.0
2010-09-01,2010.0,Sep,9,USA,5629.0
2010-10-01,2010.0,Oct,10,Other,4228.0
2010-10-01,2010.0,Oct,10,Canada,1505.0
2010-10-01,2010.0,Oct,10,China,486.0
2010-10-01,2010.0,Oct,10,Denmark,3405.0
2010-10-01,2010.0,Oct,10,Finland,1053.0
2010-10-01,2010.0,Oct,10,France,1127.0
2010-10-01,2010.0,Oct,10,Germany,2294.0
2010-10-01,2010.0,Oct,10,Italy,259.0
2010-10-01,2010.0,Oct,10,Japan,361.0
2010-10-01,2010.0,Oct,10,Netherlands,1365.0
2010-10-01,2010.0,Oct,10,Norway,3577.0
2010-10-01,2010.0,Oct,10,Poland,801.0
2010-10-01,2010.0,Oct,10,Russia,177.0
2010-10-01,2010.0,Oct,10,Spain,377.0
2010-10-01,2010.0,Oct,10,Sweden,2359.0
2010-10-01,2010.0,Oct,10,Switzerland,306.0
2010-10-01,2010.0,Oct,10,UK,6545.0
2010-10-01,2010.0,Oct,10,USA,3844.0
2010-11-01,2010.0,Nov,11,Other,2555.0
2010-11-01,2010.0,Nov,11,Canada,339.0
2010-11-01,2010.0,Nov,11,China,297.0
2010-11-01,2010.0,Nov,11,Denmark,1720.0
2010-11-01,2010.0,Nov,11,Finland,618.0
2010-11-01,2010.0,Nov,11,France,844.0
2010-11-01,2010.0,Nov,11,Germany,1191.0
2010-11-01,2010.0,Nov,11,Italy,260.0
2010-11-01,2010.0,Nov,11,Japan,393.0
2010-11-01,2010.0,Nov,11,Netherlands,891.0
2010-11-01,2010.0,Nov,11,Norway,2189.0
2010-11-01,2010.0,Nov,11,Poland,522.0
2010-11-01,2010.0,Nov,11,Russia,184.0
2010-11-01,2010.0,Nov,11,Spain,199.0
2010-11-01,2010.0,Nov,11,Sweden,1878.0
2010-11-01,2010.0,Nov,11,Switzerland,125.0
2010-11-01,2010.0,Nov,11,UK,4229.0
2010-11-01,2010.0,Nov,11,USA,2806.0
2010-12-01,2010.0,Dec,12,Other,2609.0
2010-12-01,2010.0,Dec,12,Canada,361.0
2010-12-01,2010.0,Dec,12,China,306.0
2010-12-01,2010.0,Dec,12,Denmark,1555.0
2010-12-01,2010.0,Dec,12,Finland,506.0
2010-12-01,2010.0,Dec,12,France,806.0
2010-12-01,2010.0,Dec,12,Germany,1012.0
2010-12-01,2010.0,Dec,12,Italy,240.0
2010-12-01,2010.0,Dec,12,Japan,520.0
2010-12-01,2010.0,Dec,12,Netherlands,613.0
2010-12-01,2010.0,Dec,12,Norway,1135.0
2010-12-01,2010.0,Dec,12,Poland,1527.0
2010-12-01,2010.0,Dec,12,Russia,59.0
2010-12-01,2010.0,Dec,12,Spain,259.0
2010-12-01,2010.0,Dec,12,Sweden,1197.0
2010-12-01,2010.0,Dec,12,Switzerland,96.0
2010-12-01,2010.0,Dec,12,UK,3752.0
2010-12-01,2010.0,Dec,12,USA,2254.0
2011-01-01,2011.0,Jan,1,Canada,352.0
2011-01-01,2011.0,Jan,1,China,183.0
2011-01-01,2011.0,Jan,1,Denmark,1625.0
2011-01-01,2011.0,Jan,1,Finland,443.0
2011-01-01,2011.0,Jan,1,France,1451.0
2011-01-01,2011.0,Jan,1,Germany,1538.0
2011-01-01,2011.0,Jan,1,Italy,301.0
2011-01-01,2011.0,Jan,1,Japan,835.0
2011-01-01,2011.0,Jan,1,Netherlands,698.0
2011-01-01,2011.0,Jan,1,Norway,1506.0
2011-01-01,2011.0,Jan,1,Other,2488.0
2011-01-01,2011.0,Jan,1,Poland,521.0
2011-01-01,2011.0,Jan,1,Russia,237.0
2011-01-01,2011.0,Jan,1,Spain,301.0
2011-01-01,2011.0,Jan,1,Sweden,2033.0
2011-01-01,2011.0,Jan,1,Switzerland,315.0
2011-01-01,2011.0,Jan,1,UK,4526.0
2011-01-01,2011.0,Jan,1,USA,2909.0
2011-02-01,2011.0,Feb,2,Canada,343.0
2011-02-01,2011.0,Feb,2,China,217.0
2011-02-01,2011.0,Feb,2,Denmark,1472.0
2011-02-01,2011.0,Feb,2,Finland,228.0
2011-02-01,2011.0,Feb,2,France,1268.0
2011-02-01,2011.0,Feb,2,Germany,1310.0
2011-02-01,2011.0,Feb,2,Italy,216.0
2011-02-01,2011.0,Feb,2,Japan,712.0
2011-02-01,2011.0,Feb,2,Netherlands,969.0
2011-02-01,2011.0,Feb,2,Norway,1799.0
2011-02-01,2011.0,Feb,2,Other,2231.0
2011-02-01,2011.0,Feb,2,Poland,475.0
2011-02-01,2011.0,Feb,2,Russia,81.0
2011-02-01,2011.0,Feb,2,Spain,258.0
2011-02-01,2011.0,Feb,2,Sweden,1185.0
2011-02-01,2011.0,Feb,2,Switzerland,152.0
2011-02-01,2011.0,Feb,2,UK,7033.0
2011-02-01,2011.0,Feb,2,USA,2900.0
2011-03-01,2011.0,Mar,3,Canada,485.0
2011-03-01,2011.0,Mar,3,China,239.0
2011-03-01,2011.0,Mar,3,Denmark,2208.0
2011-03-01,2011.0,Mar,3,Finland,339.0
2011-03-01,2011.0,Mar,3,France,1582.0
2011-03-01,2011.0,Mar,3,Germany,2133.0
2011-03-01,2011.0,Mar,3,Italy,247.0
2011-03-01,2011.0,Mar,3,Japan,589.0
2011-03-01,2011.0,Mar,3,Netherlands,1191.0
2011-03-01,2011.0,Mar,3,Norway,2289.0
2011-03-01,2011.0,Mar,3,Other,2783.0
2011-03-01,2011.0,Mar,3,Poland,421.0
2011-03-01,2011.0,Mar,3,Russia,94.0
2011-03-01,2011.0,Mar,3,Spain,410.0
2011-03-01,2011.0,Mar,3,Sweden,2015.0
2011-03-01,2011.0,Mar,3,Switzerland,170.0
2011-03-01,2011.0,Mar,3,UK,5719.0
2011-03-01,2011.0,Mar,3,USA,3710.0
2011-04-01,2011.0,Apr,4,Canada,977.0
2011-04-01,2011.0,Apr,4,China,420.0
2011-04-01,2011.0,Apr,4,Denmark,3175.0
2011-04-01,2011.0,Apr,4,Finland,937.0
2011-04-01,2011.0,Apr,4,France,1836.0
2011-04-01,2011.0,Apr,4,Germany,2496.0
2011-04-01,2011.0,Apr,4,Italy,327.0
2011-04-01,2011.0,Apr,4,Japan,228.0
2011-04-01,2011.0,Apr,4,Netherlands,1216.0
2011-04-01,2011.0,Apr,4,Norway,3008.0
2011-04-01,2011.0,Apr,4,Other,3532.0
2011-04-01,2011.0,Apr,4,Poland,939.0
2011-04-01,2011.0,Apr,4,Russia,130.0
2011-04-01,2011.0,Apr,4,Spain,505.0
2011-04-01,2011.0,Apr,4,Sweden,2381.0
2011-04-01,2011.0,Apr,4,Switzerland,186.0
2011-04-01,2011.0,Apr,4,UK,6722.0
2011-04-01,2011.0,Apr,4,USA,3318.0
2011-05-01,2011.0,May,5,Canada,1443.0
2011-05-01,2011.0,May,5,China,651.0
2011-05-01,2011.0,May,5,Denmark,3436.0
2011-05-01,2011.0,May,5,Finland,1248.0
2011-05-01,2011.0,May,5,France,1737.0
2011-05-01,2011.0,May,5,Germany,3064.0
2011-05-01,2011.0,May,5,Italy,404.0
2011-05-01,2011.0,May,5,Japan,260.0
2011-05-01,2011.0,May,5,Netherlands,1939.0
2011-05-01,2011.0,May,5,Norway,4560.0
2011-05-01,2011.0,May,5,Other,4293.0
2011-05-01,2011.0,May,5,Poland,1392.0
2011-05-01,2011.0,May,5,Russia,185.0
2011-05-01,2011.0,May,5,Spain,830.0
2011-05-01,2011.0,May,5,Sweden,2953.0
2011-05-01,2011.0,May,5,Switzerland,325.0
2011-05-01,2011.0,May,5,UK,3375.0
2011-05-01,2011.0,May,5,USA,5117.0
2011-06-01,2011.0,Jun,6,Canada,2513.0
2011-06-01,2011.0,Jun,6,China,1389.0
2011-06-01,2011.0,Jun,6,Denmark,4532.0
2011-06-01,2011.0,Jun,6,Finland,1467.0
2011-06-01,2011.0,Jun,6,France,3946.0
2011-06-01,2011.0,Jun,6,Germany,9584.0
2011-06-01,2011.0,Jun,6,Italy,1251.0
2011-06-01,2011.0,Jun,6,Japan,590.0
2011-06-01,2011.0,Jun,6,Netherlands,2178.0
2011-06-01,2011.0,Jun,6,Norway,5294.0
2011-06-01,2011.0,Jun,6,Other,8569.0
2011-06-01,2011.0,Jun,6,Poland,2136.0
2011-06-01,2011.0,Jun,6,Russia,254.0
2011-06-01,2011.0,Jun,6,Spain,999.0
2011-06-01,2011.0,Jun,6,Sweden,4018.0
2011-06-01,2011.0,Jun,6,Switzerland,946.0
2011-06-01,2011.0,Jun,6,UK,4360.0
2011-06-01,2011.0,Jun,6,USA,11580.0
2011-07-01,2011.0,Jul,7,Canada,3332.0
2011-07-01,2011.0,Jul,7,China,1544.0
2011-07-01,2011.0,Jul,7,Denmark,7996.0
2011-07-01,2011.0,Jul,7,Finland,2318.0
2011-07-01,2011.0,Jul,7,France,7945.0
2011-07-01,2011.0,Jul,7,Germany,12498.0
2011-07-01,2011.0,Jul,7,Italy,2260.0
2011-07-01,2011.0,Jul,7,Japan,543.0
2011-07-01,2011.0,Jul,7,Netherlands,3398.0
2011-07-01,2011.0,Jul,7,Norway,5552.0
2011-07-01,2011.0,Jul,7,Other,14812.0
2011-07-01,2011.0,Jul,7,Poland,2839.0
2011-07-01,2011.0,Jul,7,Russia,547.0
2011-07-01,2011.0,Jul,7,Spain,3017.0
2011-07-01,2011.0,Jul,7,Sweden,4893.0
2011-07-01,2011.0,Jul,7,Switzerland,3659.0
2011-07-01,2011.0,Jul,7,UK,7059.0
2011-07-01,2011.0,Jul,7,USA,13545.0
2011-08-01,2011.0,Aug,8,Canada,3232.0
2011-08-01,2011.0,Aug,8,China,1323.0
2011-08-01,2011.0,Aug,8,Denmark,6027.0
2011-08-01,2011.0,Aug,8,Finland,2026.0
2011-08-01,2011.0,Aug,8,France,10376.0
2011-08-01,2011.0,Aug,8,Germany,14001.0
2011-08-01,2011.0,Aug,8,Italy,5714.0
2011-08-01,2011.0,Aug,8,Japan,741.0
2011-08-01,2011.0,Aug,8,Netherlands,3619.0
2011-08-01,2011.0,Aug,8,Norway,5393.0
2011-08-01,2011.0,Aug,8,Other,13098.0
2011-08-01,2011.0,Aug,8,Poland,2035.0
2011-08-01,2011.0,Aug,8,Russia,444.0
2011-08-01,2011.0,Aug,8,Spain,5501.0
2011-08-01,2011.0,Aug,8,Sweden,4536.0
2011-08-01,2011.0,Aug,8,Switzerland,2957.0
2011-08-01,2011.0,Aug,8,UK,6997.0
2011-08-01,2011.0,Aug,8,USA,13821.0
2011-09-01,2011.0,Sep,9,Canada,2594.0
2011-09-01,2011.0,Sep,9,China,1115.0
2011-09-01,2011.0,Sep,9,Denmark,3894.0
2011-09-01,2011.0,Sep,9,Finland,1395.0
2011-09-01,2011.0,Sep,9,France,2403.0
2011-09-01,2011.0,Sep,9,Germany,5891.0
2011-09-01,2011.0,Sep,9,Italy,796.0
2011-09-01,2011.0,Sep,9,Japan,645.0
2011-09-01,2011.0,Sep,9,Netherlands,2026.0
2011-09-01,2011.0,Sep,9,Norway,5260.0
2011-09-01,2011.0,Sep,9,Other,6397.0
2011-09-01,2011.0,Sep,9,Poland,953.0
2011-09-01,2011.0,Sep,9,Russia,242.0
2011-09-01,2011.0,Sep,9,Spain,1239.0
2011-09-01,2011.0,Sep,9,Sweden,3423.0
2011-09-01,2011.0,Sep,9,Switzerland,841.0
2011-09-01,2011.0,Sep,9,UK,4190.0
2011-09-01,2011.0,Sep,9,USA,8272.0
2011-10-01,2011.0,Oct,10,Canada,1999.0
2011-10-01,2011.0,Oct,10,China,637.0
2011-10-01,2011.0,Oct,10,Denmark,3450.0
2011-10-01,2011.0,Oct,10,Finland,779.0
2011-10-01,2011.0,Oct,10,France,1598.0
2011-10-01,2011.0,Oct,10,Germany,2230.0
2011-10-01,2011.0,Oct,10,Italy,302.0
2011-10-01,2011.0,Oct,10,Japan,535.0
2011-10-01,2011.0,Oct,10,Netherlands,1475.0
2011-10-01,2011.0,Oct,10,Norway,3747.0
2011-10-01,2011.0,Oct,10,Other,4722.0
2011-10-01,2011.0,Oct,10,Poland,633.0
2011-10-01,2011.0,Oct,10,Russia,216.0
2011-10-01,2011.0,Oct,10,Spain,485.0
2011-10-01,2011.0,Oct,10,Sweden,2440.0
2011-10-01,2011.0,Oct,10,Switzerland,336.0
2011-10-01,2011.0,Oct,10,UK,7703.0
2011-10-01,2011.0,Oct,10,USA,5549.0
2011-11-01,2011.0,Nov,11,Canada,349.0
2011-11-01,2011.0,Nov,11,China,373.0
2011-11-01,2011.0,Nov,11,Denmark,1574.0
2011-11-01,2011.0,Nov,11,Finland,383.0
2011-11-01,2011.0,Nov,11,France,993.0
2011-11-01,2011.0,Nov,11,Germany,1122.0
2011-11-01,2011.0,Nov,11,Italy,323.0
2011-11-01,2011.0,Nov,11,Japan,526.0
2011-11-01,2011.0,Nov,11,Netherlands,751.0
2011-11-01,2011.0,Nov,11,Norway,2099.0
2011-11-01,2011.0,Nov,11,Other,2599.0
2011-11-01,2011.0,Nov,11,Poland,492.0
2011-11-01,2011.0,Nov,11,Russia,95.0
2011-11-01,2011.0,Nov,11,Spain,187.0
2011-11-01,2011.0,Nov,11,Sweden,1766.0
2011-11-01,2011.0,Nov,11,Switzerland,139.0
2011-11-01,2011.0,Nov,11,UK,5090.0
2011-11-01,2011.0,Nov,11,USA,4108.0
2011-12-01,2011.0,Dec,12,Canada,310.0
2011-12-01,2011.0,Dec,12,China,693.0
2011-12-01,2011.0,Dec,12,Denmark,1316.0
2011-12-01,2011.0,Dec,12,Finland,468.0
2011-12-01,2011.0,Dec,12,France,822.0
2011-12-01,2011.0,Dec,12,Germany,948.0
2011-12-01,2011.0,Dec,12,Italy,205.0
2011-12-01,2011.0,Dec,12,Japan,698.0
2011-12-01,2011.0,Dec,12,Netherlands,537.0
2011-12-01,2011.0,Dec,12,Norway,1295.0
2011-12-01,2011.0,Dec,12,Other,3066.0
2011-12-01,2011.0,Dec,12,Poland,1403.0
2011-12-01,2011.0,Dec,12,Russia,72.0
2011-12-01,2011.0,Dec,12,Spain,239.0
2011-12-01,2011.0,Dec,12,Sweden,1192.0
2011-12-01,2011.0,Dec,12,Switzerland,129.0
2011-12-01,2011.0,Dec,12,UK,4834.0
2011-12-01,2011.0,Dec,12,USA,2732.0
2012-01-01,2012.0,Jan,1,Canada,361.0
2012-01-01,2012.0,Jan,1,China,449.0
2012-01-01,2012.0,Jan,1,Denmark,1715.0
2012-01-01,2012.0,Jan,1,Finland,416.0
2012-01-01,2012.0,Jan,1,France,1387.0
2012-01-01,2012.0,Jan,1,Germany,1272.0
2012-01-01,2012.0,Jan,1,Italy,249.0
2012-01-01,2012.0,Jan,1,Japan,1076.0
2012-01-01,2012.0,Jan,1,Netherlands,722.0
2012-01-01,2012.0,Jan,1,Norway,1718.0
2012-01-01,2012.0,Jan,1,Other,3088.0
2012-01-01,2012.0,Jan,1,Poland,470.0
2012-01-01,2012.0,Jan,1,Russia,315.0
2012-01-01,2012.0,Jan,1,Spain,352.0
2012-01-01,2012.0,Jan,1,Sweden,1440.0
2012-01-01,2012.0,Jan,1,Switzerland,252.0
2012-01-01,2012.0,Jan,1,UK,6956.0
2012-01-01,2012.0,Jan,1,USA,3914.0
2012-02-01,2012.0,Feb,2,Canada,284.0
2012-02-01,2012.0,Feb,2,China,343.0
2012-02-01,2012.0,Feb,2,Denmark,1525.0
2012-02-01,2012.0,Feb,2,Finland,238.0
2012-02-01,2012.0,Feb,2,France,1336.0
2012-02-01,2012.0,Feb,2,Germany,1079.0
2012-02-01,2012.0,Feb,2,Italy,208.0
2012-02-01,2012.0,Feb,2,Japan,1078.0
2012-02-01,2012.0,Feb,2,Netherlands,1021.0
2012-02-01,2012.0,Feb,2,Norway,1949.0
2012-02-01,2012.0,Feb,2,Other,2630.0
2012-02-01,2012.0,Feb,2,Poland,341.0
2012-02-01,2012.0,Feb,2,Russia,66.0
2012-02-01,2012.0,Feb,2,Spain,206.0
2012-02-01,2012.0,Feb,2,Sweden,1035.0
2012-02-01,2012.0,Feb,2,Switzerland,169.0
2012-02-01,2012.0,Feb,2,UK,10522.0
2012-02-01,2012.0,Feb,2,USA,3879.0
2012-03-01,2012.0,Mar,3,Canada,455.0
2012-03-01,2012.0,Mar,3,China,376.0
2012-03-01,2012.0,Mar,3,Denmark,2695.0
2012-03-01,2012.0,Mar,3,Finland,725.0
2012-03-01,2012.0,Mar,3,France,1747.0
2012-03-01,2012.0,Mar,3,Germany,2015.0
2012-03-01,2012.0,Mar,3,Italy,354.0
2012-03-01,2012.0,Mar,3,Japan,884.0
2012-03-01,2012.0,Mar,3,Netherlands,1279.0
2012-03-01,2012.0,Mar,3,Norway,3144.0
2012-03-01,2012.0,Mar,3,Other,3350.0
2012-03-01,2012.0,Mar,3,Poland,544.0
2012-03-01,2012.0,Mar,3,Russia,153.0
2012-03-01,2012.0,Mar,3,Spain,346.0
2012-03-01,2012.0,Mar,3,Sweden,1680.0
2012-03-01,2012.0,Mar,3,Switzerland,230.0
2012-03-01,2012.0,Mar,3,UK,9107.0
2012-03-01,2012.0,Mar,3,USA,4513.0
2012-04-01,2012.0,Apr,4,Canada,1294.0
2012-04-01,2012.0,Apr,4,China,630.0
2012-04-01,2012.0,Apr,4,Denmark,2855.0
2012-04-01,2012.0,Apr,4,Finland,1093.0
2012-04-01,2012.0,Apr,4,France,2213.0
2012-04-01,2012.0,Apr,4,Germany,2571.0
2012-04-01,2012.0,Apr,4,Italy,329.0
2012-04-01,2012.0,Apr,4,Japan,415.0
2012-04-01,2012.0,Apr,4,Netherlands,1158.0
2012-04-01,2012.0,Apr,4,Norway,3889.0
2012-04-01,2012.0,Apr,4,Other,3815.0
2012-04-01,2012.0,Apr,4,Poland,911.0
2012-04-01,2012.0,Apr,4,Russia,203.0
2012-04-01,2012.0,Apr,4,Spain,436.0
2012-04-01,2012.0,Apr,4,Sweden,2651.0
2012-04-01,2012.0,Apr,4,Switzerland,325.0
2012-04-01,2012.0,Apr,4,UK,8437.0
2012-04-01,2012.0,Apr,4,USA,4450.0
2012-05-01,2012.0,May,5,Canada,1746.0
2012-05-01,2012.0,May,5,China,798.0
2012-05-01,2012.0,May,5,Denmark,2981.0
2012-05-01,2012.0,May,5,Finland,1381.0
2012-05-01,2012.0,May,5,France,2314.0
2012-05-01,2012.0,May,5,Germany,4045.0
2012-05-01,2012.0,May,5,Italy,421.0
2012-05-01,2012.0,May,5,Japan,356.0
2012-05-01,2012.0,May,5,Netherlands,2119.0
2012-05-01,2012.0,May,5,Norway,4795.0
2012-05-01,2012.0,May,5,Other,5726.0
2012-05-01,2012.0,May,5,Poland,1359.0
2012-05-01,2012.0,May,5,Russia,522.0
2012-05-01,2012.0,May,5,Spain,974.0
2012-05-01,2012.0,May,5,Sweden,3509.0
2012-05-01,2012.0,May,5,Switzerland,360.0
2012-05-01,2012.0,May,5,UK,4352.0
2012-05-01,2012.0,May,5,USA,7469.0
2012-06-01,2012.0,Jun,6,Canada,2698.0
2012-06-01,2012.0,Jun,6,China,2093.0
2012-06-01,2012.0,Jun,6,Denmark,4175.0
2012-06-01,2012.0,Jun,6,Finland,1969.0
2012-06-01,2012.0,Jun,6,France,4412.0
2012-06-01,2012.0,Jun,6,Germany,9659.0
2012-06-01,2012.0,Jun,6,Italy,1385.0
2012-06-01,2012.0,Jun,6,Japan,557.0
2012-06-01,2012.0,Jun,6,Netherlands,2319.0
2012-06-01,2012.0,Jun,6,Norway,5850.0
2012-06-01,2012.0,Jun,6,Other,9842.0
2012-06-01,2012.0,Jun,6,Poland,2313.0
2012-06-01,2012.0,Jun,6,Russia,455.0
2012-06-01,2012.0,Jun,6,Spain,1006.0
2012-06-01,2012.0,Jun,6,Sweden,3995.0
2012-06-01,2012.0,Jun,6,Switzerland,1461.0
2012-06-01,2012.0,Jun,6,UK,5878.0
2012-06-01,2012.0,Jun,6,USA,14258.0
2012-07-01,2012.0,Jul,7,Canada,3048.0
2012-07-01,2012.0,Jul,7,China,2408.0
2012-07-01,2012.0,Jul,7,Denmark,8167.0
2012-07-01,2012.0,Jul,7,Finland,2198.0
2012-07-01,2012.0,Jul,7,France,8454.0
2012-07-01,2012.0,Jul,7,Germany,15461.0
2012-07-01,2012.0,Jul,7,Italy,3176.0
2012-07-01,2012.0,Jul,7,Japan,589.0
2012-07-01,2012.0,Jul,7,Netherlands,3841.0
2012-07-01,2012.0,Jul,7,Norway,6686.0
2012-07-01,2012.0,Jul,7,Other,17772.0
2012-07-01,2012.0,Jul,7,Poland,2957.0
2012-07-01,2012.0,Jul,7,Russia,752.0
2012-07-01,2012.0,Jul,7,Spain,2971.0
2012-07-01,2012.0,Jul,7,Sweden,6257.0
2012-07-01,2012.0,Jul,7,Switzerland,3918.0
2012-07-01,2012.0,Jul,7,UK,8506.0
2012-07-01,2012.0,Jul,7,USA,14960.0
2012-08-01,2012.0,Aug,8,Canada,3652.0
2012-08-01,2012.0,Aug,8,China,2417.0
2012-08-01,2012.0,Aug,8,Denmark,6110.0
2012-08-01,2012.0,Aug,8,Finland,1542.0
2012-08-01,2012.0,Aug,8,France,12258.0
2012-08-01,2012.0,Aug,8,Germany,16633.0
2012-08-01,2012.0,Aug,8,Italy,5653.0
2012-08-01,2012.0,Aug,8,Japan,828.0
2012-08-01,2012.0,Aug,8,Netherlands,4006.0
2012-08-01,2012.0,Aug,8,Norway,5956.0
2012-08-01,2012.0,Aug,8,Other,15140.0
2012-08-01,2012.0,Aug,8,Poland,2091.0
2012-08-01,2012.0,Aug,8,Russia,1215.0
2012-08-01,2012.0,Aug,8,Spain,5547.0
2012-08-01,2012.0,Aug,8,Sweden,4926.0
2012-08-01,2012.0,Aug,8,Switzerland,3696.0
2012-08-01,2012.0,Aug,8,UK,7784.0
2012-08-01,2012.0,Aug,8,USA,15825.0
2012-09-01,2012.0,Sep,9,Canada,2488.0
2012-09-01,2012.0,Sep,9,China,1651.0
2012-09-01,2012.0,Sep,9,Denmark,4138.0
2012-09-01,2012.0,Sep,9,Finland,1792.0
2012-09-01,2012.0,Sep,9,France,3646.0
2012-09-01,2012.0,Sep,9,Germany,6418.0
2012-09-01,2012.0,Sep,9,Italy,950.0
2012-09-01,2012.0,Sep,9,Japan,1812.0
2012-09-01,2012.0,Sep,9,Netherlands,2045.0
2012-09-01,2012.0,Sep,9,Norway,7486.0
2012-09-01,2012.0,Sep,9,Other,7543.0
2012-09-01,2012.0,Sep,9,Poland,1193.0
2012-09-01,2012.0,Sep,9,Russia,372.0
2012-09-01,2012.0,Sep,9,Spain,1841.0
2012-09-01,2012.0,Sep,9,Sweden,4139.0
2012-09-01,2012.0,Sep,9,Switzerland,1025.0
2012-09-01,2012.0,Sep,9,UK,6313.0
2012-09-01,2012.0,Sep,9,USA,9820.0
2012-10-01,2012.0,Oct,10,Canada,1702.0
2012-10-01,2012.0,Oct,10,China,1080.0
2012-10-01,2012.0,Oct,10,Denmark,3392.0
2012-10-01,2012.0,Oct,10,Finland,935.0
2012-10-01,2012.0,Oct,10,France,1196.0
2012-10-01,2012.0,Oct,10,Germany,2703.0
2012-10-01,2012.0,Oct,10,Italy,338.0
2012-10-01,2012.0,Oct,10,Japan,671.0
2012-10-01,2012.0,Oct,10,Netherlands,1414.0
2012-10-01,2012.0,Oct,10,Norway,5008.0
2012-10-01,2012.0,Oct,10,Other,5418.0
2012-10-01,2012.0,Oct,10,Poland,754.0
2012-10-01,2012.0,Oct,10,Russia,413.0
2012-10-01,2012.0,Oct,10,Spain,931.0
2012-10-01,2012.0,Oct,10,Sweden,2648.0
2012-10-01,2012.0,Oct,10,Switzerland,1021.0
2012-10-01,2012.0,Oct,10,UK,9458.0
2012-10-01,2012.0,Oct,10,USA,5912.0
2012-11-01,2012.0,Nov,11,Canada,676.0
2012-11-01,2012.0,Nov,11,China,532.0
2012-11-01,2012.0,Nov,11,Denmark,1804.0
2012-11-01,2012.0,Nov,11,Finland,758.0
2012-11-01,2012.0,Nov,11,France,1514.0
2012-11-01,2012.0,Nov,11,Germany,1922.0
2012-11-01,2012.0,Nov,11,Italy,532.0
2012-11-01,2012.0,Nov,11,Japan,1020.0
2012-11-01,2012.0,Nov,11,Netherlands,835.0
2012-11-01,2012.0,Nov,11,Norway,3065.0
2012-11-01,2012.0,Nov,11,Other,4291.0
2012-11-01,2012.0,Nov,11,Poland,528.0
2012-11-01,2012.0,Nov,11,Russia,185.0
2012-11-01,2012.0,Nov,11,Spain,280.0
2012-11-01,2012.0,Nov,11,Sweden,2146.0
2012-11-01,2012.0,Nov,11,Switzerland,207.0
2012-11-01,2012.0,Nov,11,UK,10241.0
2012-11-01,2012.0,Nov,11,USA,6414.0
2012-12-01,2012.0,Dec,12,Canada,356.0
2012-12-01,2012.0,Dec,12,China,1259.0
2012-12-01,2012.0,Dec,12,Denmark,1349.0
2012-12-01,2012.0,Dec,12,Finland,637.0
2012-12-01,2012.0,Dec,12,France,1093.0
2012-12-01,2012.0,Dec,12,Germany,1401.0
2012-12-01,2012.0,Dec,12,Italy,246.0
2012-12-01,2012.0,Dec,12,Japan,1057.0
2012-12-01,2012.0,Dec,12,Netherlands,546.0
2012-12-01,2012.0,Dec,12,Norway,1988.0
2012-12-01,2012.0,Dec,12,Other,4146.0
2012-12-01,2012.0,Dec,12,Poland,1475.0
2012-12-01,2012.0,Dec,12,Russia,73.0
2012-12-01,2012.0,Dec,12,Spain,388.0
2012-12-01,2012.0,Dec,12,Sweden,1175.0
2012-12-01,2012.0,Dec,12,Switzerland,174.0
2012-12-01,2012.0,Dec,12,UK,7045.0
2012-12-01,2012.0,Dec,12,USA,3612.0
2013-01-01,2013.0,Jan,1,Canada,404.0
2013-01-01,2013.0,Jan,1,China,738.0
2013-01-01,2013.0,Jan,1,Denmark,1504.0
2013-01-01,2013.0,Jan,1,Finland,347.0
2013-01-01,2013.0,Jan,1,France,1371.0
2013-01-01,2013.0,Jan,1,Germany,2101.0
2013-01-01,2013.0,Jan,1,Italy,335.0
2013-01-01,2013.0,Jan,1,Japan,1566.0
2013-01-01,2013.0,Jan,1,Netherlands,733.0
2013-01-01,2013.0,Jan,1,Norway,2003.0
2013-01-01,2013.0,Jan,1,Other,4022.0
2013-01-01,2013.0,Jan,1,Poland,486.0
2013-01-01,2013.0,Jan,1,Russia,355.0
2013-01-01,2013.0,Jan,1,Spain,415.0
2013-01-01,2013.0,Jan,1,Sweden,1480.0
2013-01-01,2013.0,Jan,1,Switzerland,345.0
2013-01-01,2013.0,Jan,1,UK,10031.0
2013-01-01,2013.0,Jan,1,USA,5054.0
2013-02-01,2013.0,Feb,2,Canada,374.0
2013-02-01,2013.0,Feb,2,China,779.0
2013-02-01,2013.0,Feb,2,Denmark,1590.0
2013-02-01,2013.0,Feb,2,Finland,387.0
2013-02-01,2013.0,Feb,2,France,1671.0
2013-02-01,2013.0,Feb,2,Germany,2278.0
2013-02-01,2013.0,Feb,2,Italy,299.0
2013-02-01,2013.0,Feb,2,Japan,1148.0
2013-02-01,2013.0,Feb,2,Netherlands,1272.0
2013-02-01,2013.0,Feb,2,Norway,2418.0
2013-02-01,2013.0,Feb,2,Other,3811.0
2013-02-01,2013.0,Feb,2,Poland,490.0
2013-02-01,2013.0,Feb,2,Russia,245.0
2013-02-01,2013.0,Feb,2,Spain,321.0
2013-02-01,2013.0,Feb,2,Sweden,1142.0
2013-02-01,2013.0,Feb,2,Switzerland,427.0
2013-02-01,2013.0,Feb,2,UK,15970.0
2013-02-01,2013.0,Feb,2,USA,5357.0
2013-03-01,2013.0,Mar,3,Canada,1044.0
2013-03-01,2013.0,Mar,3,China,796.0
2013-03-01,2013.0,Mar,3,Denmark,2747.0
2013-03-01,2013.0,Mar,3,Finland,756.0
2013-03-01,2013.0,Mar,3,France,2427.0
2013-03-01,2013.0,Mar,3,Germany,3117.0
2013-03-01,2013.0,Mar,3,Italy,436.0
2013-03-01,2013.0,Mar,3,Japan,1417.0
2013-03-01,2013.0,Mar,3,Netherlands,1552.0
2013-03-01,2013.0,Mar,3,Norway,3556.0
2013-03-01,2013.0,Mar,3,Other,4861.0
2013-03-01,2013.0,Mar,3,Poland,682.0
2013-03-01,2013.0,Mar,3,Russia,230.0
2013-03-01,2013.0,Mar,3,Spain,373.0
2013-03-01,2013.0,Mar,3,Sweden,2079.0
2013-03-01,2013.0,Mar,3,Switzerland,375.0
2013-03-01,2013.0,Mar,3,UK,15458.0
2013-03-01,2013.0,Mar,3,USA,6962.0
2013-04-01,2013.0,Apr,4,Canada,1584.0
2013-04-01,2013.0,Apr,4,China,491.0
2013-04-01,2013.0,Apr,4,Denmark,2750.0
2013-04-01,2013.0,Apr,4,Finland,1416.0
2013-04-01,2013.0,Apr,4,France,1911.0
2013-04-01,2013.0,Apr,4,Germany,2786.0
2013-04-01,2013.0,Apr,4,Italy,502.0
2013-04-01,2013.0,Apr,4,Japan,497.0
2013-04-01,2013.0,Apr,4,Netherlands,1248.0
2013-04-01,2013.0,Apr,4,Norway,4203.0
2013-04-01,2013.0,Apr,4,Other,6205.0
2013-04-01,2013.0,Apr,4,Poland,629.0
2013-04-01,2013.0,Apr,4,Russia,338.0
2013-04-01,2013.0,Apr,4,Spain,680.0
2013-04-01,2013.0,Apr,4,Sweden,2647.0
2013-04-01,2013.0,Apr,4,Switzerland,398.0
2013-04-01,2013.0,Apr,4,UK,11490.0
2013-04-01,2013.0,Apr,4,USA,5990.0
2013-05-01,2013.0,May,5,Canada,2278.0
2013-05-01,2013.0,May,5,China,896.0
2013-05-01,2013.0,May,5,Denmark,3427.0
2013-05-01,2013.0,May,5,Finland,1481.0
2013-05-01,2013.0,May,5,France,3012.0
2013-05-01,2013.0,May,5,Germany,5163.0
2013-05-01,2013.0,May,5,Italy,777.0
2013-05-01,2013.0,May,5,Japan,306.0
2013-05-01,2013.0,May,5,Netherlands,1725.0
2013-05-01,2013.0,May,5,Norway,5771.0
2013-05-01,2013.0,May,5,Other,6461.0
2013-05-01,2013.0,May,5,Poland,1202.0
2013-05-01,2013.0,May,5,Russia,503.0
2013-05-01,2013.0,May,5,Spain,864.0
2013-05-01,2013.0,May,5,Sweden,3683.0
2013-05-01,2013.0,May,5,Switzerland,472.0
2013-05-01,2013.0,May,5,UK,6763.0
2013-05-01,2013.0,May,5,USA,8864.0
2013-06-01,2013.0,Jun,6,Canada,3333.0
2013-06-01,2013.0,Jun,6,China,2705.0
2013-06-01,2013.0,Jun,6,Denmark,4300.0
2013-06-01,2013.0,Jun,6,Finland,1898.0
2013-06-01,2013.0,Jun,6,France,6268.0
2013-06-01,2013.0,Jun,6,Germany,12139.0
2013-06-01,2013.0,Jun,6,Italy,1790.0
2013-06-01,2013.0,Jun,6,Japan,533.0
2013-06-01,2013.0,Jun,6,Netherlands,2514.0
2013-06-01,2013.0,Jun,6,Norway,6386.0
2013-06-01,2013.0,Jun,6,Other,12182.0
2013-06-01,2013.0,Jun,6,Poland,2771.0
2013-06-01,2013.0,Jun,6,Russia,710.0
2013-06-01,2013.0,Jun,6,Spain,1598.0
2013-06-01,2013.0,Jun,6,Sweden,4461.0
2013-06-01,2013.0,Jun,6,Switzerland,1721.0
2013-06-01,2013.0,Jun,6,UK,6969.0
2013-06-01,2013.0,Jun,6,USA,17581.0
2013-07-01,2013.0,Jul,7,Canada,3573.0
2013-07-01,2013.0,Jul,7,China,2628.0
2013-07-01,2013.0,Jul,7,Denmark,8938.0
2013-07-01,2013.0,Jul,7,Finland,1786.0
2013-07-01,2013.0,Jul,7,France,10183.0
2013-07-01,2013.0,Jul,7,Germany,15027.0
2013-07-01,2013.0,Jul,7,Italy,3380.0
2013-07-01,2013.0,Jul,7,Japan,654.0
2013-07-01,2013.0,Jul,7,Netherlands,4237.0
2013-07-01,2013.0,Jul,7,Norway,6268.0
2013-07-01,2013.0,Jul,7,Other,21475.0
2013-07-01,2013.0,Jul,7,Poland,2944.0
2013-07-01,2013.0,Jul,7,Russia,1514.0
2013-07-01,2013.0,Jul,7,Spain,2975.0
2013-07-01,2013.0,Jul,7,Sweden,5298.0
2013-07-01,2013.0,Jul,7,Switzerland,4235.0
2013-07-01,2013.0,Jul,7,UK,9954.0
2013-07-01,2013.0,Jul,7,USA,18452.0
2013-08-01,2013.0,Aug,8,Canada,3632.0
2013-08-01,2013.0,Aug,8,China,3064.0
2013-08-01,2013.0,Aug,8,Denmark,5547.0
2013-08-01,2013.0,Aug,8,Finland,1731.0
2013-08-01,2013.0,Aug,8,France,12927.0
2013-08-01,2013.0,Aug,8,Germany,18457.0
2013-08-01,2013.0,Aug,8,Italy,6312.0
2013-08-01,2013.0,Aug,8,Japan,1034.0
2013-08-01,2013.0,Aug,8,Netherlands,4443.0
2013-08-01,2013.0,Aug,8,Norway,6076.0
2013-08-01,2013.0,Aug,8,Other,19835.0
2013-08-01,2013.0,Aug,8,Poland,2053.0
2013-08-01,2013.0,Aug,8,Russia,1729.0
2013-08-01,2013.0,Aug,8,Spain,6060.0
2013-08-01,2013.0,Aug,8,Sweden,5069.0
2013-08-01,2013.0,Aug,8,Switzerland,4239.0
2013-08-01,2013.0,Aug,8,UK,10215.0
2013-08-01,2013.0,Aug,8,USA,19409.0
2013-09-01,2013.0,Sep,9,Canada,2944.0
2013-09-01,2013.0,Sep,9,China,1797.0
2013-09-01,2013.0,Sep,9,Denmark,4884.0
2013-09-01,2013.0,Sep,9,Finland,1577.0
2013-09-01,2013.0,Sep,9,France,3855.0
2013-09-01,2013.0,Sep,9,Germany,7669.0
2013-09-01,2013.0,Sep,9,Italy,1024.0
2013-09-01,2013.0,Sep,9,Japan,1752.0
2013-09-01,2013.0,Sep,9,Netherlands,1993.0
2013-09-01,2013.0,Sep,9,Norway,6733.0
2013-09-01,2013.0,Sep,9,Other,10169.0
2013-09-01,2013.0,Sep,9,Poland,1396.0
2013-09-01,2013.0,Sep,9,Russia,629.0
2013-09-01,2013.0,Sep,9,Spain,2025.0
2013-09-01,2013.0,Sep,9,Sweden,3899.0
2013-09-01,2013.0,Sep,9,Switzerland,1209.0
2013-09-01,2013.0,Sep,9,UK,8087.0
2013-09-01,2013.0,Sep,9,USA,11547.0
2013-10-01,2013.0,Oct,10,Canada,1978.0
2013-10-01,2013.0,Oct,10,China,1110.0
2013-10-01,2013.0,Oct,10,Denmark,3951.0
2013-10-01,2013.0,Oct,10,Finland,1198.0
2013-10-01,2013.0,Oct,10,France,1698.0
2013-10-01,2013.0,Oct,10,Germany,3198.0
2013-10-01,2013.0,Oct,10,Italy,400.0
2013-10-01,2013.0,Oct,10,Japan,1018.0
2013-10-01,2013.0,Oct,10,Netherlands,1201.0
2013-10-01,2013.0,Oct,10,Norway,4708.0
2013-10-01,2013.0,Oct,10,Other,7769.0
2013-10-01,2013.0,Oct,10,Poland,774.0
2013-10-01,2013.0,Oct,10,Russia,246.0
2013-10-01,2013.0,Oct,10,Spain,583.0
2013-10-01,2013.0,Oct,10,Sweden,2527.0
2013-10-01,2013.0,Oct,10,Switzerland,405.0
2013-10-01,2013.0,Oct,10,UK,13000.0
2013-10-01,2013.0,Oct,10,USA,7162.0
2013-11-01,2013.0,Nov,11,Canada,1730.0
2013-11-01,2013.0,Nov,11,China,595.0
2013-11-01,2013.0,Nov,11,Denmark,1956.0
2013-11-01,2013.0,Nov,11,Finland,578.0
2013-11-01,2013.0,Nov,11,France,1656.0
2013-11-01,2013.0,Nov,11,Germany,2367.0
2013-11-01,2013.0,Nov,11,Italy,656.0
2013-11-01,2013.0,Nov,11,Japan,1137.0
2013-11-01,2013.0,Nov,11,Netherlands,1034.0
2013-11-01,2013.0,Nov,11,Norway,2804.0
2013-11-01,2013.0,Nov,11,Other,5368.0
2013-11-01,2013.0,Nov,11,Poland,570.0
2013-11-01,2013.0,Nov,11,Russia,298.0
2013-11-01,2013.0,Nov,11,Spain,606.0
2013-11-01,2013.0,Nov,11,Sweden,1955.0
2013-11-01,2013.0,Nov,11,Switzerland,281.0
2013-11-01,2013.0,Nov,11,UK,15527.0
2013-11-01,2013.0,Nov,11,USA,7333.0
2013-12-01,2013.0,Dec,12,Canada,1096.0
2013-12-01,2013.0,Dec,12,China,1998.0
2013-12-01,2013.0,Dec,12,Denmark,1525.0
2013-12-01,2013.0,Dec,12,Finland,644.0
2013-12-01,2013.0,Dec,12,France,1334.0
2013-12-01,2013.0,Dec,12,Germany,1512.0
2013-12-01,2013.0,Dec,12,Italy,302.0
2013-12-01,2013.0,Dec,12,Japan,1301.0
2013-12-01,2013.0,Dec,12,Netherlands,868.0
2013-12-01,2013.0,Dec,12,Norway,1781.0
2013-12-01,2013.0,Dec,12,Other,5685.0
2013-12-01,2013.0,Dec,12,Poland,1838.0
2013-12-01,2013.0,Dec,12,Russia,191.0
2013-12-01,2013.0,Dec,12,Spain,517.0
2013-12-01,2013.0,Dec,12,Sweden,1251.0
2013-12-01,2013.0,Dec,12,Switzerland,200.0
2013-12-01,2013.0,Dec,12,UK,13644.0
2013-12-01,2013.0,Dec,12,USA,6001.0
2014-01-01,2014.0,Jan,1,Canada,1020.0
2014-01-01,2014.0,Jan,1,China,1331.0
2014-01-01,2014.0,Jan,1,Denmark,1932.0
2014-01-01,2014.0,Jan,1,Finland,351.0
2014-01-01,2014.0,Jan,1,France,1981.0
2014-01-01,2014.0,Jan,1,Germany,2329.0
2014-01-01,2014.0,Jan,1,Italy,350.0
2014-01-01,2014.0,Jan,1,Japan,1778.0
2014-01-01,2014.0,Jan,1,Netherlands,953.0
2014-01-01,2014.0,Jan,1,Norway,1982.0
2014-01-01,2014.0,Jan,1,Other,5383.0
2014-01-01,2014.0,Jan,1,Poland,678.0
2014-01-01,2014.0,Jan,1,Russia,600.0
2014-01-01,2014.0,Jan,1,Spain,500.0
2014-01-01,2014.0,Jan,1,Sweden,1760.0
2014-01-01,2014.0,Jan,1,Switzerland,376.0
2014-01-01,2014.0,Jan,1,UK,16576.0
2014-01-01,2014.0,Jan,1,USA,6770.0
2014-02-01,2014.0,Feb,2,Canada,1139.0
2014-02-01,2014.0,Feb,2,China,1158.0
2014-02-01,2014.0,Feb,2,Denmark,1876.0
2014-02-01,2014.0,Feb,2,Finland,347.0
2014-02-01,2014.0,Feb,2,France,2498.0
2014-02-01,2014.0,Feb,2,Germany,2140.0
2014-02-01,2014.0,Feb,2,Italy,310.0
2014-02-01,2014.0,Feb,2,Japan,1290.0
2014-02-01,2014.0,Feb,2,Netherlands,1651.0
2014-02-01,2014.0,Feb,2,Norway,2509.0
2014-02-01,2014.0,Feb,2,Other,5236.0
2014-02-01,2014.0,Feb,2,Poland,524.0
2014-02-01,2014.0,Feb,2,Russia,165.0
2014-02-01,2014.0,Feb,2,Spain,363.0
2014-02-01,2014.0,Feb,2,Sweden,1292.0
2014-02-01,2014.0,Feb,2,Switzerland,388.0
2014-02-01,2014.0,Feb,2,UK,22820.0
2014-02-01,2014.0,Feb,2,USA,6743.0
2014-03-01,2014.0,Mar,3,Canada,2304.0
2014-03-01,2014.0,Mar,3,China,991.0
2014-03-01,2014.0,Mar,3,Denmark,2769.0
2014-03-01,2014.0,Mar,3,Finland,783.0
2014-03-01,2014.0,Mar,3,France,2999.0
2014-03-01,2014.0,Mar,3,Germany,3410.0
2014-03-01,2014.0,Mar,3,Italy,604.0
2014-03-01,2014.0,Mar,3,Japan,1556.0
2014-03-01,2014.0,Mar,3,Netherlands,1857.0
2014-03-01,2014.0,Mar,3,Norway,3489.0
2014-03-01,2014.0,Mar,3,Other,8275.0
2014-03-01,2014.0,Mar,3,Poland,551.0
2014-03-01,2014.0,Mar,3,Russia,348.0
2014-03-01,2014.0,Mar,3,Spain,566.0
2014-03-01,2014.0,Mar,3,Sweden,1938.0
2014-03-01,2014.0,Mar,3,Switzerland,383.0
2014-03-01,2014.0,Mar,3,UK,21093.0
2014-03-01,2014.0,Mar,3,USA,12217.0
2014-04-01,2014.0,Apr,4,Canada,2835.0
2014-04-01,2014.0,Apr,4,China,1053.0
2014-04-01,2014.0,Apr,4,Denmark,3477.0
2014-04-01,2014.0,Apr,4,Finland,1382.0
2014-04-01,2014.0,Apr,4,France,2345.0
2014-04-01,2014.0,Apr,4,Germany,3508.0
2014-04-01,2014.0,Apr,4,Italy,776.0
2014-04-01,2014.0,Apr,4,Japan,486.0
2014-04-01,2014.0,Apr,4,Netherlands,1308.0
2014-04-01,2014.0,Apr,4,Norway,4908.0
2014-04-01,2014.0,Apr,4,Other,7707.0
2014-04-01,2014.0,Apr,4,Poland,1098.0
2014-04-01,2014.0,Apr,4,Russia,289.0
2014-04-01,2014.0,Apr,4,Spain,873.0
2014-04-01,2014.0,Apr,4,Sweden,3234.0
2014-04-01,2014.0,Apr,4,Switzerland,594.0
2014-04-01,2014.0,Apr,4,UK,15661.0
2014-04-01,2014.0,Apr,4,USA,7691.0
2014-05-01,2014.0,May,5,Canada,4020.0
2014-05-01,2014.0,May,5,China,1246.0
2014-05-01,2014.0,May,5,Denmark,4116.0
2014-05-01,2014.0,May,5,Finland,1922.0
2014-05-01,2014.0,May,5,France,3656.0
2014-05-01,2014.0,May,5,Germany,4822.0
2014-05-01,2014.0,May,5,Italy,941.0
2014-05-01,2014.0,May,5,Japan,586.0
2014-05-01,2014.0,May,5,Netherlands,1891.0
2014-05-01,2014.0,May,5,Norway,5587.0
2014-05-01,2014.0,May,5,Other,9682.0
2014-05-01,2014.0,May,5,Poland,1686.0
2014-05-01,2014.0,May,5,Russia,590.0
2014-05-01,2014.0,May,5,Spain,1045.0
2014-05-01,2014.0,May,5,Sweden,4264.0
2014-05-01,2014.0,May,5,Switzerland,884.0
2014-05-01,2014.0,May,5,UK,8280.0
2014-05-01,2014.0,May,5,USA,11495.0
2014-06-01,2014.0,Jun,6,Canada,5347.0
2014-06-01,2014.0,Jun,6,China,3794.0
2014-06-01,2014.0,Jun,6,Denmark,4939.0
2014-06-01,2014.0,Jun,6,Finland,2086.0
2014-06-01,2014.0,Jun,6,France,7131.0
2014-06-01,2014.0,Jun,6,Germany,14035.0
2014-06-01,2014.0,Jun,6,Italy,2036.0
2014-06-01,2014.0,Jun,6,Japan,575.0
2014-06-01,2014.0,Jun,6,Netherlands,2904.0
2014-06-01,2014.0,Jun,6,Norway,6281.0
2014-06-01,2014.0,Jun,6,Other,16771.0
2014-06-01,2014.0,Jun,6,Poland,3605.0
2014-06-01,2014.0,Jun,6,Russia,908.0
2014-06-01,2014.0,Jun,6,Spain,1801.0
2014-06-01,2014.0,Jun,6,Sweden,5405.0
2014-06-01,2014.0,Jun,6,Switzerland,2250.0
2014-06-01,2014.0,Jun,6,UK,9479.0
2014-06-01,2014.0,Jun,6,USA,21255.0
2014-07-01,2014.0,Jul,7,Canada,5328.0
2014-07-01,2014.0,Jul,7,China,4312.0
2014-07-01,2014.0,Jul,7,Denmark,8567.0
2014-07-01,2014.0,Jul,7,Finland,2433.0
2014-07-01,2014.0,Jul,7,France,10771.0
2014-07-01,2014.0,Jul,7,Germany,18059.0
2014-07-01,2014.0,Jul,7,Italy,3825.0
2014-07-01,2014.0,Jul,7,Japan,696.0
2014-07-01,2014.0,Jul,7,Netherlands,4734.0
2014-07-01,2014.0,Jul,7,Norway,6698.0
2014-07-01,2014.0,Jul,7,Other,22883.0
2014-07-01,2014.0,Jul,7,Poland,3863.0
2014-07-01,2014.0,Jul,7,Russia,1501.0
2014-07-01,2014.0,Jul,7,Spain,3804.0
2014-07-01,2014.0,Jul,7,Sweden,6328.0
2014-07-01,2014.0,Jul,7,Switzerland,5140.0
2014-07-01,2014.0,Jul,7,UK,12641.0
2014-07-01,2014.0,Jul,7,USA,22998.0
2014-08-01,2014.0,Aug,8,Canada,5534.0
2014-08-01,2014.0,Aug,8,China,4403.0
2014-08-01,2014.0,Aug,8,Denmark,5855.0
2014-08-01,2014.0,Aug,8,Finland,1728.0
2014-08-01,2014.0,Aug,8,France,15083.0
2014-08-01,2014.0,Aug,8,Germany,19330.0
2014-08-01,2014.0,Aug,8,Italy,7783.0
2014-08-01,2014.0,Aug,8,Japan,1008.0
2014-08-01,2014.0,Aug,8,Netherlands,4919.0
2014-08-01,2014.0,Aug,8,Norway,5871.0
2014-08-01,2014.0,Aug,8,Other,25986.0
2014-08-01,2014.0,Aug,8,Poland,2498.0
2014-08-01,2014.0,Aug,8,Russia,2031.0
2014-08-01,2014.0,Aug,8,Spain,7161.0
2014-08-01,2014.0,Aug,8,Sweden,5856.0
2014-08-01,2014.0,Aug,8,Switzerland,4742.0
2014-08-01,2014.0,Aug,8,UK,11156.0
2014-08-01,2014.0,Aug,8,USA,22513.0
2014-09-01,2014.0,Sep,9,Canada,4423.0
2014-09-01,2014.0,Sep,9,China,2022.0
2014-09-01,2014.0,Sep,9,Denmark,5284.0
2014-09-01,2014.0,Sep,9,Finland,1692.0
2014-09-01,2014.0,Sep,9,France,4687.0
2014-09-01,2014.0,Sep,9,Germany,9983.0
2014-09-01,2014.0,Sep,9,Italy,1245.0
2014-09-01,2014.0,Sep,9,Japan,2117.0
2014-09-01,2014.0,Sep,9,Netherlands,2241.0
2014-09-01,2014.0,Sep,9,Norway,5929.0
2014-09-01,2014.0,Sep,9,Other,12684.0
2014-09-01,2014.0,Sep,9,Poland,1795.0
2014-09-01,2014.0,Sep,9,Russia,666.0
2014-09-01,2014.0,Sep,9,Spain,2609.0
2014-09-01,2014.0,Sep,9,Sweden,4251.0
2014-09-01,2014.0,Sep,9,Switzerland,1948.0
2014-09-01,2014.0,Sep,9,UK,9384.0
2014-09-01,2014.0,Sep,9,USA,15329.0
2014-10-01,2014.0,Oct,10,Canada,2779.0
2014-10-01,2014.0,Oct,10,China,2016.0
2014-10-01,2014.0,Oct,10,Denmark,4450.0
2014-10-01,2014.0,Oct,10,Finland,1357.0
2014-10-01,2014.0,Oct,10,France,2814.0
2014-10-01,2014.0,Oct,10,Germany,3306.0
2014-10-01,2014.0,Oct,10,Italy,643.0
2014-10-01,2014.0,Oct,10,Japan,897.0
2014-10-01,2014.0,Oct,10,Netherlands,1675.0
2014-10-01,2014.0,Oct,10,Norway,5406.0
2014-10-01,2014.0,Oct,10,Other,10090.0
2014-10-01,2014.0,Oct,10,Poland,926.0
2014-10-01,2014.0,Oct,10,Russia,375.0
2014-10-01,2014.0,Oct,10,Spain,1039.0
2014-10-01,2014.0,Oct,10,Sweden,2865.0
2014-10-01,2014.0,Oct,10,Switzerland,1131.0
2014-10-01,2014.0,Oct,10,UK,16249.0
2014-10-01,2014.0,Oct,10,USA,8498.0
2014-11-01,2014.0,Nov,11,Canada,2630.0
2014-11-01,2014.0,Nov,11,China,858.0
2014-11-01,2014.0,Nov,11,Denmark,2884.0
2014-11-01,2014.0,Nov,11,Finland,736.0
2014-11-01,2014.0,Nov,11,France,2294.0
2014-11-01,2014.0,Nov,11,Germany,2941.0
2014-11-01,2014.0,Nov,11,Italy,819.0
2014-11-01,2014.0,Nov,11,Japan,1053.0
2014-11-01,2014.0,Nov,11,Netherlands,1179.0
2014-11-01,2014.0,Nov,11,Norway,3276.0
2014-11-01,2014.0,Nov,11,Other,7979.0
2014-11-01,2014.0,Nov,11,Poland,771.0
2014-11-01,2014.0,Nov,11,Russia,339.0
2014-11-01,2014.0,Nov,11,Spain,640.0
2014-11-01,2014.0,Nov,11,Sweden,2314.0
2014-11-01,2014.0,Nov,11,Switzerland,764.0
2014-11-01,2014.0,Nov,11,UK,19638.0
2014-11-01,2014.0,Nov,11,USA,9735.0
2014-12-01,2014.0,Dec,12,Canada,1431.0
2014-12-01,2014.0,Dec,12,China,2853.0
2014-12-01,2014.0,Dec,12,Denmark,2088.0
2014-12-01,2014.0,Dec,12,Finland,598.0
2014-12-01,2014.0,Dec,12,France,2034.0
2014-12-01,2014.0,Dec,12,Germany,2052.0
2014-12-01,2014.0,Dec,12,Italy,538.0
2014-12-01,2014.0,Dec,12,Japan,1298.0
2014-12-01,2014.0,Dec,12,Netherlands,910.0
2014-12-01,2014.0,Dec,12,Norway,1711.0
2014-12-01,2014.0,Dec,12,Other,8970.0
2014-12-01,2014.0,Dec,12,Poland,1964.0
2014-12-01,2014.0,Dec,12,Russia,152.0
2014-12-01,2014.0,Dec,12,Spain,531.0
2014-12-01,2014.0,Dec,12,Sweden,1485.0
2014-12-01,2014.0,Dec,12,Switzerland,715.0
2014-12-01,2014.0,Dec,12,UK,17526.0
2014-12-01,2014.0,Dec,12,USA,6860.0
2015-01-01,2015.0,Jan,1,Canada,1527.0
2015-01-01,2015.0,Jan,1,China,2149.0
2015-01-01,2015.0,Jan,1,Denmark,2164.0
2015-01-01,2015.0,Jan,1,Finland,482.0
2015-01-01,2015.0,Jan,1,France,3206.0
2015-01-01,2015.0,Jan,1,Germany,2971.0
2015-01-01,2015.0,Jan,1,Italy,505.0
2015-01-01,2015.0,Jan,1,Japan,2129.0
2015-01-01,2015.0,Jan,1,Netherlands,1150.0
2015-01-01,2015.0,Jan,1,Norway,1933.0
2015-01-01,2015.0,Jan,1,Other,8579.0
2015-01-01,2015.0,Jan,1,Poland,773.0
2015-01-01,2015.0,Jan,1,Russia,328.0
2015-01-01,2015.0,Jan,1,Spain,657.0
2015-01-01,2015.0,Jan,1,Sweden,2027.0
2015-01-01,2015.0,Jan,1,Switzerland,1116.0
2015-01-01,2015.0,Jan,1,UK,21686.0
2015-01-01,2015.0,Jan,1,USA,9377.0
2015-02-01,2015.0,Feb,2,Canada,1663.0
2015-02-01,2015.0,Feb,2,China,2107.0
2015-02-01,2015.0,Feb,2,Denmark,2318.0
2015-02-01,2015.0,Feb,2,Finland,624.0
2015-02-01,2015.0,Feb,2,France,3695.0
2015-02-01,2015.0,Feb,2,Germany,3415.0
2015-02-01,2015.0,Feb,2,Italy,502.0
2015-02-01,2015.0,Feb,2,Japan,1793.0
2015-02-01,2015.0,Feb,2,Netherlands,1906.0
2015-02-01,2015.0,Feb,2,Norway,2551.0
2015-02-01,2015.0,Feb,2,Other,7674.0
2015-02-01,2015.0,Feb,2,Poland,599.0
2015-02-01,2015.0,Feb,2,Russia,158.0
2015-02-01,2015.0,Feb,2,Spain,438.0
2015-02-01,2015.0,Feb,2,Sweden,1628.0
2015-02-01,2015.0,Feb,2,Switzerland,1118.0
2015-02-01,2015.0,Feb,2,UK,29250.0
2015-02-01,2015.0,Feb,2,USA,9039.0
2015-03-01,2015.0,Mar,3,Canada,2211.0
2015-03-01,2015.0,Mar,3,China,1862.0
2015-03-01,2015.0,Mar,3,Denmark,3183.0
2015-03-01,2015.0,Mar,3,Finland,803.0
2015-03-01,2015.0,Mar,3,France,3951.0
2015-03-01,2015.0,Mar,3,Germany,5067.0
2015-03-01,2015.0,Mar,3,Italy,880.0
2015-03-01,2015.0,Mar,3,Japan,1632.0
2015-03-01,2015.0,Mar,3,Netherlands,1819.0
2015-03-01,2015.0,Mar,3,Norway,3135.0
2015-03-01,2015.0,Mar,3,Other,11669.0
2015-03-01,2015.0,Mar,3,Poland,880.0
2015-03-01,2015.0,Mar,3,Russia,192.0
2015-03-01,2015.0,Mar,3,Spain,711.0
2015-03-01,2015.0,Mar,3,Sweden,2292.0
2015-03-01,2015.0,Mar,3,Switzerland,1035.0
2015-03-01,2015.0,Mar,3,UK,28142.0
2015-03-01,2015.0,Mar,3,USA,14391.0
2015-04-01,2015.0,Apr,4,Canada,2427.0
2015-04-01,2015.0,Apr,4,China,1690.0
2015-04-01,2015.0,Apr,4,Denmark,4323.0
2015-04-01,2015.0,Apr,4,Finland,1342.0
2015-04-01,2015.0,Apr,4,France,2938.0
2015-04-01,2015.0,Apr,4,Germany,3722.0
2015-04-01,2015.0,Apr,4,Italy,809.0
2015-04-01,2015.0,Apr,4,Japan,659.0
2015-04-01,2015.0,Apr,4,Netherlands,1105.0
2015-04-01,2015.0,Apr,4,Norway,4915.0
2015-04-01,2015.0,Apr,4,Other,10914.0
2015-04-01,2015.0,Apr,4,Poland,958.0
2015-04-01,2015.0,Apr,4,Russia,175.0
2015-04-01,2015.0,Apr,4,Spain,1442.0
2015-04-01,2015.0,Apr,4,Sweden,3289.0
2015-04-01,2015.0,Apr,4,Switzerland,1100.0
2015-04-01,2015.0,Apr,4,UK,18930.0
2015-04-01,2015.0,Apr,4,USA,10870.0
2015-05-01,2015.0,May,5,Canada,4475.0
2015-05-01,2015.0,May,5,China,2294.0
2015-05-01,2015.0,May,5,Denmark,4025.0
2015-05-01,2015.0,May,5,Finland,1933.0
2015-05-01,2015.0,May,5,France,4607.0
2015-05-01,2015.0,May,5,Germany,6771.0
2015-05-01,2015.0,May,5,Italy,1328.0
2015-05-01,2015.0,May,5,Japan,570.0
2015-05-01,2015.0,May,5,Netherlands,2504.0
2015-05-01,2015.0,May,5,Norway,5903.0
2015-05-01,2015.0,May,5,Other,14851.0
2015-05-01,2015.0,May,5,Poland,2408.0
2015-05-01,2015.0,May,5,Russia,406.0
2015-05-01,2015.0,May,5,Spain,1429.0
2015-05-01,2015.0,May,5,Sweden,5181.0
2015-05-01,2015.0,May,5,Switzerland,1354.0
2015-05-01,2015.0,May,5,UK,10717.0
2015-05-01,2015.0,May,5,USA,20267.0
2015-06-01,2015.0,Jun,6,Canada,6355.0
2015-06-01,2015.0,Jun,6,China,6961.0
2015-06-01,2015.0,Jun,6,Denmark,4267.0
2015-06-01,2015.0,Jun,6,Finland,2102.0
2015-06-01,2015.0,Jun,6,France,7254.0
2015-06-01,2015.0,Jun,6,Germany,14458.0
2015-06-01,2015.0,Jun,6,Italy,2234.0
2015-06-01,2015.0,Jun,6,Japan,700.0
2015-06-01,2015.0,Jun,6,Netherlands,2929.0
2015-06-01,2015.0,Jun,6,Norway,5640.0
2015-06-01,2015.0,Jun,6,Other,25149.0
2015-06-01,2015.0,Jun,6,Poland,3919.0
2015-06-01,2015.0,Jun,6,Russia,539.0
2015-06-01,2015.0,Jun,6,Spain,2136.0
2015-06-01,2015.0,Jun,6,Sweden,4505.0
2015-06-01,2015.0,Jun,6,Switzerland,3038.0
2015-06-01,2015.0,Jun,6,UK,11539.0
2015-06-01,2015.0,Jun,6,USA,33589.0
2015-07-01,2015.0,Jul,7,Canada,7069.0
2015-07-01,2015.0,Jul,7,China,7483.0
2015-07-01,2015.0,Jul,7,Denmark,8514.0
2015-07-01,2015.0,Jul,7,Finland,1937.0
2015-07-01,2015.0,Jul,7,France,12074.0
2015-07-01,2015.0,Jul,7,Germany,20047.0
2015-07-01,2015.0,Jul,7,Italy,4504.0
2015-07-01,2015.0,Jul,7,Japan,715.0
2015-07-01,2015.0,Jul,7,Netherlands,5086.0
2015-07-01,2015.0,Jul,7,Norway,6053.0
2015-07-01,2015.0,Jul,7,Other,30796.0
2015-07-01,2015.0,Jul,7,Poland,4915.0
2015-07-01,2015.0,Jul,7,Russia,898.0
2015-07-01,2015.0,Jul,7,Spain,5101.0
2015-07-01,2015.0,Jul,7,Sweden,6191.0
2015-07-01,2015.0,Jul,7,Switzerland,6460.0
2015-07-01,2015.0,Jul,7,UK,15601.0
2015-07-01,2015.0,Jul,7,USA,37235.0
2015-08-01,2015.0,Aug,8,Canada,6946.0
2015-08-01,2015.0,Aug,8,China,8101.0
2015-08-01,2015.0,Aug,8,Denmark,6022.0
2015-08-01,2015.0,Aug,8,Finland,1947.0
2015-08-01,2015.0,Aug,8,France,16193.0
2015-08-01,2015.0,Aug,8,Germany,23236.0
2015-08-01,2015.0,Aug,8,Italy,9063.0
2015-08-01,2015.0,Aug,8,Japan,1098.0
2015-08-01,2015.0,Aug,8,Netherlands,5592.0
2015-08-01,2015.0,Aug,8,Norway,5154.0
2015-08-01,2015.0,Aug,8,Other,29597.0
2015-08-01,2015.0,Aug,8,Poland,3645.0
2015-08-01,2015.0,Aug,8,Russia,989.0
2015-08-01,2015.0,Aug,8,Spain,9007.0
2015-08-01,2015.0,Aug,8,Sweden,5851.0
2015-08-01,2015.0,Aug,8,Switzerland,5516.0
2015-08-01,2015.0,Aug,8,UK,15063.0
2015-08-01,2015.0,Aug,8,USA,36410.0
2015-09-01,2015.0,Sep,9,Canada,6770.0
2015-09-01,2015.0,Sep,9,China,4364.0
2015-09-01,2015.0,Sep,9,Denmark,4866.0
2015-09-01,2015.0,Sep,9,Finland,1831.0
2015-09-01,2015.0,Sep,9,France,5081.0
2015-09-01,2015.0,Sep,9,Germany,12717.0
2015-09-01,2015.0,Sep,9,Italy,1977.0
2015-09-01,2015.0,Sep,9,Japan,2527.0
2015-09-01,2015.0,Sep,9,Netherlands,2725.0
2015-09-01,2015.0,Sep,9,Norway,5522.0
2015-09-01,2015.0,Sep,9,Other,20204.0
2015-09-01,2015.0,Sep,9,Poland,2663.0
2015-09-01,2015.0,Sep,9,Russia,475.0
2015-09-01,2015.0,Sep,9,Spain,3395.0
2015-09-01,2015.0,Sep,9,Sweden,4513.0
2015-09-01,2015.0,Sep,9,Switzerland,2760.0
2015-09-01,2015.0,Sep,9,UK,12678.0
2015-09-01,2015.0,Sep,9,USA,27972.0
2015-10-01,2015.0,Oct,10,Canada,3559.0
2015-10-01,2015.0,Oct,10,China,4382.0
2015-10-01,2015.0,Oct,10,Denmark,4962.0
2015-10-01,2015.0,Oct,10,Finland,1658.0
2015-10-01,2015.0,Oct,10,France,2926.0
2015-10-01,2015.0,Oct,10,Germany,5784.0
2015-10-01,2015.0,Oct,10,Italy,933.0
2015-10-01,2015.0,Oct,10,Japan,1420.0
2015-10-01,2015.0,Oct,10,Netherlands,2105.0
2015-10-01,2015.0,Oct,10,Norway,6248.0
2015-10-01,2015.0,Oct,10,Other,15510.0
2015-10-01,2015.0,Oct,10,Poland,2187.0
2015-10-01,2015.0,Oct,10,Russia,364.0
2015-10-01,2015.0,Oct,10,Spain,1591.0
2015-10-01,2015.0,Oct,10,Sweden,3670.0
2015-10-01,2015.0,Oct,10,Switzerland,1665.0
2015-10-01,2015.0,Oct,10,UK,24200.0
2015-10-01,2015.0,Oct,10,USA,16122.0
2015-11-01,2015.0,Nov,11,Canada,2254.0
2015-11-01,2015.0,Nov,11,China,1464.0
2015-11-01,2015.0,Nov,11,Denmark,2933.0
2015-11-01,2015.0,Nov,11,Finland,781.0
2015-11-01,2015.0,Nov,11,France,2261.0
2015-11-01,2015.0,Nov,11,Germany,3117.0
2015-11-01,2015.0,Nov,11,Italy,710.0
2015-11-01,2015.0,Nov,11,Japan,1552.0
2015-11-01,2015.0,Nov,11,Netherlands,1539.0
2015-11-01,2015.0,Nov,11,Norway,2945.0
2015-11-01,2015.0,Nov,11,Other,12295.0
2015-11-01,2015.0,Nov,11,Poland,1451.0
2015-11-01,2015.0,Nov,11,Russia,176.0
2015-11-01,2015.0,Nov,11,Spain,743.0
2015-11-01,2015.0,Nov,11,Sweden,2642.0
2015-11-01,2015.0,Nov,11,Switzerland,483.0
2015-11-01,2015.0,Nov,11,UK,28943.0
2015-11-01,2015.0,Nov,11,USA,15320.0
2015-12-01,2015.0,Dec,12,Canada,1398.0
2015-12-01,2015.0,Dec,12,China,4786.0
2015-12-01,2015.0,Dec,12,Denmark,1648.0
2015-12-01,2015.0,Dec,12,Finland,581.0
2015-12-01,2015.0,Dec,12,France,1636.0
2015-12-01,2015.0,Dec,12,Germany,2079.0
2015-12-01,2015.0,Dec,12,Italy,372.0
2015-12-01,2015.0,Dec,12,Japan,1752.0
2015-12-01,2015.0,Dec,12,Netherlands,1086.0
2015-12-01,2015.0,Dec,12,Norway,1403.0
2015-12-01,2015.0,Dec,12,Other,12657.0
2015-12-01,2015.0,Dec,12,Poland,2681.0
2015-12-01,2015.0,Dec,12,Russia,177.0
2015-12-01,2015.0,Dec,12,Spain,516.0
2015-12-01,2015.0,Dec,12,Sweden,1307.0
2015-12-01,2015.0,Dec,12,Switzerland,290.0
2015-12-01,2015.0,Dec,12,UK,24275.0
2015-12-01,2015.0,Dec,12,USA,12213.0
2016-01-01,2016.0,Jan,1,Canada,1569.0
2016-01-01,2016.0,Jan,1,China,3322.0
2016-01-01,2016.0,Jan,1,Denmark,2063.0
2016-01-01,2016.0,Jan,1,Finland,498.0
2016-01-01,2016.0,Jan,1,France,2518.0
2016-01-01,2016.0,Jan,1,Germany,3268.0
2016-01-01,2016.0,Jan,1,Italy,556.0
2016-01-01,2016.0,Jan,1,Japan,1800.0
2016-01-01,2016.0,Jan,1,Netherlands,1346.0
2016-01-01,2016.0,Jan,1,Norway,1940.0
2016-01-01,2016.0,Jan,1,Other,12265.0
2016-01-01,2016.0,Jan,1,Poland,1171.0
2016-01-01,2016.0,Jan,1,Russia,220.0
2016-01-01,2016.0,Jan,1,Spain,782.0
2016-01-01,2016.0,Jan,1,Sweden,1738.0
2016-01-01,2016.0,Jan,1,Switzerland,554.0
2016-01-01,2016.0,Jan,1,UK,27521.0
2016-01-01,2016.0,Jan,1,USA,14428.0
2016-02-01,2016.0,Feb,2,Canada,1611.0
2016-02-01,2016.0,Feb,2,China,4452.0
2016-02-01,2016.0,Feb,2,Denmark,1761.0
2016-02-01,2016.0,Feb,2,Finland,551.0
2016-02-01,2016.0,Feb,2,France,3596.0
2016-02-01,2016.0,Feb,2,Germany,3733.0
2016-02-01,2016.0,Feb,2,Italy,630.0
2016-02-01,2016.0,Feb,2,Japan,2688.0
2016-02-01,2016.0,Feb,2,Netherlands,2012.0
2016-02-01,2016.0,Feb,2,Norway,2238.0
2016-02-01,2016.0,Feb,2,Other,13481.0
2016-02-01,2016.0,Feb,2,Poland,1153.0
2016-02-01,2016.0,Feb,2,Russia,132.0
2016-02-01,2016.0,Feb,2,Spain,573.0
2016-02-01,2016.0,Feb,2,Sweden,1720.0
2016-02-01,2016.0,Feb,2,Switzerland,949.0
2016-02-01,2016.0,Feb,2,UK,43123.0
2016-02-01,2016.0,Feb,2,USA,16339.0
2016-03-01,2016.0,Mar,3,Canada,2601.0
2016-03-01,2016.0,Mar,3,China,3382.0
2016-03-01,2016.0,Mar,3,Denmark,3265.0
2016-03-01,2016.0,Mar,3,Finland,1125.0
2016-03-01,2016.0,Mar,3,France,4483.0
2016-03-01,2016.0,Mar,3,Germany,6099.0
2016-03-01,2016.0,Mar,3,Italy,1110.0
2016-03-01,2016.0,Mar,3,Japan,2597.0
2016-03-01,2016.0,Mar,3,Netherlands,2212.0
2016-03-01,2016.0,Mar,3,Norway,2996.0
2016-03-01,2016.0,Mar,3,Other,18716.0
2016-03-01,2016.0,Mar,3,Poland,1490.0
2016-03-01,2016.0,Mar,3,Russia,142.0
2016-03-01,2016.0,Mar,3,Spain,1663.0
2016-03-01,2016.0,Mar,3,Sweden,2652.0
2016-03-01,2016.0,Mar,3,Switzerland,1158.0
2016-03-01,2016.0,Mar,3,UK,36530.0
2016-03-01,2016.0,Mar,3,USA,23587.0
2016-04-01,2016.0,Apr,4,Canada,2540.0
2016-04-01,2016.0,Apr,4,China,2005.0
2016-04-01,2016.0,Apr,4,Denmark,3955.0
2016-04-01,2016.0,Apr,4,Finland,1300.0
2016-04-01,2016.0,Apr,4,France,4170.0
2016-04-01,2016.0,Apr,4,Germany,4318.0
2016-04-01,2016.0,Apr,4,Italy,1023.0
2016-04-01,2016.0,Apr,4,Japan,555.0
2016-04-01,2016.0,Apr,4,Netherlands,1680.0
2016-04-01,2016.0,Apr,4,Norway,4476.0
2016-04-01,2016.0,Apr,4,Other,17011.0
2016-04-01,2016.0,Apr,4,Poland,2055.0
2016-04-01,2016.0,Apr,4,Russia,200.0
2016-04-01,2016.0,Apr,4,Spain,980.0
2016-04-01,2016.0,Apr,4,Sweden,3187.0
2016-04-01,2016.0,Apr,4,Switzerland,1244.0
2016-04-01,2016.0,Apr,4,UK,23990.0
2016-04-01,2016.0,Apr,4,USA,20186.0
2016-05-01,2016.0,May,5,Canada,7421.0
2016-05-01,2016.0,May,5,China,2475.0
2016-05-01,2016.0,May,5,Denmark,4519.0
2016-05-01,2016.0,May,5,Finland,2595.0
2016-05-01,2016.0,May,5,France,5629.0
2016-05-01,2016.0,May,5,Germany,9641.0
2016-05-01,2016.0,May,5,Italy,1196.0
2016-05-01,2016.0,May,5,Japan,737.0
2016-05-01,2016.0,May,5,Netherlands,3437.0
2016-05-01,2016.0,May,5,Norway,6475.0
2016-05-01,2016.0,May,5,Other,18702.0
2016-05-01,2016.0,May,5,Poland,3326.0
2016-05-01,2016.0,May,5,Russia,475.0
2016-05-01,2016.0,May,5,Spain,1538.0
2016-05-01,2016.0,May,5,Sweden,6069.0
2016-05-01,2016.0,May,5,Switzerland,1591.0
2016-05-01,2016.0,May,5,UK,15860.0
2016-05-01,2016.0,May,5,USA,32563.0
2016-06-01,2016.0,Jun,6,Canada,13087.0
2016-06-01,2016.0,Jun,6,China,7850.0
2016-06-01,2016.0,Jun,6,Denmark,4560.0
2016-06-01,2016.0,Jun,6,Finland,2576.0
2016-06-01,2016.0,Jun,6,France,9234.0
2016-06-01,2016.0,Jun,6,Germany,17433.0
2016-06-01,2016.0,Jun,6,Italy,3158.0
2016-06-01,2016.0,Jun,6,Japan,835.0
2016-06-01,2016.0,Jun,6,Netherlands,3971.0
2016-06-01,2016.0,Jun,6,Norway,5643.0
2016-06-01,2016.0,Jun,6,Other,27629.0
2016-06-01,2016.0,Jun,6,Poland,5210.0
2016-06-01,2016.0,Jun,6,Russia,803.0
2016-06-01,2016.0,Jun,6,Spain,2887.0
2016-06-01,2016.0,Jun,6,Sweden,6750.0
2016-06-01,2016.0,Jun,6,Switzerland,3213.0
2016-06-01,2016.0,Jun,6,UK,16189.0
2016-06-01,2016.0,Jun,6,USA,55510.0
2016-07-01,2016.0,Jul,7,Canada,12305.0
2016-07-01,2016.0,Jul,7,China,8382.0
2016-07-01,2016.0,Jul,7,Denmark,8982.0
2016-07-01,2016.0,Jul,7,Finland,2578.0
2016-07-01,2016.0,Jul,7,France,14508.0
2016-07-01,2016.0,Jul,7,Germany,25203.0
2016-07-01,2016.0,Jul,7,Italy,5439.0
2016-07-01,2016.0,Jul,7,Japan,1028.0
2016-07-01,2016.0,Jul,7,Netherlands,5900.0
2016-07-01,2016.0,Jul,7,Norway,6276.0
2016-07-01,2016.0,Jul,7,Other,36230.0
2016-07-01,2016.0,Jul,7,Poland,6101.0
2016-07-01,2016.0,Jul,7,Russia,1104.0
2016-07-01,2016.0,Jul,7,Spain,6882.0
2016-07-01,2016.0,Jul,7,Sweden,9073.0
2016-07-01,2016.0,Jul,7,Switzerland,7256.0
2016-07-01,2016.0,Jul,7,UK,18162.0
2016-07-01,2016.0,Jul,7,USA,60607.0
2016-08-01,2016.0,Aug,8,Canada,11955.0
2016-08-01,2016.0,Aug,8,China,9938.0
2016-08-01,2016.0,Aug,8,Denmark,5792.0
2016-08-01,2016.0,Aug,8,Finland,1933.0
2016-08-01,2016.0,Aug,8,France,20844.0
2016-08-01,2016.0,Aug,8,Germany,26872.0
2016-08-01,2016.0,Aug,8,Italy,11424.0
2016-08-01,2016.0,Aug,8,Japan,1869.0
2016-08-01,2016.0,Aug,8,Netherlands,6596.0
2016-08-01,2016.0,Aug,8,Norway,5591.0
2016-08-01,2016.0,Aug,8,Other,33831.0
2016-08-01,2016.0,Aug,8,Poland,4525.0
2016-08-01,2016.0,Aug,8,Russia,1372.0
2016-08-01,2016.0,Aug,8,Spain,11010.0
2016-08-01,2016.0,Aug,8,Sweden,7435.0
2016-08-01,2016.0,Aug,8,Switzerland,6090.0
2016-08-01,2016.0,Aug,8,UK,17558.0
2016-08-01,2016.0,Aug,8,USA,56924.0
2016-09-01,2016.0,Sep,9,Canada,10845.0
2016-09-01,2016.0,Sep,9,China,6118.0
2016-09-01,2016.0,Sep,9,Denmark,5308.0
2016-09-01,2016.0,Sep,9,Finland,2150.0
2016-09-01,2016.0,Sep,9,France,7213.0
2016-09-01,2016.0,Sep,9,Germany,16849.0
2016-09-01,2016.0,Sep,9,Italy,2868.0
2016-09-01,2016.0,Sep,9,Japan,3059.0
2016-09-01,2016.0,Sep,9,Netherlands,3737.0
2016-09-01,2016.0,Sep,9,Norway,5114.0
2016-09-01,2016.0,Sep,9,Other,32147.0
2016-09-01,2016.0,Sep,9,Poland,3819.0
2016-09-01,2016.0,Sep,9,Russia,633.0
2016-09-01,2016.0,Sep,9,Spain,5153.0
2016-09-01,2016.0,Sep,9,Sweden,5791.0
2016-09-01,2016.0,Sep,9,Switzerland,2879.0
2016-09-01,2016.0,Sep,9,UK,16274.0
2016-09-01,2016.0,Sep,9,USA,45378.0
2016-10-01,2016.0,Oct,10,Canada,9943.0
2016-10-01,2016.0,Oct,10,China,6474.0
2016-10-01,2016.0,Oct,10,Denmark,5362.0
2016-10-01,2016.0,Oct,10,Finland,2897.0
2016-10-01,2016.0,Oct,10,France,5318.0
2016-10-01,2016.0,Oct,10,Germany,9480.0
2016-10-01,2016.0,Oct,10,Italy,1467.0
2016-10-01,2016.0,Oct,10,Japan,2377.0
2016-10-01,2016.0,Oct,10,Netherlands,3468.0
2016-10-01,2016.0,Oct,10,Norway,5838.0
2016-10-01,2016.0,Oct,10,Other,26173.0
2016-10-01,2016.0,Oct,10,Poland,3412.0
2016-10-01,2016.0,Oct,10,Russia,467.0
2016-10-01,2016.0,Oct,10,Spain,2652.0
2016-10-01,2016.0,Oct,10,Sweden,4745.0
2016-10-01,2016.0,Oct,10,Switzerland,2508.0
2016-10-01,2016.0,Oct,10,UK,31205.0
2016-10-01,2016.0,Oct,10,USA,34756.0
2016-11-01,2016.0,Nov,11,Canada,5465.0
2016-11-01,2016.0,Nov,11,China,2935.0
2016-11-01,2016.0,Nov,11,Denmark,2588.0
2016-11-01,2016.0,Nov,11,Finland,905.0
2016-11-01,2016.0,Nov,11,France,3884.0
2016-11-01,2016.0,Nov,11,Germany,5864.0
2016-11-01,2016.0,Nov,11,Italy,1560.0
2016-11-01,2016.0,Nov,11,Japan,2406.0
2016-11-01,2016.0,Nov,11,Netherlands,2471.0
2016-11-01,2016.0,Nov,11,Norway,2804.0
2016-11-01,2016.0,Nov,11,Other,23723.0
2016-11-01,2016.0,Nov,11,Poland,2867.0
2016-11-01,2016.0,Nov,11,Russia,487.0
2016-11-01,2016.0,Nov,11,Spain,2423.0
2016-11-01,2016.0,Nov,11,Sweden,3507.0
2016-11-01,2016.0,Nov,11,Switzerland,660.0
2016-11-01,2016.0,Nov,11,UK,36594.0
2016-11-01,2016.0,Nov,11,USA,30580.0
2016-12-01,2016.0,Dec,12,Canada,3802.0
2016-12-01,2016.0,Dec,12,China,9448.0
2016-12-01,2016.0,Dec,12,Denmark,1796.0
2016-12-01,2016.0,Dec,12,Finland,787.0
2016-12-01,2016.0,Dec,12,France,3824.0
2016-12-01,2016.0,Dec,12,Germany,4029.0
2016-12-01,2016.0,Dec,12,Italy,1142.0
2016-12-01,2016.0,Dec,12,Japan,2420.0
2016-12-01,2016.0,Dec,12,Netherlands,2268.0
2016-12-01,2016.0,Dec,12,Norway,1621.0
2016-12-01,2016.0,Dec,12,Other,25988.0
2016-12-01,2016.0,Dec,12,Poland,4484.0
2016-12-01,2016.0,Dec,12,Russia,285.0
2016-12-01,2016.0,Dec,12,Spain,2640.0
2016-12-01,2016.0,Dec,12,Sweden,1848.0
2016-12-01,2016.0,Dec,12,Switzerland,580.0
2016-12-01,2016.0,Dec,12,UK,33389.0
2016-12-01,2016.0,Dec,12,USA,24429.0
2017-01-01,2017.0,Jan,1,Canada,4199.0
2017-01-01,2017.0,Jan,1,China,7278.0
2017-01-01,2017.0,Jan,1,Denmark,2074.0
2017-01-01,2017.0,Jan,1,Finland,666.0
2017-01-01,2017.0,Jan,1,France,4457.0
2017-01-01,2017.0,Jan,1,Germany,6002.0
2017-01-01,2017.0,Jan,1,Italy,1611.0
2017-01-01,2017.0,Jan,1,Japan,3246.0
2017-01-01,2017.0,Jan,1,Netherlands,2953.0
2017-01-01,2017.0,Jan,1,Norway,1922.0
2017-01-01,2017.0,Jan,1,Other,23239.0
2017-01-01,2017.0,Jan,1,Poland,2555.0
2017-01-01,2017.0,Jan,1,Russia,425.0
2017-01-01,2017.0,Jan,1,Spain,2502.0
2017-01-01,2017.0,Jan,1,Sweden,2567.0
2017-01-01,2017.0,Jan,1,Switzerland,937.0
2017-01-01,2017.0,Jan,1,UK,38357.0
2017-01-01,2017.0,Jan,1,USA,31009.0
2017-02-01,2017.0,Feb,2,Canada,4929.0
2017-02-01,2017.0,Feb,2,China,8407.0
2017-02-01,2017.0,Feb,2,Denmark,2412.0
2017-02-01,2017.0,Feb,2,Finland,652.0
2017-02-01,2017.0,Feb,2,France,6638.0
2017-02-01,2017.0,Feb,2,Germany,6542.0
2017-02-01,2017.0,Feb,2,Italy,1698.0
2017-02-01,2017.0,Feb,2,Japan,2698.0
2017-02-01,2017.0,Feb,2,Netherlands,3056.0
2017-02-01,2017.0,Feb,2,Norway,2114.0
2017-02-01,2017.0,Feb,2,Other,23902.0
2017-02-01,2017.0,Feb,2,Poland,2873.0
2017-02-01,2017.0,Feb,2,Russia,367.0
2017-02-01,2017.0,Feb,2,Spain,2463.0
2017-02-01,2017.0,Feb,2,Sweden,2027.0
2017-02-01,2017.0,Feb,2,Switzerland,1331.0
2017-02-01,2017.0,Feb,2,UK,47321.0
2017-02-01,2017.0,Feb,2,USA,28913.0
2017-03-01,2017.0,Mar,3,Canada,7346.0
2017-03-01,2017.0,Mar,3,China,5204.0
2017-03-01,2017.0,Mar,3,Denmark,3392.0
2017-03-01,2017.0,Mar,3,Finland,1123.0
2017-03-01,2017.0,Mar,3,France,5938.0
2017-03-01,2017.0,Mar,3,Germany,9916.0
2017-03-01,2017.0,Mar,3,Italy,3002.0
2017-03-01,2017.0,Mar,3,Japan,2848.0
2017-03-01,2017.0,Mar,3,Netherlands,3835.0
2017-03-01,2017.0,Mar,3,Norway,3009.0
2017-03-01,2017.0,Mar,3,Other,28696.0
2017-03-01,2017.0,Mar,3,Poland,3697.0
2017-03-01,2017.0,Mar,3,Russia,479.0
2017-03-01,2017.0,Mar,3,Spain,3667.0
2017-03-01,2017.0,Mar,3,Sweden,2683.0
2017-03-01,2017.0,Mar,3,Switzerland,1306.0
2017-03-01,2017.0,Mar,3,UK,38687.0
2017-03-01,2017.0,Mar,3,USA,42978.0
2017-04-01,2017.0,Apr,4,Canada,6014.0
2017-04-01,2017.0,Apr,4,China,3560.0
2017-04-01,2017.0,Apr,4,Denmark,5026.0
2017-04-01,2017.0,Apr,4,Finland,2537.0
2017-04-01,2017.0,Apr,4,France,6739.0
2017-04-01,2017.0,Apr,4,Germany,9299.0
2017-04-01,2017.0,Apr,4,Italy,2266.0
2017-04-01,2017.0,Apr,4,Japan,836.0
2017-04-01,2017.0,Apr,4,Netherlands,3686.0
2017-04-01,2017.0,Apr,4,Norway,4611.0
2017-04-01,2017.0,Apr,4,Other,26247.0
2017-04-01,2017.0,Apr,4,Poland,4150.0
2017-04-01,2017.0,Apr,4,Russia,561.0
2017-04-01,2017.0,Apr,4,Spain,3172.0
2017-04-01,2017.0,Apr,4,Sweden,4638.0
2017-04-01,2017.0,Apr,4,Switzerland,2021.0
2017-04-01,2017.0,Apr,4,UK,27817.0
2017-04-01,2017.0,Apr,4,USA,40388.0
2017-05-01,2017.0,May,5,Canada,9079.0
2017-05-01,2017.0,May,5,China,3827.0
2017-05-01,2017.0,May,5,Denmark,4517.0
2017-05-01,2017.0,May,5,Finland,3097.0
2017-05-01,2017.0,May,5,France,7574.0
2017-05-01,2017.0,May,5,Germany,10727.0
2017-05-01,2017.0,May,5,Italy,1695.0
2017-05-01,2017.0,May,5,Japan,767.0
2017-05-01,2017.0,May,5,Netherlands,4271.0
2017-05-01,2017.0,May,5,Norway,5437.0
2017-05-01,2017.0,May,5,Other,23585.0
2017-05-01,2017.0,May,5,Poland,5017.0
2017-05-01,2017.0,May,5,Russia,965.0
2017-05-01,2017.0,May,5,Spain,2618.0
2017-05-01,2017.0,May,5,Sweden,6129.0
2017-05-01,2017.0,May,5,Switzerland,1686.0
2017-05-01,2017.0,May,5,UK,11363.0
2017-05-01,2017.0,May,5,USA,43626.0
2017-06-01,2017.0,Jun,6,Baltic states,2581.0
2017-06-01,2017.0,Jun,6,Canada,12612.0
2017-06-01,2017.0,Jun,6,China,9876.0
2017-06-01,2017.0,Jun,6,Denmark,5194.0
2017-06-01,2017.0,Jun,6,Finland,3602.0
2017-06-01,2017.0,Jun,6,France,11082.0
2017-06-01,2017.0,Jun,6,Germany,21607.0
2017-06-01,2017.0,Jun,6,Italy,3332.0
2017-06-01,2017.0,Jun,6,Japan,805.0
2017-06-01,2017.0,Jun,6,Netherlands,4564.0
2017-06-01,2017.0,Jun,6,Norway,5330.0
2017-06-01,2017.0,Jun,6,Other,31822.0
2017-06-01,2017.0,Jun,6,Poland,7026.0
2017-06-01,2017.0,Jun,6,Russia,1203.0
2017-06-01,2017.0,Jun,6,Spain,4259.0
2017-06-01,2017.0,Jun,6,Sweden,7788.0
2017-06-01,2017.0,Jun,6,Switzerland,3335.0
2017-06-01,2017.0,Jun,6,UK,13878.0
2017-06-01,2017.0,Jun,6,USA,71949.0
2017-07-01,2017.0,Jul,7,Baltic states,3363.0
2017-07-01,2017.0,Jul,7,Canada,13830.0
2017-07-01,2017.0,Jul,7,China,10976.0
2017-07-01,2017.0,Jul,7,Denmark,8817.0
2017-07-01,2017.0,Jul,7,Finland,3326.0
2017-07-01,2017.0,Jul,7,France,15137.0
2017-07-01,2017.0,Jul,7,Germany,25620.0
2017-07-01,2017.0,Jul,7,Italy,6014.0
2017-07-01,2017.0,Jul,7,Japan,1007.0
2017-07-01,2017.0,Jul,7,Netherlands,6138.0
2017-07-01,2017.0,Jul,7,Norway,6439.0
2017-07-01,2017.0,Jul,7,Other,40086.0
2017-07-01,2017.0,Jul,7,Poland,8618.0
2017-07-01,2017.0,Jul,7,Russia,2082.0
2017-07-01,2017.0,Jul,7,Spain,8187.0
2017-07-01,2017.0,Jul,7,Sweden,8670.0
2017-07-01,2017.0,Jul,7,Switzerland,6437.0
2017-07-01,2017.0,Jul,7,UK,16551.0
2017-07-01,2017.0,Jul,7,USA,80622.0
2017-08-01,2017.0,Aug,8,Baltic states,2927.0
2017-08-01,2017.0,Aug,8,Canada,15442.0
2017-08-01,2017.0,Aug,8,China,13842.0
2017-08-01,2017.0,Aug,8,Denmark,6280.0
2017-08-01,2017.0,Aug,8,Finland,2518.0
2017-08-01,2017.0,Aug,8,France,20440.0
2017-08-01,2017.0,Aug,8,Germany,27933.0
2017-08-01,2017.0,Aug,8,Italy,12745.0
2017-08-01,2017.0,Aug,8,Japan,2018.0
2017-08-01,2017.0,Aug,8,Netherlands,7952.0
2017-08-01,2017.0,Aug,8,Norway,4880.0
2017-08-01,2017.0,Aug,8,Other,40314.0
2017-08-01,2017.0,Aug,8,Poland,7092.0
2017-08-01,2017.0,Aug,8,Russia,2531.0
2017-08-01,2017.0,Aug,8,Spain,13089.0
2017-08-01,2017.0,Aug,8,Sweden,7101.0
2017-08-01,2017.0,Aug,8,Switzerland,6237.0
2017-08-01,2017.0,Aug,8,UK,16179.0
2017-08-01,2017.0,Aug,8,USA,74604.0
2017-09-01,2017.0,Sep,9,Baltic states,2263.0
2017-09-01,2017.0,Sep,9,Canada,12353.0
2017-09-01,2017.0,Sep,9,China,7933.0
2017-09-01,2017.0,Sep,9,Denmark,5507.0
2017-09-01,2017.0,Sep,9,Finland,2417.0
2017-09-01,2017.0,Sep,9,France,8380.0
2017-09-01,2017.0,Sep,9,Germany,17624.0
2017-09-01,2017.0,Sep,9,Italy,3190.0
2017-09-01,2017.0,Sep,9,Japan,2547.0
2017-09-01,2017.0,Sep,9,Netherlands,4326.0
2017-09-01,2017.0,Sep,9,Norway,4919.0
2017-09-01,2017.0,Sep,9,Other,35076.0
2017-09-01,2017.0,Sep,9,Poland,6661.0
2017-09-01,2017.0,Sep,9,Russia,1462.0
2017-09-01,2017.0,Sep,9,Spain,7614.0
2017-09-01,2017.0,Sep,9,Sweden,5457.0
2017-09-01,2017.0,Sep,9,Switzerland,3063.0
2017-09-01,2017.0,Sep,9,UK,15779.0
2017-09-01,2017.0,Sep,9,USA,57315.0
2017-10-01,2017.0,Oct,10,Baltic states,2478.0
2017-10-01,2017.0,Oct,10,Canada,8575.0
2017-10-01,2017.0,Oct,10,China,9391.0
2017-10-01,2017.0,Oct,10,Denmark,5068.0
2017-10-01,2017.0,Oct,10,Finland,2306.0
2017-10-01,2017.0,Oct,10,France,5609.0
2017-10-01,2017.0,Oct,10,Germany,10128.0
2017-10-01,2017.0,Oct,10,Italy,1618.0
2017-10-01,2017.0,Oct,10,Japan,1978.0
2017-10-01,2017.0,Oct,10,Netherlands,3806.0
2017-10-01,2017.0,Oct,10,Norway,5061.0
2017-10-01,2017.0,Oct,10,Other,36618.0
2017-10-01,2017.0,Oct,10,Poland,6338.0
2017-10-01,2017.0,Oct,10,Russia,798.0
2017-10-01,2017.0,Oct,10,Spain,3828.0
2017-10-01,2017.0,Oct,10,Sweden,4025.0
2017-10-01,2017.0,Oct,10,Switzerland,2463.0
2017-10-01,2017.0,Oct,10,UK,26862.0
2017-10-01,2017.0,Oct,10,USA,44969.0
2017-11-01,2017.0,Nov,11,Baltic states,2042.0
2017-11-01,2017.0,Nov,11,Canada,5253.0
2017-11-01,2017.0,Nov,11,China,4052.0
2017-11-01,2017.0,Nov,11,Denmark,2615.0
2017-11-01,2017.0,Nov,11,Finland,913.0
2017-11-01,2017.0,Nov,11,France,4635.0
2017-11-01,2017.0,Nov,11,Germany,6307.0
2017-11-01,2017.0,Nov,11,Italy,1998.0
2017-11-01,2017.0,Nov,11,Japan,1783.0
2017-11-01,2017.0,Nov,11,Netherlands,2464.0
2017-11-01,2017.0,Nov,11,Norway,2595.0
2017-11-01,2017.0,Nov,11,Other,26917.0
2017-11-01,2017.0,Nov,11,Poland,5278.0
2017-11-01,2017.0,Nov,11,Russia,617.0
2017-11-01,2017.0,Nov,11,Spain,3265.0
2017-11-01,2017.0,Nov,11,Sweden,3154.0
2017-11-01,2017.0,Nov,11,Switzerland,746.0
2017-11-01,2017.0,Nov,11,UK,36378.0
2017-11-01,2017.0,Nov,11,USA,33629.0
2017-12-01,2017.0,Dec,12,Baltic states,2837.0
2017-12-01,2017.0,Dec,12,Canada,3394.0
2017-12-01,2017.0,Dec,12,China,11558.0
2017-12-01,2017.0,Dec,12,Denmark,2338.0
2017-12-01,2017.0,Dec,12,Finland,911.0
2017-12-01,2017.0,Dec,12,France,3745.0
2017-12-01,2017.0,Dec,12,Germany,4108.0
2017-12-01,2017.0,Dec,12,Italy,1696.0
2017-12-01,2017.0,Dec,12,Japan,1864.0
2017-12-01,2017.0,Dec,12,Netherlands,2113.0
2017-12-01,2017.0,Dec,12,Norway,1641.0
2017-12-01,2017.0,Dec,12,Other,26039.0
2017-12-01,2017.0,Dec,12,Poland,6994.0
2017-12-01,2017.0,Dec,12,Russia,329.0
2017-12-01,2017.0,Dec,12,Spain,3307.0
2017-12-01,2017.0,Dec,12,Sweden,1990.0
2017-12-01,2017.0,Dec,12,Switzerland,604.0
2017-12-01,2017.0,Dec,12,UK,33371.0
2017-12-01,2017.0,Dec,12,USA,26401.0
2018-01-01,2018.0,Jan,1,Baltic states,1713.0
2018-01-01,2018.0,Jan,1,Canada,3938.0
2018-01-01,2018.0,Jan,1,China,7654.0
2018-01-01,2018.0,Jan,1,Denmark,2671.0
2018-01-01,2018.0,Jan,1,Finland,793.0
2018-01-01,2018.0,Jan,1,France,5446.0
2018-01-01,2018.0,Jan,1,Germany,6168.0
2018-01-01,2018.0,Jan,1,Italy,2073.0
2018-01-01,2018.0,Jan,1,Japan,2495.0
2018-01-01,2018.0,Jan,1,Netherlands,2609.0
2018-01-01,2018.0,Jan,1,Norway,1943.0
2018-01-01,2018.0,Jan,1,Other,26111.0
2018-01-01,2018.0,Jan,1,Poland,5511.0
2018-01-01,2018.0,Jan,1,Russia,639.0
2018-01-01,2018.0,Jan,1,Spain,3071.0
2018-01-01,2018.0,Jan,1,Sweden,2296.0
2018-01-01,2018.0,Jan,1,Switzerland,938.0
2018-01-01,2018.0,Jan,1,UK,37999.0
2018-01-01,2018.0,Jan,1,USA,33501.0
2018-02-01,2018.0,Feb,2,Baltic states,1968.0
2018-02-01,2018.0,Feb,2,Canada,4018.0
2018-02-01,2018.0,Feb,2,China,10129.0
2018-02-01,2018.0,Feb,2,Denmark,2886.0
2018-02-01,2018.0,Feb,2,Finland,991.0
2018-02-01,2018.0,Feb,2,France,6699.0
2018-02-01,2018.0,Feb,2,Germany,6885.0
2018-02-01,2018.0,Feb,2,Italy,2315.0
2018-02-01,2018.0,Feb,2,Japan,2396.0
2018-02-01,2018.0,Feb,2,Netherlands,2652.0
2018-02-01,2018.0,Feb,2,Norway,2334.0
2018-02-01,2018.0,Feb,2,Other,26129.0
2018-02-01,2018.0,Feb,2,Poland,5958.0
2018-02-01,2018.0,Feb,2,Russia,564.0
2018-02-01,2018.0,Feb,2,Spain,3587.0
2018-02-01,2018.0,Feb,2,Sweden,1914.0
2018-02-01,2018.0,Feb,2,Switzerland,1196.0
2018-02-01,2018.0,Feb,2,UK,46931.0
2018-02-01,2018.0,Feb,2,USA,30526.0
2018-03-01,2018.0,Mar,3,Baltic states,2644.0
2018-03-01,2018.0,Mar,3,Canada,6177.0
2018-03-01,2018.0,Mar,3,China,5878.0
2018-03-01,2018.0,Mar,3,Denmark,4401.0
2018-03-01,2018.0,Mar,3,Finland,1175.0
2018-03-01,2018.0,Mar,3,France,8241.0
2018-03-01,2018.0,Mar,3,Germany,9174.0
2018-03-01,2018.0,Mar,3,Italy,4163.0
2018-03-01,2018.0,Mar,3,Japan,1864.0
2018-03-01,2018.0,Mar,3,Netherlands,3516.0
2018-03-01,2018.0,Mar,3,Norway,2919.0
2018-03-01,2018.0,Mar,3,Other,30202.0
2018-03-01,2018.0,Mar,3,Poland,6845.0
2018-03-01,2018.0,Mar,3,Russia,762.0
2018-03-01,2018.0,Mar,3,Spain,4281.0
2018-03-01,2018.0,Mar,3,Sweden,2745.0
2018-03-01,2018.0,Mar,3,Switzerland,1126.0
2018-03-01,2018.0,Mar,3,UK,35044.0
2018-03-01,2018.0,Mar,3,USA,41904.0
2018-04-01,2018.0,Apr,4,Baltic states,2350.0
2018-04-01,2018.0,Apr,4,Canada,6308.0
2018-04-01,2018.0,Apr,4,China,3465.0
2018-04-01,2018.0,Apr,4,Denmark,4847.0
2018-04-01,2018.0,Apr,4,Finland,2324.0
2018-04-01,2018.0,Apr,4,France,6073.0
2018-04-01,2018.0,Apr,4,Germany,8012.0
2018-04-01,2018.0,Apr,4,Italy,2323.0
2018-04-01,2018.0,Apr,4,Japan,691.0
2018-04-01,2018.0,Apr,4,Netherlands,2749.0
2018-04-01,2018.0,Apr,4,Norway,4393.0
2018-04-01,2018.0,Apr,4,Other,26219.0
2018-04-01,2018.0,Apr,4,Poland,7218.0
2018-04-01,2018.0,Apr,4,Russia,653.0
2018-04-01,2018.0,Apr,4,Spain,4398.0
2018-04-01,2018.0,Apr,4,Sweden,4622.0
2018-04-01,2018.0,Apr,4,Switzerland,1791.0
2018-04-01,2018.0,Apr,4,UK,22841.0
2018-04-01,2018.0,Apr,4,USA,36274.0
2018-05-01,2018.0,May,5,Baltic states,2430.0
2018-05-01,2018.0,May,5,Canada,9581.0
2018-05-01,2018.0,May,5,China,4454.0
2018-05-01,2018.0,May,5,Denmark,4125.0
2018-05-01,2018.0,May,5,Finland,2796.0
2018-05-01,2018.0,May,5,France,8192.0
2018-05-01,2018.0,May,5,Germany,11921.0
2018-05-01,2018.0,May,5,Italy,2473.0
2018-05-01,2018.0,May,5,Japan,703.0
2018-05-01,2018.0,May,5,Netherlands,4868.0
2018-05-01,2018.0,May,5,Norway,5218.0
2018-05-01,2018.0,May,5,Other,24855.0
2018-05-01,2018.0,May,5,Poland,8890.0
2018-05-01,2018.0,May,5,Russia,1428.0
2018-05-01,2018.0,May,5,Spain,3815.0
2018-05-01,2018.0,May,5,Sweden,5448.0
2018-05-01,2018.0,May,5,Switzerland,1784.0
2018-05-01,2018.0,May,5,UK,10651.0
2018-05-01,2018.0,May,5,USA,51608.0
2018-06-01,2018.0,Jun,6,Baltic states,3140.0
2018-06-01,2018.0,Jun,6,Canada,11446.0
2018-06-01,2018.0,Jun,6,China,9649.0
2018-06-01,2018.0,Jun,6,Denmark,4134.0
2018-06-01,2018.0,Jun,6,Finland,2641.0
2018-06-01,2018.0,Jun,6,France,9907.0
2018-06-01,2018.0,Jun,6,Germany,16363.0
2018-06-01,2018.0,Jun,6,Italy,3641.0
2018-06-01,2018.0,Jun,6,Japan,878.0
2018-06-01,2018.0,Jun,6,Netherlands,4084.0
2018-06-01,2018.0,Jun,6,Norway,4279.0
2018-06-01,2018.0,Jun,6,Other,33773.0
2018-06-01,2018.0,Jun,6,Poland,9480.0
2018-06-01,2018.0,Jun,6,Russia,1612.0
2018-06-01,2018.0,Jun,6,Spain,4601.0
2018-06-01,2018.0,Jun,6,Sweden,5535.0
2018-06-01,2018.0,Jun,6,Switzerland,2986.0
2018-06-01,2018.0,Jun,6,UK,12846.0
2018-06-01,2018.0,Jun,6,USA,92879.0
2018-07-01,2018.0,Jul,7,Baltic states,3561.0
2018-07-01,2018.0,Jul,7,Canada,12568.0
2018-07-01,2018.0,Jul,7,China,10880.0
2018-07-01,2018.0,Jul,7,Denmark,7639.0
2018-07-01,2018.0,Jul,7,Finland,2691.0
2018-07-01,2018.0,Jul,7,France,12605.0
2018-07-01,2018.0,Jul,7,Germany,20595.0
2018-07-01,2018.0,Jul,7,Italy,5645.0
2018-07-01,2018.0,Jul,7,Japan,962.0
2018-07-01,2018.0,Jul,7,Netherlands,5357.0
2018-07-01,2018.0,Jul,7,Norway,5684.0
2018-07-01,2018.0,Jul,7,Other,40185.0
2018-07-01,2018.0,Jul,7,Poland,10168.0
2018-07-01,2018.0,Jul,7,Russia,2055.0
2018-07-01,2018.0,Jul,7,Spain,8174.0
2018-07-01,2018.0,Jul,7,Sweden,7298.0
2018-07-01,2018.0,Jul,7,Switzerland,5484.0
2018-07-01,2018.0,Jul,7,UK,14353.0
2018-07-01,2018.0,Jul,7,USA,102709.0
2018-08-01,2018.0,Aug,8,Baltic states,3026.0
2018-08-01,2018.0,Aug,8,Canada,13407.0
2018-08-01,2018.0,Aug,8,China,13509.0
2018-08-01,2018.0,Aug,8,Denmark,5741.0
2018-08-01,2018.0,Aug,8,Finland,1927.0
2018-08-01,2018.0,Aug,8,France,17774.0
2018-08-01,2018.0,Aug,8,Germany,21830.0
2018-08-01,2018.0,Aug,8,Italy,12515.0
2018-08-01,2018.0,Aug,8,Japan,1971.0
2018-08-01,2018.0,Aug,8,Netherlands,6336.0
2018-08-01,2018.0,Aug,8,Norway,4693.0
2018-08-01,2018.0,Aug,8,Other,40268.0
2018-08-01,2018.0,Aug,8,Poland,9132.0
2018-08-01,2018.0,Aug,8,Russia,3105.0
2018-08-01,2018.0,Aug,8,Spain,12854.0
2018-08-01,2018.0,Aug,8,Sweden,6058.0
2018-08-01,2018.0,Aug,8,Switzerland,5231.0
2018-08-01,2018.0,Aug,8,UK,14533.0
2018-08-01,2018.0,Aug,8,USA,97434.0
2018-09-01,2018.0,Sep,9,Baltic states,2738.0
2018-09-01,2018.0,Sep,9,Canada,12590.0
2018-09-01,2018.0,Sep,9,China,9687.0
2018-09-01,2018.0,Sep,9,Denmark,4714.0
2018-09-01,2018.0,Sep,9,Finland,1892.0
2018-09-01,2018.0,Sep,9,France,7349.0
2018-09-01,2018.0,Sep,9,Germany,16310.0
2018-09-01,2018.0,Sep,9,Italy,3927.0
2018-09-01,2018.0,Sep,9,Japan,2019.0
2018-09-01,2018.0,Sep,9,Netherlands,4025.0
2018-09-01,2018.0,Sep,9,Norway,4267.0
2018-09-01,2018.0,Sep,9,Other,38664.0
2018-09-01,2018.0,Sep,9,Poland,8094.0
2018-09-01,2018.0,Sep,9,Russia,1891.0
2018-09-01,2018.0,Sep,9,Spain,9508.0
2018-09-01,2018.0,Sep,9,Sweden,4962.0
2018-09-01,2018.0,Sep,9,Switzerland,3168.0
2018-09-01,2018.0,Sep,9,UK,13530.0
2018-09-01,2018.0,Sep,9,USA,82346.0
2018-10-01,2018.0,Oct,10,Baltic states,2609.0
2018-10-01,2018.0,Oct,10,Canada,10218.0
2018-10-01,2018.0,Oct,10,China,10375.0
2018-10-01,2018.0,Oct,10,Denmark,4884.0
2018-10-01,2018.0,Oct,10,Finland,1827.0
2018-10-01,2018.0,Oct,10,France,6034.0
2018-10-01,2018.0,Oct,10,Germany,11164.0
2018-10-01,2018.0,Oct,10,Italy,2300.0
2018-10-01,2018.0,Oct,10,Japan,1882.0
2018-10-01,2018.0,Oct,10,Netherlands,3603.0
2018-10-01,2018.0,Oct,10,Norway,4058.0
2018-10-01,2018.0,Oct,10,Other,35614.0
2018-10-01,2018.0,Oct,10,Poland,7277.0
2018-10-01,2018.0,Oct,10,Russia,784.0
2018-10-01,2018.0,Oct,10,Spain,5083.0
2018-10-01,2018.0,Oct,10,Sweden,3521.0
2018-10-01,2018.0,Oct,10,Switzerland,2760.0
2018-10-01,2018.0,Oct,10,UK,24657.0
2018-10-01,2018.0,Oct,10,USA,60976.0
2018-11-01,2018.0,Nov,11,Baltic states,1719.0
2018-11-01,2018.0,Nov,11,Canada,6004.0
2018-11-01,2018.0,Nov,11,China,4645.0
2018-11-01,2018.0,Nov,11,Denmark,2868.0
2018-11-01,2018.0,Nov,11,Finland,1030.0
2018-11-01,2018.0,Nov,11,France,4765.0
2018-11-01,2018.0,Nov,11,Germany,6280.0
2018-11-01,2018.0,Nov,11,Italy,3150.0
2018-11-01,2018.0,Nov,11,Japan,1587.0
2018-11-01,2018.0,Nov,11,Netherlands,2464.0
2018-11-01,2018.0,Nov,11,Norway,2337.0
2018-11-01,2018.0,Nov,11,Other,28649.0
2018-11-01,2018.0,Nov,11,Poland,5427.0
2018-11-01,2018.0,Nov,11,Russia,487.0
2018-11-01,2018.0,Nov,11,Spain,3553.0
2018-11-01,2018.0,Nov,11,Sweden,3193.0
2018-11-01,2018.0,Nov,11,Switzerland,1079.0
2018-11-01,2018.0,Nov,11,UK,34291.0
2018-11-01,2018.0,Nov,11,USA,36530.0
2018-12-01,2018.0,Dec,12,Baltic states,2772.0
2018-12-01,2018.0,Dec,12,Canada,3460.0
2018-12-01,2018.0,Dec,12,China,14715.0
2018-12-01,2018.0,Dec,12,Denmark,2109.0
2018-12-01,2018.0,Dec,12,Finland,880.0
2018-12-01,2018.0,Dec,12,France,4139.0
2018-12-01,2018.0,Dec,12,Germany,4453.0
2018-12-01,2018.0,Dec,12,Italy,1876.0
2018-12-01,2018.0,Dec,12,Japan,1689.0
2018-12-01,2018.0,Dec,12,Netherlands,2116.0
2018-12-01,2018.0,Dec,12,Norway,1610.0
2018-12-01,2018.0,Dec,12,Other,25825.0
2018-12-01,2018.0,Dec,12,Poland,7463.0
2018-12-01,2018.0,Dec,12,Russia,302.0
2018-12-01,2018.0,Dec,12,Spain,2664.0
2018-12-01,2018.0,Dec,12,Sweden,1724.0
2018-12-01,2018.0,Dec,12,Switzerland,1019.0
2018-12-01,2018.0,Dec,12,UK,30287.0
2018-12-01,2018.0,Dec,12,USA,28127.0
2019-01-01,2019.0,Jan,1,Baltic states,1620.0
2019-01-01,2019.0,Jan,1,Canada,3506.0
2019-01-01,2019.0,Jan,1,China,8685.0
2019-01-01,2019.0,Jan,1,Denmark,2758.0
2019-01-01,2019.0,Jan,1,France,5414.0
2019-01-01,2019.0,Jan,1,Germany,6641.0
2019-01-01,2019.0,Jan,1,Italy,2651.0
2019-01-01,2019.0,Jan,1,Netherlands,2413.0
2019-01-01,2019.0,Jan,1,Norway,2095.0
2019-01-01,2019.0,Jan,1,Other,27556.0
2019-01-01,2019.0,Jan,1,Poland,5250.0
2019-01-01,2019.0,Jan,1,Spain,2879.0
2019-01-01,2019.0,Jan,1,Sweden,2030.0
2019-01-01,2019.0,Jan,1,Switzerland,1314.0
2019-01-01,2019.0,Jan,1,UK,34719.0
2019-01-01,2019.0,Jan,1,USA,29524.0
2019-02-01,2019.0,Feb,2,Baltic states,1451.0
2019-02-01,2019.0,Feb,2,Canada,4181.0
2019-02-01,2019.0,Feb,2,China,11407.0
2019-02-01,2019.0,Feb,2,Denmark,2929.0
2019-02-01,2019.0,Feb,2,France,6787.0
2019-02-01,2019.0,Feb,2,Germany,6893.0
2019-02-01,2019.0,Feb,2,Italy,3272.0
2019-02-01,2019.0,Feb,2,Netherlands,2529.0
2019-02-01,2019.0,Feb,2,Norway,1968.0
2019-02-01,2019.0,Feb,2,Other,28242.0
2019-02-01,2019.0,Feb,2,Poland,5758.0
2019-02-01,2019.0,Feb,2,Spain,3150.0
2019-02-01,2019.0,Feb,2,Sweden,1727.0
2019-02-01,2019.0,Feb,2,Switzerland,1268.0
2019-02-01,2019.0,Feb,2,UK,42715.0
2019-02-01,2019.0,Feb,2,USA,24727.0
2019-03-01,2019.0,Mar,3,Baltic states,1990.0
2019-03-01,2019.0,Mar,3,Canada,5971.0
2019-03-01,2019.0,Mar,3,China,5896.0
2019-03-01,2019.0,Mar,3,Denmark,3551.0
2019-03-01,2019.0,Mar,3,France,7604.0
2019-03-01,2019.0,Mar,3,Germany,10702.0
2019-03-01,2019.0,Mar,3,Italy,5226.0
2019-03-01,2019.0,Mar,3,Netherlands,3429.0
2019-03-01,2019.0,Mar,3,Norway,2965.0
2019-03-01,2019.0,Mar,3,Other,36230.0
2019-03-01,2019.0,Mar,3,Poland,6126.0
2019-03-01,2019.0,Mar,3,Spain,4432.0
2019-03-01,2019.0,Mar,3,Sweden,2203.0
2019-03-01,2019.0,Mar,3,Switzerland,1306.0
2019-03-01,2019.0,Mar,3,UK,34458.0
2019-03-01,2019.0,Mar,3,USA,38088.0
2019-04-01,2019.0,Apr,4,Baltic states,2411.0
2019-04-01,2019.0,Apr,4,Canada,4083.0
2019-04-01,2019.0,Apr,4,China,3451.0
2019-04-01,2019.0,Apr,4,Denmark,4363.0
2019-04-01,2019.0,Apr,4,France,4919.0
2019-04-01,2019.0,Apr,4,Germany,7625.0
2019-04-01,2019.0,Apr,4,Italy,2596.0
2019-04-01,2019.0,Apr,4,Netherlands,2324.0
2019-04-01,2019.0,Apr,4,Norway,3794.0
2019-04-01,2019.0,Apr,4,Other,26376.0
2019-04-01,2019.0,Apr,4,Poland,7320.0
2019-04-01,2019.0,Apr,4,Spain,3775.0
2019-04-01,2019.0,Apr,4,Sweden,3436.0
2019-04-01,2019.0,Apr,4,Switzerland,1712.0
2019-04-01,2019.0,Apr,4,UK,15644.0
2019-04-01,2019.0,Apr,4,USA,26477.0
2019-05-01,2019.0,May,5,Baltic states,2443.0
2019-05-01,2019.0,May,5,Canada,5845.0
2019-05-01,2019.0,May,5,China,4919.0
2019-05-01,2019.0,May,5,Denmark,4033.0
2019-05-01,2019.0,May,5,France,5814.0
2019-05-01,2019.0,May,5,Germany,9087.0
2019-05-01,2019.0,May,5,Italy,2264.0
2019-05-01,2019.0,May,5,Netherlands,3958.0
2019-05-01,2019.0,May,5,Norway,4194.0
2019-05-01,2019.0,May,5,Other,26296.0
2019-05-01,2019.0,May,5,Poland,8236.0
2019-05-01,2019.0,May,5,Spain,2864.0
2019-05-01,2019.0,May,5,Sweden,4136.0
2019-05-01,2019.0,May,5,Switzerland,1631.0
2019-05-01,2019.0,May,5,UK,8949.0
2019-05-01,2019.0,May,5,USA,31640.0
2019-06-01,2019.0,Jun,6,Baltic states,3310.0
2019-06-01,2019.0,Jun,6,Canada,8337.0
2019-06-01,2019.0,Jun,6,China,10784.0
2019-06-01,2019.0,Jun,6,Denmark,4366.0
2019-06-01,2019.0,Jun,6,France,8546.0
2019-06-01,2019.0,Jun,6,Germany,16918.0
2019-06-01,2019.0,Jun,6,Italy,3111.0
2019-06-01,2019.0,Jun,6,Netherlands,4048.0
2019-06-01,2019.0,Jun,6,Norway,4799.0
2019-06-01,2019.0,Jun,6,Other,38175.0
2019-06-01,2019.0,Jun,6,Poland,9432.0
2019-06-01,2019.0,Jun,6,Spain,4239.0
2019-06-01,2019.0,Jun,6,Sweden,5623.0
2019-06-01,2019.0,Jun,6,Switzerland,2842.0
2019-06-01,2019.0,Jun,6,UK,10134.0
2019-06-01,2019.0,Jun,6,USA,60248.0
2019-07-01,2019.0,Jul,7,Baltic states,3656.0
2019-07-01,2019.0,Jul,7,Canada,9508.0
2019-07-01,2019.0,Jul,7,China,12655.0
2019-07-01,2019.0,Jul,7,Denmark,7497.0
2019-07-01,2019.0,Jul,7,France,12117.0
2019-07-01,2019.0,Jul,7,Germany,18968.0
2019-07-01,2019.0,Jul,7,Italy,5289.0
2019-07-01,2019.0,Jul,7,Netherlands,4911.0
2019-07-01,2019.0,Jul,7,Norway,5223.0
2019-07-01,2019.0,Jul,7,Other,46429.0
2019-07-01,2019.0,Jul,7,Poland,10249.0
2019-07-01,2019.0,Jul,7,Spain,7050.0
2019-07-01,2019.0,Jul,7,Sweden,5895.0
2019-07-01,2019.0,Jul,7,Switzerland,5052.0
2019-07-01,2019.0,Jul,7,UK,11230.0
2019-07-01,2019.0,Jul,7,USA,65552.0
2019-08-01,2019.0,Aug,8,Baltic states,3209.0
2019-08-01,2019.0,Aug,8,Canada,10832.0
2019-08-01,2019.0,Aug,8,China,14035.0
2019-08-01,2019.0,Aug,8,Denmark,5745.0
2019-08-01,2019.0,Aug,8,France,18831.0
2019-08-01,2019.0,Aug,8,Germany,21262.0
2019-08-01,2019.0,Aug,8,Italy,13287.0
2019-08-01,2019.0,Aug,8,Netherlands,6566.0
2019-08-01,2019.0,Aug,8,Norway,4143.0
2019-08-01,2019.0,Aug,8,Other,47738.0
2019-08-01,2019.0,Aug,8,Poland,8758.0
2019-08-01,2019.0,Aug,8,Spain,12969.0
2019-08-01,2019.0,Aug,8,Sweden,5012.0
2019-08-01,2019.0,Aug,8,Switzerland,4620.0
2019-08-01,2019.0,Aug,8,UK,12128.0
2019-08-01,2019.0,Aug,8,USA,62752.0
2019-09-01,2019.0,Sep,9,Baltic states,2667.0
2019-09-01,2019.0,Sep,9,Canada,8083.0
2019-09-01,2019.0,Sep,9,China,9367.0
2019-09-01,2019.0,Sep,9,Denmark,4619.0
2019-09-01,2019.0,Sep,9,France,6612.0
2019-09-01,2019.0,Sep,9,Germany,14317.0
2019-09-01,2019.0,Sep,9,Italy,3510.0
2019-09-01,2019.0,Sep,9,Netherlands,3758.0
2019-09-01,2019.0,Sep,9,Norway,4379.0
2019-09-01,2019.0,Sep,9,Other,45319.0
2019-09-01,2019.0,Sep,9,Poland,8445.0
2019-09-01,2019.0,Sep,9,Spain,7321.0
2019-09-01,2019.0,Sep,9,Sweden,3755.0
2019-09-01,2019.0,Sep,9,Switzerland,2624.0
2019-09-01,2019.0,Sep,9,UK,11770.0
2019-09-01,2019.0,Sep,9,USA,47108.0
2019-10-01,2019.0,Oct,10,Baltic states,3519.0
2019-10-01,2019.0,Oct,10,Canada,4676.0
2019-10-01,2019.0,Oct,10,China,12431.0
2019-10-01,2019.0,Oct,10,Denmark,5513.0
2019-10-01,2019.0,Oct,10,France,9047.0
2019-10-01,2019.0,Oct,10,Germany,8216.0
2019-10-01,2019.0,Oct,10,Italy,2207.0
2019-10-01,2019.0,Oct,10,Netherlands,3824.0
2019-10-01,2019.0,Oct,10,Norway,2710.0
2019-10-01,2019.0,Oct,10,Other,34989.0
2019-10-01,2019.0,Oct,10,Poland,9018.0
2019-10-01,2019.0,Oct,10,Spain,6045.0
2019-10-01,2019.0,Oct,10,Sweden,2632.0
2019-10-01,2019.0,Oct,10,Switzerland,1362.0
2019-10-01,2019.0,Oct,10,UK,20882.0
2019-10-01,2019.0,Oct,10,USA,36023.0
2019-11-01,2019.0,Nov,11,Baltic states,2885.0
2019-11-01,2019.0,Nov,11,Canada,2913.0
2019-11-01,2019.0,Nov,11,China,5789.0
2019-11-01,2019.0,Nov,11,Denmark,2116.0
2019-11-01,2019.0,Nov,11,France,6485.0
2019-11-01,2019.0,Nov,11,Germany,7154.0
2019-11-01,2019.0,Nov,11,Italy,2363.0
2019-11-01,2019.0,Nov,11,Netherlands,3013.0
2019-11-01,2019.0,Nov,11,Norway,1502.0
2019-11-01,2019.0,Nov,11,Other,29731.0
2019-11-01,2019.0,Nov,11,Poland,6357.0
2019-11-01,2019.0,Nov,11,Spain,2446.0
2019-11-01,2019.0,Nov,11,Sweden,2244.0
2019-11-01,2019.0,Nov,11,Switzerland,1145.0
2019-11-01,2019.0,Nov,11,UK,32040.0
2019-11-01,2019.0,Nov,11,USA,22871.0
2019-12-01,2019.0,Dec,12,Baltic states,3420.0
2019-12-01,2019.0,Dec,12,Canada,2012.0
2019-12-01,2019.0,Dec,12,China,14664.0
2019-12-01,2019.0,Dec,12,Denmark,1790.0
2019-12-01,2019.0,Dec,12,France,5331.0
2019-12-01,2019.0,Dec,12,Germany,4372.0
2019-12-01,2019.0,Dec,12,Italy,1341.0
2019-12-01,2019.0,Dec,12,Netherlands,2555.0
2019-12-01,2019.0,Dec,12,Norway,1361.0
2019-12-01,2019.0,Dec,12,Other,29656.0
2019-12-01,2019.0,Dec,12,Poland,8777.0
2019-12-01,2019.0,Dec,12,Spain,1971.0
2019-12-01,2019.0,Dec,12,Sweden,1160.0
2019-12-01,2019.0,Dec,12,Switzerland,825.0
2019-12-01,2019.0,Dec,12,UK,27136.0
2019-12-01,2019.0,Dec,12,USA,19049.0
2020-01-01,2020.0,Jan,1,Baltic states,1352.0
2020-01-01,2020.0,Jan,1,Canada,2063.0
2020-01-01,2020.0,Jan,1,China,11179.0
2020-01-01,2020.0,Jan,1,Denmark,1896.0
2020-01-01,2020.0,Jan,1,France,5492.0
2020-01-01,2020.0,Jan,1,Germany,6510.0
2020-01-01,2020.0,Jan,1,Italy,2593.0
2020-01-01,2020.0,Jan,1,Netherlands,1805.0
2020-01-01,2020.0,Jan,1,Norway,1617.0
2020-01-01,2020.0,Jan,1,Other,26177.0
2020-01-01,2020.0,Jan,1,Poland,8308.0
2020-01-01,2020.0,Jan,1,Spain,1861.0
2020-01-01,2020.0,Jan,1,Sweden,1443.0
2020-01-01,2020.0,Jan,1,Switzerland,1519.0
2020-01-01,2020.0,Jan,1,UK,30115.0
2020-01-01,2020.0,Jan,1,USA,17675.0
2020-02-01,2020.0,Feb,2,Baltic states,4243.0
2020-02-01,2020.0,Feb,2,Canada,2531.0
2020-02-01,2020.0,Feb,2,China,6075.0
2020-02-01,2020.0,Feb,2,Denmark,2248.0
2020-02-01,2020.0,Feb,2,France,9242.0
2020-02-01,2020.0,Feb,2,Germany,8134.0
2020-02-01,2020.0,Feb,2,Italy,2355.0
2020-02-01,2020.0,Feb,2,Netherlands,2562.0
2020-02-01,2020.0,Feb,2,Norway,2084.0
2020-02-01,2020.0,Feb,2,Other,25047.0
2020-02-01,2020.0,Feb,2,Poland,6919.0
2020-02-01,2020.0,Feb,2,Spain,2575.0
2020-02-01,2020.0,Feb,2,Sweden,1530.0
2020-02-01,2020.0,Feb,2,Switzerland,1580.0
2020-02-01,2020.0,Feb,2,UK,39689.0
2020-02-01,2020.0,Feb,2,USA,17093.0
2020-03-01,2020.0,Mar,3,Baltic states,5885.0
2020-03-01,2020.0,Mar,3,Canada,1934.0
2020-03-01,2020.0,Mar,3,China,1999.0
2020-03-01,2020.0,Mar,3,Denmark,1934.0
2020-03-01,2020.0,Mar,3,France,4756.0
2020-03-01,2020.0,Mar,3,Germany,5903.0
2020-03-01,2020.0,Mar,3,Italy,1293.0
2020-03-01,2020.0,Mar,3,Netherlands,1388.0
2020-03-01,2020.0,Mar,3,Norway,788.0
2020-03-01,2020.0,Mar,3,Other,11513.0
2020-03-01,2020.0,Mar,3,Poland,4856.0
2020-03-01,2020.0,Mar,3,Spain,1875.0
2020-03-01,2020.0,Mar,3,Sweden,623.0
2020-03-01,2020.0,Mar,3,Switzerland,694.0
2020-03-01,2020.0,Mar,3,UK,22388.0
2020-03-01,2020.0,Mar,3,USA,13517.0
2020-04-01,2020.0,Apr,4,Other,531.0
2020-04-01,2020.0,Apr,4,Poland,393.0
2020-05-01,2020.0,May,5,Baltic states,168.0
2020-05-01,2020.0,May,5,Denmark,54.0
2020-05-01,2020.0,May,5,France,32.0
2020-05-01,2020.0,May,5,Germany,41.0
2020-05-01,2020.0,May,5,Italy,15.0
2020-05-01,2020.0,May,5,Other,236.0
2020-05-01,2020.0,May,5,Poland,320.0
2020-05-01,2020.0,May,5,Spain,15.0
2020-05-01,2020.0,May,5,Sweden,42.0
2020-05-01,2020.0,May,5,UK,43.0
2020-05-01,2020.0,May,5,USA,30.0
2020-06-01,2020.0,Jun,6,Baltic states,703.0
2020-06-01,2020.0,Jun,6,Canada,10.0
2020-06-01,2020.0,Jun,6,China,26.0
2020-06-01,2020.0,Jun,6,Denmark,882.0
2020-06-01,2020.0,Jun,6,France,238.0
2020-06-01,2020.0,Jun,6,Germany,1019.0
2020-06-01,2020.0,Jun,6,Italy,94.0
2020-06-01,2020.0,Jun,6,Netherlands,165.0
2020-06-01,2020.0,Jun,6,Norway,218.0
2020-06-01,2020.0,Jun,6,Other,1549.0
2020-06-01,2020.0,Jun,6,Poland,470.0
2020-06-01,2020.0,Jun,6,Spain,55.0
2020-06-01,2020.0,Jun,6,Sweden,130.0
2020-06-01,2020.0,Jun,6,Switzerland,291.0
2020-06-01,2020.0,Jun,6,UK,140.0
2020-06-01,2020.0,Jun,6,USA,128.0
2020-07-01,2020.0,Jul,7,Baltic states,997.0
2020-07-01,2020.0,Jul,7,Canada,106.0
2020-07-01,2020.0,Jul,7,China,126.0
2020-07-01,2020.0,Jul,7,Denmark,9971.0
2020-07-01,2020.0,Jul,7,France,2976.0
2020-07-01,2020.0,Jul,7,Germany,9241.0
2020-07-01,2020.0,Jul,7,Italy,927.0
2020-07-01,2020.0,Jul,7,Netherlands,2100.0
2020-07-01,2020.0,Jul,7,Norway,2311.0
2020-07-01,2020.0,Jul,7,Other,7764.0
2020-07-01,2020.0,Jul,7,Poland,3188.0
2020-07-01,2020.0,Jul,7,Spain,499.0
2020-07-01,2020.0,Jul,7,Sweden,554.0
2020-07-01,2020.0,Jul,7,Switzerland,3168.0
2020-07-01,2020.0,Jul,7,UK,1425.0
2020-07-01,2020.0,Jul,7,USA,363.0
2020-08-01,2020.0,Aug,8,Baltic states,571.0
2020-08-01,2020.0,Aug,8,Canada,182.0
2020-08-01,2020.0,Aug,8,China,199.0
2020-08-01,2020.0,Aug,8,Denmark,4920.0
2020-08-01,2020.0,Aug,8,France,4275.0
2020-08-01,2020.0,Aug,8,Germany,10701.0
2020-08-01,2020.0,Aug,8,Italy,7682.0
2020-08-01,2020.0,Aug,8,Netherlands,3754.0
2020-08-01,2020.0,Aug,8,Norway,463.0
2020-08-01,2020.0,Aug,8,Other,10452.0
2020-08-01,2020.0,Aug,8,Poland,8832.0
2020-08-01,2020.0,Aug,8,Spain,3357.0
2020-08-01,2020.0,Aug,8,Sweden,496.0
2020-08-01,2020.0,Aug,8,Switzerland,2258.0
2020-08-01,2020.0,Aug,8,UK,4722.0
2020-08-01,2020.0,Aug,8,USA,943.0
2020-09-01,2020.0,Sep,9,Baltic states,351.0
2020-09-01,2020.0,Sep,9,Canada,72.0
2020-09-01,2020.0,Sep,9,China,63.0
2020-09-01,2020.0,Sep,9,Denmark,402.0
2020-09-01,2020.0,Sep,9,France,505.0
2020-09-01,2020.0,Sep,9,Germany,2024.0
2020-09-01,2020.0,Sep,9,Italy,294.0
2020-09-01,2020.0,Sep,9,Netherlands,378.0
2020-09-01,2020.0,Sep,9,Norway,68.0
2020-09-01,2020.0,Sep,9,Other,2134.0
2020-09-01,2020.0,Sep,9,Poland,1893.0
2020-09-01,2020.0,Sep,9,Spain,341.0
2020-09-01,2020.0,Sep,9,Sweden,238.0
2020-09-01,2020.0,Sep,9,Switzerland,328.0
2020-09-01,2020.0,Sep,9,UK,702.0
2020-09-01,2020.0,Sep,9,USA,382.0
2020-10-01,2020.0,Oct,10,Baltic states,208.0
2020-10-01,2020.0,Oct,10,Canada,20.0
2020-10-01,2020.0,Oct,10,China,14.0
2020-10-01,2020.0,Oct,10,Denmark,417.0
2020-10-01,2020.0,Oct,10,France,295.0
2020-10-01,2020.0,Oct,10,Germany,486.0
2020-10-01,2020.0,Oct,10,Italy,157.0
2020-10-01,2020.0,Oct,10,Netherlands,119.0
2020-10-01,2020.0,Oct,10,Norway,92.0
2020-10-01,2020.0,Oct,10,Other,1444.0
2020-10-01,2020.0,Oct,10,Poland,1608.0
2020-10-01,2020.0,Oct,10,Spain,260.0
2020-10-01,2020.0,Oct,10,Sweden,105.0
2020-10-01,2020.0,Oct,10,Switzerland,71.0
2020-10-01,2020.0,Oct,10,UK,392.0
2020-10-01,2020.0,Oct,10,USA,304.0
2020-11-01,2020.0,Nov,11,Baltic states,276.0
2020-11-01,2020.0,Nov,11,Canada,25.0
2020-11-01,2020.0,Nov,11,China,14.0
2020-11-01,2020.0,Nov,11,Denmark,207.0
2020-11-01,2020.0,Nov,11,France,132.0
2020-11-01,2020.0,Nov,11,Germany,121.0
2020-11-01,2020.0,Nov,11,Italy,72.0
2020-11-01,2020.0,Nov,11,Netherlands,89.0
2020-11-01,2020.0,Nov,11,Norway,33.0
2020-11-01,2020.0,Nov,11,Other,964.0
2020-11-01,2020.0,Nov,11,Poland,821.0
2020-11-01,2020.0,Nov,11,Spain,81.0
2020-11-01,2020.0,Nov,11,Sweden,58.0
2020-11-01,2020.0,Nov,11,Switzerland,39.0
2020-11-01,2020.0,Nov,11,UK,156.0
2020-11-01,2020.0,Nov,11,USA,285.0
2020-12-01,2020.0,Dec,12,Baltic states,1357.0
2020-12-01,2020.0,Dec,12,Canada,11.0
2020-12-01,2020.0,Dec,12,China,47.0
2020-12-01,2020.0,Dec,12,Denmark,287.0
2020-12-01,2020.0,Dec,12,France,245.0
2020-12-01,2020.0,Dec,12,Germany,267.0
2020-12-01,2020.0,Dec,12,Italy,103.0
2020-12-01,2020.0,Dec,12,Netherlands,84.0
2020-12-01,2020.0,Dec,12,Norway,57.0
2020-12-01,2020.0,Dec,12,Other,1903.0
2020-12-01,2020.0,Dec,12,Poland,2871.0
2020-12-01,2020.0,Dec,12,Spain,148.0
2020-12-01,2020.0,Dec,12,Sweden,110.0
2020-12-01,2020.0,Dec,12,Switzerland,46.0
2020-12-01,2020.0,Dec,12,UK,375.0
2020-12-01,2020.0,Dec,12,USA,238.0
2021-01-01,2021.0,Jan,1,Baltic states,346.0
2021-01-01,2021.0,Jan,1,Canada,18.0
2021-01-01,2021.0,Jan,1,China,34.0
2021-01-01,2021.0,Jan,1,Denmark,206.0
2021-01-01,2021.0,Jan,1,France,147.0
2021-01-01,2021.0,Jan,1,Germany,407.0
2021-01-01,2021.0,Jan,1,Italy,91.0
2021-01-01,2021.0,Jan,1,Netherlands,64.0
2021-01-01,2021.0,Jan,1,Norway,72.0
2021-01-01,2021.0,Jan,1,Other,953.0
2021-01-01,2021.0,Jan,1,Poland,1224.0
2021-01-01,2021.0,Jan,1,Spain,102.0
2021-01-01,2021.0,Jan,1,Sweden,150.0
2021-01-01,2021.0,Jan,1,Switzerland,47.0
2021-01-01,2021.0,Jan,1,UK,224.0
2021-01-01,2021.0,Jan,1,USA,279.0
2021-02-01,2021.0,Feb,2,Baltic states,182.0
2021-02-01,2021.0,Feb,2,Canada,8.0
2021-02-01,2021.0,Feb,2,China,13.0
2021-02-01,2021.0,Feb,2,Denmark,118.0
2021-02-01,2021.0,Feb,2,France,93.0
2021-02-01,2021.0,Feb,2,Germany,239.0
2021-02-01,2021.0,Feb,2,Italy,46.0
2021-02-01,2021.0,Feb,2,Netherlands,63.0
2021-02-01,2021.0,Feb,2,Norway,25.0
2021-02-01,2021.0,Feb,2,Other,676.0
2021-02-01,2021.0,Feb,2,Poland,1201.0
2021-02-01,2021.0,Feb,2,Spain,60.0
2021-02-01,2021.0,Feb,2,Sweden,56.0
2021-02-01,2021.0,Feb,2,Switzerland,66.0
2021-02-01,2021.0,Feb,2,UK,55.0
2021-02-01,2021.0,Feb,2,USA,96.0
2021-03-01,2021.0,Mar,3,Baltic states,350.0
2021-03-01,2021.0,Mar,3,Canada,13.0
2021-03-01,2021.0,Mar,3,China,10.0
2021-03-01,2021.0,Mar,3,Denmark,241.0
2021-03-01,2021.0,Mar,3,France,217.0
2021-03-01,2021.0,Mar,3,Germany,598.0
2021-03-01,2021.0,Mar,3,Italy,70.0
2021-03-01,2021.0,Mar,3,Netherlands,87.0
2021-03-01,2021.0,Mar,3,Norway,63.0
2021-03-01,2021.0,Mar,3,Other,1060.0
2021-03-01,2021.0,Mar,3,Poland,1282.0
2021-03-01,2021.0,Mar,3,Spain,83.0
2021-03-01,2021.0,Mar,3,Sweden,101.0
2021-03-01,2021.0,Mar,3,Switzerland,57.0
2021-03-01,2021.0,Mar,3,UK,119.0
2021-03-01,2021.0,Mar,3,USA,236.0
2021-04-01,2021.0,Apr,4,Baltic states,469.0
2021-04-01,2021.0,Apr,4,Canada,20.0
2021-04-01,2021.0,Apr,4,China,28.0
2021-04-01,2021.0,Apr,4,Denmark,194.0
2021-04-01,2021.0,Apr,4,France,213.0
2021-04-01,2021.0,Apr,4,Germany,722.0
2021-04-01,2021.0,Apr,4,Italy,152.0
2021-04-01,2021.0,Apr,4,Netherlands,96.0
2021-04-01,2021.0,Apr,4,Norway,45.0
2021-04-01,2021.0,Apr,4,Other,1310.0
2021-04-01,2021.0,Apr,4,Poland,1493.0
2021-04-01,2021.0,Apr,4,Spain,170.0
2021-04-01,2021.0,Apr,4,Sweden,120.0
2021-04-01,2021.0,Apr,4,Switzerland,110.0
2021-04-01,2021.0,Apr,4,UK,133.0
2021-04-01,2021.0,Apr,4,USA,513.0
2021-05-01,2021.0,May,5,Baltic states,734.0
2021-05-01,2021.0,May,5,Canada,57.0
2021-05-01,2021.0,May,5,China,65.0
2021-05-01,2021.0,May,5,Denmark,406.0
2021-05-01,2021.0,May,5,France,313.0
2021-05-01,2021.0,May,5,Germany,934.0
2021-05-01,2021.0,May,5,Italy,133.0
2021-05-01,2021.0,May,5,Netherlands,144.0
2021-05-01,2021.0,May,5,Norway,56.0
2021-05-01,2021.0,May,5,Other,1978.0
2021-05-01,2021.0,May,5,Poland,1314.0
2021-05-01,2021.0,May,5,Spain,301.0
2021-05-01,2021.0,May,5,Sweden,116.0
2021-05-01,2021.0,May,5,Switzerland,168.0
2021-05-01,2021.0,May,5,UK,175.0
2021-05-01,2021.0,May,5,USA,7479.0
2021-06-01,2021.0,Jun,6,Baltic states,1020.0
2021-06-01,2021.0,Jun,6,Canada,174.0
2021-06-01,2021.0,Jun,6,China,53.0
2021-06-01,2021.0,Jun,6,Denmark,837.0
2021-06-01,2021.0,Jun,6,France,1784.0
2021-06-01,2021.0,Jun,6,Germany,3201.0
2021-06-01,2021.0,Jun,6,Italy,953.0
2021-06-01,2021.0,Jun,6,Netherlands,305.0
2021-06-01,2021.0,Jun,6,Norway,247.0
2021-06-01,2021.0,Jun,6,Other,5382.0
2021-06-01,2021.0,Jun,6,Poland,3646.0
2021-06-01,2021.0,Jun,6,Spain,367.0
2021-06-01,2021.0,Jun,6,Sweden,319.0
2021-06-01,2021.0,Jun,6,Switzerland,580.0
2021-06-01,2021.0,Jun,6,UK,2249.0
2021-06-01,2021.0,Jun,6,USA,21450.0
2021-07-01,2021.0,Jul,7,Baltic states,3871.0
2021-07-01,2021.0,Jul,7,Canada,359.0
2021-07-01,2021.0,Jul,7,China,198.0
2021-07-01,2021.0,Jul,7,Denmark,2436.0
2021-07-01,2021.0,Jul,7,France,4003.0
2021-07-01,2021.0,Jul,7,Germany,8630.0
2021-07-01,2021.0,Jul,7,Italy,2162.0
2021-07-01,2021.0,Jul,7,Netherlands,1463.0
2021-07-01,2021.0,Jul,7,Norway,897.0
2021-07-01,2021.0,Jul,7,Other,14352.0
2021-07-01,2021.0,Jul,7,Poland,11208.0
2021-07-01,2021.0,Jul,7,Spain,1124.0
2021-07-01,2021.0,Jul,7,Sweden,803.0
2021-07-01,2021.0,Jul,7,Switzerland,1435.0
2021-07-01,2021.0,Jul,7,UK,5731.0
2021-07-01,2021.0,Jul,7,USA,51260.0
2021-08-01,2021.0,Aug,8,Baltic states,2070.0
2021-08-01,2021.0,Aug,8,Canada,1344.0
2021-08-01,2021.0,Aug,8,China,314.0
2021-08-01,2021.0,Aug,8,Denmark,5386.0
2021-08-01,2021.0,Aug,8,France,8523.0
2021-08-01,2021.0,Aug,8,Germany,14716.0
2021-08-01,2021.0,Aug,8,Italy,9500.0
2021-08-01,2021.0,Aug,8,Netherlands,3092.0
2021-08-01,2021.0,Aug,8,Norway,1237.0
2021-08-01,2021.0,Aug,8,Other,25634.0
2021-08-01,2021.0,Aug,8,Poland,6569.0
2021-08-01,2021.0,Aug,8,Spain,5431.0
2021-08-01,2021.0,Aug,8,Sweden,1577.0
2021-08-01,2021.0,Aug,8,Switzerland,3074.0
2021-08-01,2021.0,Aug,8,UK,5826.0
2021-08-01,2021.0,Aug,8,USA,57556.0
2021-09-01,2021.0,Sep,9,Baltic states,1880.0
2021-09-01,2021.0,Sep,9,Canada,1625.0
2021-09-01,2021.0,Sep,9,China,646.0
2021-09-01,2021.0,Sep,9,Denmark,4275.0
2021-09-01,2021.0,Sep,9,France,6513.0
2021-09-01,2021.0,Sep,9,Germany,13921.0
2021-09-01,2021.0,Sep,9,Italy,6050.0
2021-09-01,2021.0,Sep,9,Netherlands,3661.0
2021-09-01,2021.0,Sep,9,Norway,1403.0
2021-09-01,2021.0,Sep,9,Other,18221.0
2021-09-01,2021.0,Sep,9,Poland,5835.0
2021-09-01,2021.0,Sep,9,Spain,4242.0
2021-09-01,2021.0,Sep,9,Sweden,1116.0
2021-09-01,2021.0,Sep,9,Switzerland,2212.0
2021-09-01,2021.0,Sep,9,UK,6566.0
2021-09-01,2021.0,Sep,9,USA,30067.0
2021-10-01,2021.0,Oct,10,Baltic states,1061.0
2021-10-01,2021.0,Oct,10,Canada,1965.0
2021-10-01,2021.0,Oct,10,China,565.0
2021-10-01,2021.0,Oct,10,Denmark,5436.0
2021-10-01,2021.0,Oct,10,France,3766.0
2021-10-01,2021.0,Oct,10,Germany,9956.0
2021-10-01,2021.0,Oct,10,Italy,4463.0
2021-10-01,2021.0,Oct,10,Netherlands,3735.0
2021-10-01,2021.0,Oct,10,Norway,1808.0
2021-10-01,2021.0,Oct,10,Other,15400.0
2021-10-01,2021.0,Oct,10,Poland,5336.0
2021-10-01,2021.0,Oct,10,Spain,4488.0
2021-10-01,2021.0,Oct,10,Sweden,967.0
2021-10-01,2021.0,Oct,10,Switzerland,1343.0
2021-10-01,2021.0,Oct,10,UK,10226.0
2021-10-01,2021.0,Oct,10,USA,32712.0
2021-11-01,2021.0,Nov,11,Baltic states,840.0
2021-11-01,2021.0,Nov,11,Canada,978.0
2021-11-01,2021.0,Nov,11,China,652.0
2021-11-01,2021.0,Nov,11,Denmark,2375.0
2021-11-01,2021.0,Nov,11,France,7025.0
2021-11-01,2021.0,Nov,11,Germany,7865.0
2021-11-01,2021.0,Nov,11,Italy,3092.0
2021-11-01,2021.0,Nov,11,Netherlands,2853.0
2021-11-01,2021.0,Nov,11,Norway,898.0
2021-11-01,2021.0,Nov,11,Other,14216.0
2021-11-01,2021.0,Nov,11,Poland,5439.0
2021-11-01,2021.0,Nov,11,Spain,1557.0
2021-11-01,2021.0,Nov,11,Sweden,1543.0
2021-11-01,2021.0,Nov,11,Switzerland,811.0
2021-11-01,2021.0,Nov,11,UK,11030.0
2021-11-01,2021.0,Nov,11,USA,14282.0
2021-12-01,2021.0,Dec,12,Baltic states,2091.0
2021-12-01,2021.0,Dec,12,Canada,739.0
2021-12-01,2021.0,Dec,12,China,3906.0
2021-12-01,2021.0,Dec,12,Denmark,2329.0
2021-12-01,2021.0,Dec,12,France,3963.0
2021-12-01,2021.0,Dec,12,Germany,2586.0
2021-12-01,2021.0,Dec,12,Italy,1334.0
2021-12-01,2021.0,Dec,12,Netherlands,1540.0
2021-12-01,2021.0,Dec,12,Norway,689.0
2021-12-01,2021.0,Dec,12,Other,11164.0
2021-12-01,2021.0,Dec,12,Poland,7494.0
2021-12-01,2021.0,Dec,12,Spain,1640.0
2021-12-01,2021.0,Dec,12,Sweden,851.0
2021-12-01,2021.0,Dec,12,Switzerland,526.0
2021-12-01,2021.0,Dec,12,UK,12303.0
2021-12-01,2021.0,Dec,12,USA,11163.0
2022-01-01,2022.0,Jan,1,Baltic states,1978.0
2022-01-01,2022.0,Jan,1,Canada,604.0
2022-01-01,2022.0,Jan,1,China,1777.0
2022-01-01,2022.0,Jan,1,Denmark,1216.0
2022-01-01,2022.0,Jan,1,France,2258.0
2022-01-01,2022.0,Jan,1,Germany,3859.0
2022-01-01,2022.0,Jan,1,Italy,3535.0
2022-01-01,2022.0,Jan,1,Netherlands,2441.0
2022-01-01,2022.0,Jan,1,Norway,823.0
2022-01-01,2022.0,Jan,1,Other,12212.0
2022-01-01,2022.0,Jan,1,Poland,4288.0
2022-01-01,2022.0,Jan,1,Spain,1234.0
2022-01-01,2022.0,Jan,1,Sweden,613.0
2022-01-01,2022.0,Jan,1,Switzerland,726.0
2022-01-01,2022.0,Jan,1,UK,16083.0
2022-01-01,2022.0,Jan,1,USA,14009.0
2022-02-01,2022.0,Feb,2,Baltic states,364.0
2022-02-01,2022.0,Feb,2,Canada,393.0
2022-02-01,2022.0,Feb,2,China,1485.0
2022-02-01,2022.0,Feb,2,Denmark,1984.0
2022-02-01,2022.0,Feb,2,France,5278.0
2022-02-01,2022.0,Feb,2,Germany,4808.0
2022-02-01,2022.0,Feb,2,Italy,886.0
2022-02-01,2022.0,Feb,2,Netherlands,2924.0
2022-02-01,2022.0,Feb,2,Norway,658.0
2022-02-01,2022.0,Feb,2,Other,11835.0
2022-02-01,2022.0,Feb,2,Poland,2994.0
2022-02-01,2022.0,Feb,2,Spain,1779.0
2022-02-01,2022.0,Feb,2,Sweden,663.0
2022-02-01,2022.0,Feb,2,Switzerland,370.0
2022-02-01,2022.0,Feb,2,UK,28842.0
2022-02-01,2022.0,Feb,2,USA,10567.0
2022-03-01,2022.0,Mar,3,Baltic states,1430.0
2022-03-01,2022.0,Mar,3,Canada,1233.0
2022-03-01,2022.0,Mar,3,China,1714.0
2022-03-01,2022.0,Mar,3,Denmark,2768.0
2022-03-01,2022.0,Mar,3,France,5964.0
2022-03-01,2022.0,Mar,3,Germany,8940.0
2022-03-01,2022.0,Mar,3,Italy,2860.0
2022-03-01,2022.0,Mar,3,Netherlands,2716.0
2022-03-01,2022.0,Mar,3,Norway,1233.0
2022-03-01,2022.0,Mar,3,Other,19038.0
2022-03-01,2022.0,Mar,3,Poland,4372.0
2022-03-01,2022.0,Mar,3,Spain,2860.0
2022-03-01,2022.0,Mar,3,Sweden,1077.0
2022-03-01,2022.0,Mar,3,Switzerland,649.0
2022-03-01,2022.0,Mar,3,UK,27886.0
2022-03-01,2022.0,Mar,3,USA,16433.0
2022-04-01,2022.0,Apr,4,Baltic states,2000.0
2022-04-01,2022.0,Apr,4,Canada,1528.0
2022-04-01,2022.0,Apr,4,China,2072.0
2022-04-01,2022.0,Apr,4,Denmark,4880.0
2022-04-01,2022.0,Apr,4,France,5672.0
2022-04-01,2022.0,Apr,4,Germany,5576.0
2022-04-01,2022.0,Apr,4,Italy,2576.0
2022-04-01,2022.0,Apr,4,Netherlands,2464.0
2022-04-01,2022.0,Apr,4,Norway,1784.0
2022-04-01,2022.0,Apr,4,Other,21130.0
2022-04-01,2022.0,Apr,4,Poland,11088.0
2022-04-01,2022.0,Apr,4,Spain,4032.0
2022-04-01,2022.0,Apr,4,Sweden,2184.0
2022-04-01,2022.0,Apr,4,Switzerland,1344.0
2022-04-01,2022.0,Apr,4,UK,16065.0
2022-04-01,2022.0,Apr,4,USA,17833.0
2022-05-01,2022.0,May,5,Baltic states,1646.0
2022-05-01,2022.0,May,5,Canada,2992.0
2022-05-01,2022.0,May,5,China,662.0
2022-05-01,2022.0,May,5,Denmark,5561.0
2022-05-01,2022.0,May,5,France,7603.0
2022-05-01,2022.0,May,5,Germany,8451.0
2022-05-01,2022.0,May,5,Italy,3224.0
2022-05-01,2022.0,May,5,Netherlands,7767.0
2022-05-01,2022.0,May,5,Norway,3880.0
2022-05-01,2022.0,May,5,Other,18330.0
2022-05-01,2022.0,May,5,Poland,5732.0
2022-05-01,2022.0,May,5,Spain,3286.0
2022-05-01,2022.0,May,5,Sweden,3006.0
2022-05-01,2022.0,May,5,Switzerland,1394.0
2022-05-01,2022.0,May,5,UK,9168.0
2022-05-01,2022.0,May,5,USA,24901.0
2022-06-01,2022.0,Jun,6,Baltic states,3911.0
2022-06-01,2022.0,Jun,6,Canada,5173.0
2022-06-01,2022.0,Jun,6,China,1222.0
2022-06-01,2022.0,Jun,6,Denmark,5306.0
2022-06-01,2022.0,Jun,6,France,10866.0
2022-06-01,2022.0,Jun,6,Germany,21318.0
2022-06-01,2022.0,Jun,6,Italy,6334.0
2022-06-01,2022.0,Jun,6,Netherlands,4285.0
2022-06-01,2022.0,Jun,6,Norway,5446.0
2022-06-01,2022.0,Jun,6,Other,31089.0
2022-06-01,2022.0,Jun,6,Poland,7302.0
2022-06-01,2022.0,Jun,6,Spain,2963.0
2022-06-01,2022.0,Jun,6,Sweden,4145.0
2022-06-01,2022.0,Jun,6,Switzerland,3311.0
2022-06-01,2022.0,Jun,6,UK,10446.0
2022-06-01,2022.0,Jun,6,USA,53563.0
2022-07-01,2022.0,Jul,7,Baltic states,3432.0
2022-07-01,2022.0,Jul,7,Canada,8090.0
2022-07-01,2022.0,Jul,7,China,1703.0
2022-07-01,2022.0,Jul,7,Denmark,13212.0
2022-07-01,2022.0,Jul,7,France,12672.0
2022-07-01,2022.0,Jul,7,Germany,17196.0
2022-07-01,2022.0,Jul,7,Italy,8427.0
2022-07-01,2022.0,Jul,7,Netherlands,6101.0
2022-07-01,2022.0,Jul,7,Norway,4213.0
2022-07-01,2022.0,Jul,7,Other,39246.0
2022-07-01,2022.0,Jul,7,Poland,11674.0
2022-07-01,2022.0,Jul,7,Spain,7117.0
2022-07-01,2022.0,Jul,7,Sweden,5548.0
2022-07-01,2022.0,Jul,7,Switzerland,4931.0
2022-07-01,2022.0,Jul,7,UK,11992.0
2022-07-01,2022.0,Jul,7,USA,78635.0
2022-08-01,2022.0,Aug,8,Baltic states,3457.0
2022-08-01,2022.0,Aug,8,Canada,8698.0
2022-08-01,2022.0,Aug,8,China,1704.0
2022-08-01,2022.0,Aug,8,Denmark,6665.0
2022-08-01,2022.0,Aug,8,France,17363.0
2022-08-01,2022.0,Aug,8,Germany,24282.0
2022-08-01,2022.0,Aug,8,Italy,18698.0
2022-08-01,2022.0,Aug,8,Netherlands,6517.0
2022-08-01,2022.0,Aug,8,Norway,4222.0
2022-08-01,2022.0,Aug,8,Other,37792.0
2022-08-01,2022.0,Aug,8,Poland,9571.0
2022-08-01,2022.0,Aug,8,Spain,9967.0
2022-08-01,2022.0,Aug,8,Sweden,5215.0
2022-08-01,2022.0,Aug,8,Switzerland,4296.0
2022-08-01,2022.0,Aug,8,UK,11705.0
2022-08-01,2022.0,Aug,8,USA,72518.0
2022-09-01,2022.0,Sep,9,Baltic states,2786.0
2022-09-01,2022.0,Sep,9,Canada,7003.0
2022-09-01,2022.0,Sep,9,China,1796.0
2022-09-01,2022.0,Sep,9,Denmark,5439.0
2022-09-01,2022.0,Sep,9,France,8345.0
2022-09-01,2022.0,Sep,9,Germany,15965.0
2022-09-01,2022.0,Sep,9,Italy,5887.0
2022-09-01,2022.0,Sep,9,Netherlands,7267.0
2022-09-01,2022.0,Sep,9,Norway,3032.0
2022-09-01,2022.0,Sep,9,Other,33356.0
2022-09-01,2022.0,Sep,9,Poland,7639.0
2022-09-01,2022.0,Sep,9,Spain,8358.0
2022-09-01,2022.0,Sep,9,Sweden,3448.0
2022-09-01,2022.0,Sep,9,Switzerland,2559.0
2022-09-01,2022.0,Sep,9,UK,10791.0
2022-09-01,2022.0,Sep,9,USA,53317.0
2022-10-01,2022.0,Oct,10,Baltic states,1172.0
2022-10-01,2022.0,Oct,10,Canada,3478.0
2022-10-01,2022.0,Oct,10,China,1765.0
2022-10-01,2022.0,Oct,10,Denmark,6242.0
2022-10-01,2022.0,Oct,10,France,4199.0
2022-10-01,2022.0,Oct,10,Germany,9255.0
2022-10-01,2022.0,Oct,10,Italy,4364.0
2022-10-01,2022.0,Oct,10,Netherlands,3786.0
2022-10-01,2022.0,Oct,10,Norway,2592.0
2022-10-01,2022.0,Oct,10,Other,29199.0
2022-10-01,2022.0,Oct,10,Poland,7572.0
2022-10-01,2022.0,Oct,10,Spain,4124.0
2022-10-01,2022.0,Oct,10,Sweden,2224.0
2022-10-01,2022.0,Oct,10,Switzerland,2186.0
2022-10-01,2022.0,Oct,10,UK,24714.0
2022-10-01,2022.0,Oct,10,USA,51915.0
2022-11-01,2022.0,Nov,11,Baltic states,1042.0
2022-11-01,2022.0,Nov,11,Canada,2542.0
2022-11-01,2022.0,Nov,11,China,2229.0
2022-11-01,2022.0,Nov,11,Denmark,2927.0
2022-11-01,2022.0,Nov,11,France,4532.0
2022-11-01,2022.0,Nov,11,Germany,7272.0
2022-11-01,2022.0,Nov,11,Italy,1427.0
2022-11-01,2022.0,Nov,11,Netherlands,2292.0
2022-11-01,2022.0,Nov,11,Norway,698.0
2022-11-01,2022.0,Nov,11,Other,27723.0
2022-11-01,2022.0,Nov,11,Poland,3573.0
2022-11-01,2022.0,Nov,11,Spain,2552.0
2022-11-01,2022.0,Nov,11,Sweden,1042.0
2022-11-01,2022.0,Nov,11,Switzerland,1396.0
2022-11-01,2022.0,Nov,11,UK,34462.0
2022-11-01,2022.0,Nov,11,USA,42484.0
2022-12-01,2022.0,Dec,12,Baltic states,3462.0
2022-12-01,2022.0,Dec,12,Canada,1914.0
2022-12-01,2022.0,Dec,12,China,5565.0
2022-12-01,2022.0,Dec,12,Denmark,2546.0
2022-12-01,2022.0,Dec,12,France,4624.0
2022-12-01,2022.0,Dec,12,Germany,4890.0
2022-12-01,2022.0,Dec,12,Italy,3020.0
2022-12-01,2022.0,Dec,12,Netherlands,2799.0
2022-12-01,2022.0,Dec,12,Norway,714.0
2022-12-01,2022.0,Dec,12,Other,23508.0
2022-12-01,2022.0,Dec,12,Poland,7878.0
2022-12-01,2022.0,Dec,12,Spain,2464.0
2022-12-01,2022.0,Dec,12,Sweden,1282.0
2022-12-01,2022.0,Dec,12,Switzerland,594.0
2022-12-01,2022.0,Dec,12,UK,27689.0
2022-12-01,2022.0,Dec,12,USA,21839.0
2023-01-01,2023.0,Jan,1,Baltic states,2696.0
2023-01-01,2023.0,Jan,1,Canada,1474.0
2023-01-01,2023.0,Jan,1,China,5306.0
2023-01-01,2023.0,Jan,1,Denmark,2862.0
2023-01-01,2023.0,Jan,1,France,3918.0
2023-01-01,2023.0,Jan,1,Germany,5724.0
2023-01-01,2023.0,Jan,1,Italy,4494.0
2023-01-01,2023.0,Jan,1,Netherlands,2610.0
2023-01-01,2023.0,Jan,1,Norway,662.0
2023-01-01,2023.0,Jan,1,Other,22651.0
2023-01-01,2023.0,Jan,1,Poland,5700.0
2023-01-01,2023.0,Jan,1,Spain,2176.0
2023-01-01,2023.0,Jan,1,Sweden,1246.0
2023-01-01,2023.0,Jan,1,Switzerland,694.0
2023-01-01,2023.0,Jan,1,UK,29881.0
2023-01-01,2023.0,Jan,1,USA,28619.0
2023-02-01,2023.0,Feb,2,Baltic states,1710.0
2023-02-01,2023.0,Feb,2,Canada,1513.0
2023-02-01,2023.0,Feb,2,China,3534.0
2023-02-01,2023.0,Feb,2,Denmark,3718.0
2023-02-01,2023.0,Feb,2,France,9266.0
2023-02-01,2023.0,Feb,2,Germany,9425.0
2023-02-01,2023.0,Feb,2,Italy,4703.0
2023-02-01,2023.0,Feb,2,Netherlands,2536.0
2023-02-01,2023.0,Feb,2,Norway,1055.0
2023-02-01,2023.0,Feb,2,Other,26871.0
2023-02-01,2023.0,Feb,2,Poland,5987.0
2023-02-01,2023.0,Feb,2,Spain,2854.0
2023-02-01,2023.0,Feb,2,Sweden,1163.0
2023-02-01,2023.0,Feb,2,Switzerland,2110.0
2023-02-01,2023.0,Feb,2,UK,39576.0
2023-02-01,2023.0,Feb,2,USA,20814.0
2023-03-01,2023.0,Mar,3,Baltic states,2919.0
2023-03-01,2023.0,Mar,3,Canada,2537.0
2023-03-01,2023.0,Mar,3,China,4130.0
2023-03-01,2023.0,Mar,3,Denmark,3521.0
2023-03-01,2023.0,Mar,3,France,7500.0
2023-03-01,2023.0,Mar,3,Germany,10659.0
2023-03-01,2023.0,Mar,3,Italy,7651.0
2023-03-01,2023.0,Mar,3,Netherlands,3473.0
2023-03-01,2023.0,Mar,3,Norway,1908.0
2023-03-01,2023.0,Mar,3,Other,31314.0
2023-03-01,2023.0,Mar,3,Poland,8936.0
2023-03-01,2023.0,Mar,3,Spain,3685.0
2023-03-01,2023.0,Mar,3,Sweden,1497.0
2023-03-01,2023.0,Mar,3,Switzerland,1415.0
2023-03-01,2023.0,Mar,3,UK,38350.0
2023-03-01,2023.0,Mar,3,USA,31041.0
2023-04-01,2023.0,Apr,4,Baltic states,1934.0
2023-04-01,2023.0,Apr,4,Canada,2664.0
2023-04-01,2023.0,Apr,4,China,2929.0
2023-04-01,2023.0,Apr,4,Denmark,4741.0
2023-04-01,2023.0,Apr,4,France,5880.0
2023-04-01,2023.0,Apr,4,Germany,7907.0
2023-04-01,2023.0,Apr,4,Italy,4548.0
2023-04-01,2023.0,Apr,4,Netherlands,2292.0
2023-04-01,2023.0,Apr,4,Norway,3209.0
2023-04-01,2023.0,Apr,4,Other,26979.0
2023-04-01,2023.0,Apr,4,Poland,9096.0
2023-04-01,2023.0,Apr,4,Spain,3781.0
2023-04-01,2023.0,Apr,4,Sweden,2521.0
2023-04-01,2023.0,Apr,4,Switzerland,1497.0
2023-04-01,2023.0,Apr,4,UK,23742.0
2023-04-01,2023.0,Apr,4,USA,38087.0
2023-05-01,2023.0,May,5,Baltic states,4860.0
2023-05-01,2023.0,May,5,Canada,3262.0
2023-05-01,2023.0,May,5,China,2005.0
2023-05-01,2023.0,May,5,Denmark,5120.0
2023-05-01,2023.0,May,5,France,10693.0
2023-05-01,2023.0,May,5,Germany,9447.0
2023-05-01,2023.0,May,5,Italy,4746.0
2023-05-01,2023.0,May,5,Netherlands,9142.0
2023-05-01,2023.0,May,5,Norway,3421.0
2023-05-01,2023.0,May,5,Other,36306.0
2023-05-01,2023.0,May,5,Poland,15055.0
2023-05-01,2023.0,May,5,Spain,3761.0
2023-05-01,2023.0,May,5,Sweden,1835.0
2023-05-01,2023.0,May,5,Switzerland,634.0
2023-05-01,2023.0,May,5,UK,6955.0
2023-05-01,2023.0,May,5,USA,40803.0
2023-06-01,2023.0,Jun,6,Baltic states,2773.0
2023-06-01,2023.0,Jun,6,Canada,5444.0
2023-06-01,2023.0,Jun,6,China,3094.0
2023-06-01,2023.0,Jun,6,Denmark,3438.0
2023-06-01,2023.0,Jun,6,France,9776.0
2023-06-01,2023.0,Jun,6,Germany,17867.0
2023-06-01,2023.0,Jun,6,Italy,5111.0
2023-06-01,2023.0,Jun,6,Netherlands,6051.0
2023-06-01,2023.0,Jun,6,Norway,3312.0
2023-06-01,2023.0,Jun,6,Other,35687.0
2023-06-01,2023.0,Jun,6,Poland,16446.0
2023-06-01,2023.0,Jun,6,Spain,6005.0
2023-06-01,2023.0,Jun,6,Sweden,3793.0
2023-06-01,2023.0,Jun,6,Switzerland,1902.0
2023-06-01,2023.0,Jun,6,UK,10337.0
2023-06-01,2023.0,Jun,6,USA,101825.0
2023-07-01,2023.0,Jul,7,Baltic states,4498.0
2023-07-01,2023.0,Jul,7,Canada,7609.0
2023-07-01,2023.0,Jul,7,China,3959.0
2023-07-01,2023.0,Jul,7,Denmark,7629.0
2023-07-01,2023.0,Jul,7,France,13713.0
2023-07-01,2023.0,Jul,7,Germany,22110.0
2023-07-01,2023.0,Jul,7,Italy,8726.0
2023-07-01,2023.0,Jul,7,Netherlands,5016.0
2023-07-01,2023.0,Jul,7,Norway,4518.0
2023-07-01,2023.0,Jul,7,Other,39194.0
2023-07-01,2023.0,Jul,7,Poland,20515.0
2023-07-01,2023.0,Jul,7,Spain,6203.0
2023-07-01,2023.0,Jul,7,Sweden,3780.0
2023-07-01,2023.0,Jul,7,Switzerland,1965.0
2023-07-01,2023.0,Jul,7,UK,11080.0
2023-07-01,2023.0,Jul,7,USA,114312.0
2023-08-01,2023.0,Aug,8,Baltic states,4230.0
2023-08-01,2023.0,Aug,8,Canada,11124.0
2023-08-01,2023.0,Aug,8,China,5516.0
2023-08-01,2023.0,Aug,8,Denmark,7304.0
2023-08-01,2023.0,Aug,8,France,16952.0
2023-08-01,2023.0,Aug,8,Germany,21144.0
2023-08-01,2023.0,Aug,8,Italy,18511.0
2023-08-01,2023.0,Aug,8,Netherlands,5539.0
2023-08-01,2023.0,Aug,8,Norway,3416.0
2023-08-01,2023.0,Aug,8,Other,45567.0
2023-08-01,2023.0,Aug,8,Poland,15932.0
2023-08-01,2023.0,Aug,8,Spain,15795.0
2023-08-01,2023.0,Aug,8,Sweden,4436.0
2023-08-01,2023.0,Aug,8,Switzerland,4504.0
2023-08-01,2023.0,Aug,8,UK,14091.0
2023-08-01,2023.0,Aug,8,USA,86660.0
2023-09-01,2023.0,Sep,9,Baltic states,2545.0
2023-09-01,2023.0,Sep,9,Canada,10974.0
2023-09-01,2023.0,Sep,9,China,4695.0
2023-09-01,2023.0,Sep,9,Denmark,4309.0
2023-09-01,2023.0,Sep,9,France,8508.0
2023-09-01,2023.0,Sep,9,Germany,16496.0
2023-09-01,2023.0,Sep,9,Italy,8571.0
2023-09-01,2023.0,Sep,9,Netherlands,4813.0
2023-09-01,2023.0,Sep,9,Norway,3466.0
2023-09-01,2023.0,Sep,9,Other,45434.0
2023-09-01,2023.0,Sep,9,Poland,11376.0
2023-09-01,2023.0,Sep,9,Spain,9721.0
2023-09-01,2023.0,Sep,9,Sweden,2584.0
2023-09-01,2023.0,Sep,9,Switzerland,3293.0
2023-09-01,2023.0,Sep,9,UK,10958.0
2023-09-01,2023.0,Sep,9,USA,70492.0
2023-10-01,2023.0,Oct,10,Baltic states,3093.0
2023-10-01,2023.0,Oct,10,Canada,7220.0
2023-10-01,2023.0,Oct,10,China,8391.0
2023-10-01,2023.0,Oct,10,Denmark,4176.0
2023-10-01,2023.0,Oct,10,France,6607.0
2023-10-01,2023.0,Oct,10,Germany,9619.0
2023-10-01,2023.0,Oct,10,Italy,5161.0
2023-10-01,2023.0,Oct,10,Netherlands,6356.0
2023-10-01,2023.0,Oct,10,Norway,3497.0
2023-10-01,2023.0,Oct,10,Other,46941.0
2023-10-01,2023.0,Oct,10,Poland,9126.0
2023-10-01,2023.0,Oct,10,Spain,6607.0
2023-10-01,2023.0,Oct,10,Sweden,3126.0
2023-10-01,2023.0,Oct,10,Switzerland,2286.0
2023-10-01,2023.0,Oct,10,UK,28268.0
2023-10-01,2023.0,Oct,10,USA,52505.0
2023-11-01,2023.0,Nov,11,Baltic states,2095.0
2023-11-01,2023.0,Nov,11,Canada,3293.0
2023-11-01,2023.0,Nov,11,China,4421.0
2023-11-01,2023.0,Nov,11,Denmark,2636.0
2023-11-01,2023.0,Nov,11,France,4445.0
2023-11-01,2023.0,Nov,11,Germany,4785.0
2023-11-01,2023.0,Nov,11,Italy,5303.0
2023-11-01,2023.0,Nov,11,Netherlands,2543.0
2023-11-01,2023.0,Nov,11,Norway,904.0
2023-11-01,2023.0,Nov,11,Other,31464.0
2023-11-01,2023.0,Nov,11,Poland,9192.0
2023-11-01,2023.0,Nov,11,Spain,4747.0
2023-11-01,2023.0,Nov,11,Sweden,1407.0
2023-11-01,2023.0,Nov,11,Switzerland,928.0
2023-11-01,2023.0,Nov,11,UK,38042.0
2023-11-01,2023.0,Nov,11,USA,32205.0
2023-12-01,2023.0,Dec,12,Baltic states,3712.0
2023-12-01,2023.0,Dec,12,Canada,2232.0
2023-12-01,2023.0,Dec,12,China,8017.0
2023-12-01,2023.0,Dec,12,Denmark,2274.0
2023-12-01,2023.0,Dec,12,France,3862.0
2023-12-01,2023.0,Dec,12,Germany,4046.0
2023-12-01,2023.0,Dec,12,Italy,4146.0
2023-12-01,2023.0,Dec,12,Netherlands,3494.0
2023-12-01,2023.0,Dec,12,Norway,869.0
2023-12-01,2023.0,Dec,12,Other,27912.0
2023-12-01,2023.0,Dec,12,Poland,11101.0
2023-12-01,2023.0,Dec,12,Spain,3553.0
2023-12-01,2023.0,Dec,12,Sweden,1296.0
2023-12-01,2023.0,Dec,12,Switzerland,761.0
2023-12-01,2023.0,Dec,12,UK,33797.0
2023-12-01,2023.0,Dec,12,USA,24627.0
2024-01-01,2024.0,Jan,1,Baltic states,1137.0
2024-01-01,2024.0,Jan,1,Canada,2240.0
2024-01-01,2024.0,Jan,1,China,6821.0
2024-01-01,2024.0,Jan,1,Denmark,2976.0
2024-01-01,2024.0,Jan,1,France,4940.0
2024-01-01,2024.0,Jan,1,Germany,8058.0
2024-01-01,2024.0,Jan,1,Italy,5392.0
2024-01-01,2024.0,Jan,1,Netherlands,6378.0
2024-01-01,2024.0,Jan,1,Norway,1605.0
2024-01-01,2024.0,Jan,1,Other,21273.0
2024-01-01,2024.0,Jan,1,Poland,5325.0
2024-01-01,2024.0,Jan,1,Spain,3243.0
2024-01-01,2024.0,Jan,1,Sweden,894.0
2024-01-01,2024.0,Jan,1,Switzerland,1371.0
2024-01-01,2024.0,Jan,1,UK,29299.0
2024-01-01,2024.0,Jan,1,USA,27109.0
2024-02-01,2024.0,Feb,2,Baltic states,735.0
2024-02-01,2024.0,Feb,2,Canada,3717.0
2024-02-01,2024.0,Feb,2,China,11718.0
2024-02-01,2024.0,Feb,2,Denmark,4953.0
2024-02-01,2024.0,Feb,2,France,6655.0
2024-02-01,2024.0,Feb,2,Germany,6793.0
2024-02-01,2024.0,Feb,2,Italy,3797.0
2024-02-01,2024.0,Feb,2,Netherlands,7921.0
2024-02-01,2024.0,Feb,2,Norway,916.0
2024-02-01,2024.0,Feb,2,Other,24075.0
2024-02-01,2024.0,Feb,2,Poland,4786.0
2024-02-01,2024.0,Feb,2,Spain,2858.0
2024-02-01,2024.0,Feb,2,Sweden,633.0
2024-02-01,2024.0,Feb,2,Switzerland,1477.0
2024-02-01,2024.0,Feb,2,UK,48426.0
2024-02-01,2024.0,Feb,2,USA,26250.0
2024-03-01,2024.0,Mar,3,Baltic states,2946.0
2024-03-01,2024.0,Mar,3,Canada,3565.0
2024-03-01,2024.0,Mar,3,China,8845.0
2024-03-01,2024.0,Mar,3,Denmark,4646.0
2024-03-01,2024.0,Mar,3,France,8432.0
2024-03-01,2024.0,Mar,3,Germany,8183.0
2024-03-01,2024.0,Mar,3,Italy,8489.0
2024-03-01,2024.0,Mar,3,Netherlands,4938.0
2024-03-01,2024.0,Mar,3,Norway,975.0
2024-03-01,2024.0,Mar,3,Other,34538.0
2024-03-01,2024.0,Mar,3,Poland,5436.0
2024-03-01,2024.0,Mar,3,Spain,5166.0
2024-03-01,2024.0,Mar,3,Sweden,1217.0
2024-03-01,2024.0,Mar,3,Switzerland,1174.0
2024-03-01,2024.0,Mar,3,UK,35002.0
2024-03-01,2024.0,Mar,3,USA,38417.0
2024-04-01,2024.0,Apr,4,Baltic states,1786.0
2024-04-01,2024.0,Apr,4,Canada,4577.0
2024-04-01,2024.0,Apr,4,China,4876.0
2024-04-01,2024.0,Apr,4,Denmark,5926.0
2024-04-01,2024.0,Apr,4,France,7103.0
2024-04-01,2024.0,Apr,4,Germany,6519.0
2024-04-01,2024.0,Apr,4,Italy,6451.0
2024-04-01,2024.0,Apr,4,Netherlands,3036.0
2024-04-01,2024.0,Apr,4,Norway,1938.0
2024-04-01,2024.0,Apr,4,Other,29521.0
2024-04-01,2024.0,Apr,4,Poland,8364.0
2024-04-01,2024.0,Apr,4,Spain,5523.0
2024-04-01,2024.0,Apr,4,Sweden,1722.0
2024-04-01,2024.0,Apr,4,Switzerland,1437.0
2024-04-01,2024.0,Apr,4,UK,16026.0
2024-04-01,2024.0,Apr,4,USA,32405.0
2024-05-01,2024.0,May,5,Baltic states,2334.0
2024-05-01,2024.0,May,5,Canada,6027.0
2024-05-01,2024.0,May,5,China,3875.0
2024-05-01,2024.0,May,5,Denmark,5676.0
2024-05-01,2024.0,May,5,France,6485.0
2024-05-01,2024.0,May,5,Germany,11064.0
2024-05-01,2024.0,May,5,Italy,6948.0
2024-05-01,2024.0,May,5,Netherlands,7376.0
2024-05-01,2024.0,May,5,Norway,2521.0
2024-05-01,2024.0,May,5,Other,29801.0
2024-05-01,2024.0,May,5,Poland,13362.0
2024-05-01,2024.0,May,5,Spain,5863.0
2024-05-01,2024.0,May,5,Sweden,2164.0
2024-05-01,2024.0,May,5,Switzerland,1659.0
2024-05-01,2024.0,May,5,UK,9410.0
2024-05-01,2024.0,May,5,USA,42801.0
2024-06-01,2024.0,Jun,6,Baltic states,3390.0
2024-06-01,2024.0,Jun,6,Canada,8957.0
2024-06-01,2024.0,Jun,6,China,6913.0
2024-06-01,2024.0,Jun,6,Denmark,4106.0
2024-06-01,2024.0,Jun,6,France,7561.0
2024-06-01,2024.0,Jun,6,Germany,14615.0
2024-06-01,2024.0,Jun,6,Italy,5582.0
2024-06-01,2024.0,Jun,6,Netherlands,6037.0
2024-06-01,2024.0,Jun,6,Norway,2417.0
2024-06-01,2024.0,Jun,6,Other,40968.0
2024-06-01,2024.0,Jun,6,Poland,9278.0
2024-06-01,2024.0,Jun,6,Spain,5067.0
2024-06-01,2024.0,Jun,6,Sweden,3539.0
2024-06-01,2024.0,Jun,6,Switzerland,2823.0
2024-06-01,2024.0,Jun,6,UK,9801.0
2024-06-01,2024.0,Jun,6,USA,81337.0
2024-07-01,2024.0,Jul,7,Baltic states,3642.0
2024-07-01,2024.0,Jul,7,Canada,12154.0
2024-07-01,2024.0,Jul,7,China,8410.0
2024-07-01,2024.0,Jul,7,Denmark,8785.0
2024-07-01,2024.0,Jul,7,France,10029.0
2024-07-01,2024.0,Jul,7,Germany,18435.0
2024-07-01,2024.0,Jul,7,Italy,9114.0
2024-07-01,2024.0,Jul,7,Netherlands,5982.0
2024-07-01,2024.0,Jul,7,Norway,4254.0
2024-07-01,2024.0,Jul,7,Other,51998.0
2024-07-01,2024.0,Jul,7,Poland,14413.0
2024-07-01,2024.0,Jul,7,Spain,7744.0
2024-07-01,2024.0,Jul,7,Sweden,4544.0
2024-07-01,2024.0,Jul,7,Switzerland,5463.0
2024-07-01,2024.0,Jul,7,UK,12596.0
2024-07-01,2024.0,Jul,7,USA,99058.0
2024-08-01,2024.0,Aug,8,Baltic states,5321.0
2024-08-01,2024.0,Aug,8,Canada,12831.0
2024-08-01,2024.0,Aug,8,China,9961.0
2024-08-01,2024.0,Aug,8,Denmark,5190.0
2024-08-01,2024.0,Aug,8,France,16456.0
2024-08-01,2024.0,Aug,8,Germany,22806.0
2024-08-01,2024.0,Aug,8,Italy,21608.0
2024-08-01,2024.0,Aug,8,Netherlands,7265.0
2024-08-01,2024.0,Aug,8,Norway,2729.0
2024-08-01,2024.0,Aug,8,Other,49484.0
2024-08-01,2024.0,Aug,8,Poland,11008.0
2024-08-01,2024.0,Aug,8,Spain,12187.0
2024-08-01,2024.0,Aug,8,Sweden,3419.0
2024-08-01,2024.0,Aug,8,Switzerland,5467.0
2024-08-01,2024.0,Aug,8,UK,10736.0
2024-08-01,2024.0,Aug,8,USA,84982.0
2024-09-01,2024.0,Sep,9,Baltic states,5944.0
2024-09-01,2024.0,Sep,9,Canada,11033.0
2024-09-01,2024.0,Sep,9,China,7948.0
2024-09-01,2024.0,Sep,9,Denmark,5053.0
2024-09-01,2024.0,Sep,9,France,8036.0
2024-09-01,2024.0,Sep,9,Germany,15496.0
2024-09-01,2024.0,Sep,9,Italy,8830.0
2024-09-01,2024.0,Sep,9,Netherlands,5244.0
2024-09-01,2024.0,Sep,9,Norway,2881.0
2024-09-01,2024.0,Sep,9,Other,45430.0
2024-09-01,2024.0,Sep,9,Poland,11538.0
2024-09-01,2024.0,Sep,9,Spain,8901.0
2024-09-01,2024.0,Sep,9,Sweden,2074.0
2024-09-01,2024.0,Sep,9,Switzerland,3417.0
2024-09-01,2024.0,Sep,9,UK,10802.0
2024-09-01,2024.0,Sep,9,USA,70398.0
2024-10-01,2024.0,Oct,10,Baltic states,3213.0
2024-10-01,2024.0,Oct,10,Canada,6225.0
2024-10-01,2024.0,Oct,10,China,10265.0
2024-10-01,2024.0,Oct,10,Denmark,5327.0
2024-10-01,2024.0,Oct,10,France,9403.0
2024-10-01,2024.0,Oct,10,Germany,17246.0
2024-10-01,2024.0,Oct,10,Italy,8381.0
2024-10-01,2024.0,Oct,10,Netherlands,6278.0
2024-10-01,2024.0,Oct,10,Norway,2516.0
2024-10-01,2024.0,Oct,10,Other,48027.0
2024-10-01,2024.0,Oct,10,Poland,9066.0
2024-10-01,2024.0,Oct,10,Spain,6461.0
2024-10-01,2024.0,Oct,10,Sweden,1618.0
2024-10-01,2024.0,Oct,10,Switzerland,2410.0
2024-10-01,2024.0,Oct,10,UK,24268.0
2024-10-01,2024.0,Oct,10,USA,52163.0
2024-11-01,2024.0,Nov,11,Baltic states,3956.0
2024-11-01,2024.0,Nov,11,Canada,3470.0
2024-11-01,2024.0,Nov,11,China,5795.0
2024-11-01,2024.0,Nov,11,Denmark,3170.0
2024-11-01,2024.0,Nov,11,France,6007.0
2024-11-01,2024.0,Nov,11,Germany,7832.0
2024-11-01,2024.0,Nov,11,Italy,8092.0
2024-11-01,2024.0,Nov,11,Netherlands,3596.0
2024-11-01,2024.0,Nov,11,Norway,1405.0
2024-11-01,2024.0,Nov,11,Other,33267.0
2024-11-01,2024.0,Nov,11,Poland,5282.0
2024-11-01,2024.0,Nov,11,Spain,4782.0
2024-11-01,2024.0,Nov,11,Sweden,1712.0
2024-11-01,2024.0,Nov,11,Switzerland,1585.0
2024-11-01,2024.0,Nov,11,UK,34486.0
2024-11-01,2024.0,Nov,11,USA,37836.0
2024-12-01,2024.0,Dec,12,Baltic states,5893.0
2024-12-01,2024.0,Dec,12,Canada,2986.0
2024-12-01,2024.0,Dec,12,China,10791.0
2024-12-01,2024.0,Dec,12,Denmark,1851.0
2024-12-01,2024.0,Dec,12,France,4482.0
2024-12-01,2024.0,Dec,12,Germany,4832.0
2024-12-01,2024.0,Dec,12,Italy,6017.0
2024-12-01,2024.0,Dec,12,Netherlands,3499.0
2024-12-01,2024.0,Dec,12,Norway,638.0
2024-12-01,2024.0,Dec,12,Other,32045.0
2024-12-01,2024.0,Dec,12,Poland,10628.0
2024-12-01,2024.0,Dec,12,Spain,4053.0
2024-12-01,2024.0,Dec,12,Sweden,1095.0
2024-12-01,2024.0,Dec,12,Switzerland,604.0
2024-12-01,2024.0,Dec,12,UK,25394.0
2024-12-01,2024.0,Dec,12,USA,27640.0
2025-01-01,2025.0,Jan,1,Baltic states,2935.0
2025-01-01,2025.0,Jan,1,Canada,2239.0
2025-01-01,2025.0,Jan,1,China,9672.0
2025-01-01,2025.0,Jan,1,Denmark,3571.0
2025-01-01,2025.0,Jan,1,France,5918.0
2025-01-01,2025.0,Jan,1,Germany,7886.0
2025-01-01,2025.0,Jan,1,Italy,2293.0
2025-01-01,2025.0,Jan,1,Netherlands,2739.0
2025-01-01,2025.0,Jan,1,Norway,1258.0
2025-01-01,2025.0,Jan,1,Other,21975.0
2025-01-01,2025.0,Jan,1,Poland,3206.0
2025-01-01,2025.0,Jan,1,Spain,3362.0
2025-01-01,2025.0,Jan,1,Sweden,1116.0
2025-01-01,2025.0,Jan,1,Switzerland,1556.0
2025-01-01,2025.0,Jan,1,UK,18729.0
2025-01-01,2025.0,Jan,1,USA,33135.0
2025-02-01,2025.0,Feb,2,Baltic states,3208.0
2025-02-01,2025.0,Feb,2,Canada,2483.0
2025-02-01,2025.0,Feb,2,China,10277.0
2025-02-01,2025.0,Feb,2,Denmark,2462.0
2025-02-01,2025.0,Feb,2,France,6487.0
2025-02-01,2025.0,Feb,2,Germany,5415.0
2025-02-01,2025.0,Feb,2,Italy,6436.0
2025-02-01,2025.0,Feb,2,Netherlands,3188.0
2025-02-01,2025.0,Feb,2,Norway,1512.0
2025-02-01,2025.0,Feb,2,Other,25795.0
2025-02-01,2025.0,Feb,2,Poland,4035.0
2025-02-01,2025.0,Feb,2,Spain,3147.0
2025-02-01,2025.0,Feb,2,Sweden,1297.0
2025-02-01,2025.0,Feb,2,Switzerland,1471.0
2025-02-01,2025.0,Feb,2,UK,39129.0
2025-02-01,2025.0,Feb,2,USA,32315.0
2025-03-01,2025.0,Mar,3,Baltic states,2829.0
2025-03-01,2025.0,Mar,3,Canada,3372.0
2025-03-01,2025.0,Mar,3,China,9138.0
2025-03-01,2025.0,Mar,3,Denmark,2923.0
2025-03-01,2025.0,Mar,3,France,7785.0
2025-03-01,2025.0,Mar,3,Germany,14499.0
2025-03-01,2025.0,Mar,3,Italy,6200.0
2025-03-01,2025.0,Mar,3,Netherlands,2800.0
2025-03-01,2025.0,Mar,3,Norway,1367.0
2025-03-01,2025.0,Mar,3,Other,34808.0
2025-03-01,2025.0,Mar,3,Poland,3495.0
2025-03-01,2025.0,Mar,3,Spain,5086.0
2025-03-01,2025.0,Mar,3,Sweden,2207.0
2025-03-01,2025.0,Mar,3,Switzerland,1859.0
2025-03-01,2025.0,Mar,3,UK,16792.0
2025-03-01,2025.0,Mar,3,USA,37325.0
2025-04-01,2025.0,Apr,4,Baltic states,1563.0
2025-04-01,2025.0,Apr,4,Canada,4333.0
2025-04-01,2025.0,Apr,4,China,8582.0
2025-04-01,2025.0,Apr,4,Denmark,4131.0
2025-04-01,2025.0,Apr,4,France,6886.0
2025-04-01,2025.0,Apr,4,Germany,8534.0
2025-04-01,2025.0,Apr,4,Italy,5620.0
2025-04-01,2025.0,Apr,4,Netherlands,3307.0
2025-04-01,2025.0,Apr,4,Norway,2690.0
2025-04-01,2025.0,Apr,4,Other,33015.0
2025-04-01,2025.0,Apr,4,Poland,6136.0
2025-04-01,2025.0,Apr,4,Spain,6742.0
2025-04-01,2025.0,Apr,4,Sweden,1909.0
2025-04-01,2025.0,Apr,4,Switzerland,1872.0
2025-04-01,2025.0,Apr,4,UK,19790.0
2025-04-01,2025.0,Apr,4,USA,34013.0
2025-05-01,2025.0,May,5,Baltic states,1818.0
2025-05-01,2025.0,May,5,Canada,7150.0
2025-05-01,2025.0,May,5,China,6189.0
2025-05-01,2025.0,May,5,Denmark,3606.0
2025-05-01,2025.0,May,5,France,6562.0
2025-05-01,2025.0,May,5,Germany,10345.0
2025-05-01,2025.0,May,5,Italy,3581.0
2025-05-01,2025.0,May,5,Netherlands,4564.0
2025-05-01,2025.0,May,5,Norway,2255.0
2025-05-01,2025.0,May,5,Other,30304.0
2025-05-01,2025.0,May,5,Poland,9131.0
2025-05-01,2025.0,May,5,Spain,3799.0
2025-05-01,2025.0,May,5,Sweden,3140.0
2025-05-01,2025.0,May,5,Switzerland,1570.0
2025-05-01,2025.0,May,5,UK,12469.0
2025-05-01,2025.0,May,5,USA,53088.0
2025-06-01,2025.0,Jun,6,Baltic states,2845.0
2025-06-01,2025.0,Jun,6,Canada,10559.0
2025-06-01,2025.0,Jun,6,China,8833.0
2025-06-01,2025.0,Jun,6,Denmark,4907.0
2025-06-01,2025.0,Jun,6,France,9285.0
2025-06-01,2025.0,Jun,6,Germany,18135.0
2025-06-01,2025.0,Jun,6,Italy,4563.0
2025-06-01,2025.0,Jun,6,Netherlands,4205.0
2025-06-01,2025.0,Jun,6,Norway,2617.0
2025-06-01,2025.0,Jun,6,Other,37966.0
2025-06-01,2025.0,Jun,6,Poland,8376.0
2025-06-01,2025.0,Jun,6,Spain,5988.0
2025-06-01,2025.0,Jun,6,Sweden,4193.0
2025-06-01,2025.0,Jun,6,Switzerland,3198.0
2025-06-01,2025.0,Jun,6,UK,10292.0
2025-06-01,2025.0,Jun,6,USA,97840.0
2025-07-01,2025.0,Jul,7,Baltic states,3304.0
2025-07-01,2025.0,Jul,7,Canada,14978.0
2025-07-01,2025.0,Jul,7,China,12667.0
2025-07-01,2025.0,Jul,7,Denmark,9091.0
2025-07-01,2025.0,Jul,7,France,14589.0
2025-07-01,2025.0,Jul,7,Germany,21858.0
2025-07-01,2025.0,Jul,7,Italy,11924.0
2025-07-01,2025.0,Jul,7,Netherlands,6928.0
2025-07-01,2025.0,Jul,7,Norway,2863.0
2025-07-01,2025.0,Jul,7,Other,55077.0
2025-07-01,2025.0,Jul,7,Poland,9592.0
2025-07-01,2025.0,Jul,7,Spain,7459.0
2025-07-01,2025.0,Jul,7,Sweden,4116.0
2025-07-01,2025.0,Jul,7,Switzerland,8150.0
2025-07-01,2025.0,Jul,7,UK,17392.0
2025-07-01,2025.0,Jul,7,USA,102069.0
2025-08-01,2025.0,Aug,8,Baltic states,2367.0
2025-08-01,2025.0,Aug,8,Canada,14858.0
2025-08-01,2025.0,Aug,8,China,13394.0
2025-08-01,2025.0,Aug,8,Denmark,8565.0
2025-08-01,2025.0,Aug,8,France,20020.0
2025-08-01,2025.0,Aug,8,Germany,23730.0
2025-08-01,2025.0,Aug,8,Italy,23669.0
2025-08-01,2025.0,Aug,8,Netherlands,9062.0
2025-08-01,2025.0,Aug,8,Norway,2475.0
2025-08-01,2025.0,Aug,8,Other,57848.0
2025-08-01,2025.0,Aug,8,Poland,9714.0
2025-08-01,2025.0,Aug,8,Spain,18452.0
2025-08-01,2025.0,Aug,8,Sweden,4216.0
2025-08-01,2025.0,Aug,8,Switzerland,4820.0
2025-08-01,2025.0,Aug,8,UK,16003.0
2025-08-01,2025.0,Aug,8,USA,83771.0
2025-09-01,2025.0,Sep,9,Baltic states,1193.0
2025-09-01,2025.0,Sep,9,Canada,8861.0
2025-09-01,2025.0,Sep,9,China,13780.0
2025-09-01,2025.0,Sep,9,Denmark,5297.0
2025-09-01,2025.0,Sep,9,France,8200.0
2025-09-01,2025.0,Sep,9,Germany,17118.0
2025-09-01,2025.0,Sep,9,Italy,6294.0
2025-09-01,2025.0,Sep,9,Netherlands,3877.0
2025-09-01,2025.0,Sep,9,Norway,2511.0
2025-09-01,2025.0,Sep,9,Other,45298.0
2025-09-01,2025.0,Sep,9,Poland,8585.0
2025-09-01,2025.0,Sep,9,Spain,10552.0
2025-09-01,2025.0,Sep,9,Sweden,2798.0
2025-09-01,2025.0,Sep,9,Switzerland,2541.0
2025-09-01,2025.0,Sep,9,UK,13033.0
2025-09-01,2025.0,Sep,9,USA,74244.0
2025-10-01,2025.0,Oct,10,Baltic states,1407.0
2025-10-01,2025.0,Oct,10,Canada,6637.0
2025-10-01,2025.0,Oct,10,China,14893.0
2025-10-01,2025.0,Oct,10,Denmark,4452.0
2025-10-01,2025.0,Oct,10,France,7345.0
2025-10-01,2025.0,Oct,10,Germany,13467.0
2025-10-01,2025.0,Oct,10,Italy,6605.0
2025-10-01,2025.0,Oct,10,Netherlands,4852.0
2025-10-01,2025.0,Oct,10,Norway,2332.0
2025-10-01,2025.0,Oct,10,Other,46812.0
2025-10-01,2025.0,Oct,10,Poland,6135.0
2025-10-01,2025.0,Oct,10,Spain,4714.0
2025-10-01,2025.0,Oct,10,Sweden,1739.0
2025-10-01,2025.0,Oct,10,Switzerland,2875.0
2025-10-01,2025.0,Oct,10,UK,23088.0
2025-10-01,2025.0,Oct,10,USA,54069.0
2025-11-01,2025.0,Nov,11,Baltic states,2898.0
2025-11-01,2025.0,Nov,11,Canada,3305.0
2025-11-01,2025.0,Nov,11,China,9135.0
2025-11-01,2025.0,Nov,11,Denmark,2304.0
2025-11-01,2025.0,Nov,11,France,5720.0
2025-11-01,2025.0,Nov,11,Germany,7089.0
2025-11-01,2025.0,Nov,11,Italy,6534.0
2025-11-01,2025.0,Nov,11,Netherlands,2222.0
2025-11-01,2025.0,Nov,11,Norway,1105.0
2025-11-01,2025.0,Nov,11,Other,33914.0
2025-11-01,2025.0,Nov,11,Poland,4444.0
2025-11-01,2025.0,Nov,11,Spain,3349.0
2025-11-01,2025.0,Nov,11,Sweden,1815.0
2025-11-01,2025.0,Nov,11,Switzerland,1375.0
2025-11-01,2025.0,Nov,11,UK,23693.0
2025-11-01,2025.0,Nov,11,USA,32867.0
2025-12-01,2025.0,Dec,12,Baltic states,4143.0
2025-12-01,2025.0,Dec,12,Canada,2594.0
2025-12-01,2025.0,Dec,12,China,11652.0
2025-12-01,2025.0,Dec,12,Denmark,1513.0
2025-12-01,2025.0,Dec,12,France,4429.0
2025-12-01,2025.0,Dec,12,Germany,3815.0
2025-12-01,2025.0,Dec,12,Italy,3578.0
2025-12-01,2025.0,Dec,12,Netherlands,1087.0
2025-12-01,2025.0,Dec,12,Norway,753.0
2025-12-01,2025.0,Dec,12,Other,31251.0
2025-12-01,2025.0,Dec,12,Poland,5456.0
2025-12-01,2025.0,Dec,12,Spain,2205.0
2025-12-01,2025.0,Dec,12,Sweden,954.0
2025-12-01,2025.0,Dec,12,Switzerland,620.0
2025-12-01,2025.0,Dec,12,UK,18773.0
2025-12-01,2025.0,Dec,12,USA,27193.0
2026-01-01,2026.0,Jan,1,Baltic states,1099.0
2026-01-01,2026.0,Jan,1,Canada,1972.0
2026-01-01,2026.0,Jan,1,China,8908.0
2026-01-01,2026.0,Jan,1,Denmark,1898.0
2026-01-01,2026.0,Jan,1,France,5803.0
2026-01-01,2026.0,Jan,1,Germany,6626.0
2026-01-01,2026.0,Jan,1,Italy,7555.0
2026-01-01,2026.0,Jan,1,Netherlands,1743.0
2026-01-01,2026.0,Jan,1,Norway,984.0
2026-01-01,2026.0,Jan,1,Other,28708.0
2026-01-01,2026.0,Jan,1,Poland,3860.0
2026-01-01,2026.0,Jan,1,Spain,2227.0
2026-01-01,2026.0,Jan,1,Sweden,1298.0
2026-01-01,2026.0,Jan,1,Switzerland,1643.0
2026-01-01,2026.0,Jan,1,UK,20973.0
2026-01-01,2026.0,Jan,1,USA,24069.0
2026-02-01,2026.0,Feb,2,Baltic states,1638.0
2026-02-01,2026.0,Feb,2,Canada,2125.0
2026-02-01,2026.0,Feb,2,China,14812.0
2026-02-01,2026.0,Feb,2,Denmark,2664.0
2026-02-01,2026.0,Feb,2,France,6396.0
2026-02-01,2026.0,Feb,2,Germany,7785.0
2026-02-01,2026.0,Feb,2,Italy,7380.0
2026-02-01,2026.0,Feb,2,Netherlands,2420.0
2026-02-01,2026.0,Feb,2,Norway,1073.0
2026-02-01,2026.0,Feb,2,Other,27972.0
2026-02-01,2026.0,Feb,2,Poland,4551.0
2026-02-01,2026.0,Feb,2,Spain,3281.0
2026-02-01,2026.0,Feb,2,Sweden,1037.0
2026-02-01,2026.0,Feb,2,Switzerland,1519.0
2026-02-01,2026.0,Feb,2,UK,35393.0
2026-02-01,2026.0,Feb,2,USA,27287.0
2026-03-01,2026.0,Mar,3,Baltic states,2897.0
2026-03-01,2026.0,Mar,3,Canada,3656.0
2026-03-01,2026.0,Mar,3,China,9827.0
2026-03-01,2026.0,Mar,3,Denmark,2592.0
2026-03-01,2026.0,Mar,3,France,5827.0
2026-03-01,2026.0,Mar,3,Germany,9798.0
2026-03-01,2026.0,Mar,3,Italy,5972.0
2026-03-01,2026.0,Mar,3,Netherlands,2166.0
2026-03-01,2026.0,Mar,3,Norway,1460.0
2026-03-01,2026.0,Mar,3,Other,31699.0
2026-03-01,2026.0,Mar,3,Poland,5547.0
2026-03-01,2026.0,Mar,3,Spain,4763.0
2026-03-01,2026.0,Mar,3,Sweden,1223.0
2026-03-01,2026.0,Mar,3,Switzerland,1335.0
2026-03-01,2026.0,Mar,3,UK,22124.0
2026-03-01,2026.0,Mar,3,USA,44026.0
