Dagsetning;Gengisvísitala  -  ;
14.04.2026;184,9278;
13.04.2026;184,4335;
10.04.2026;184,5996;
09.04.2026;184,8943;
08.04.2026;185,1373;
07.04.2026;185,4245;
01.04.2026;185,5296;
31.03.2026;185,3875;
30.03.2026;185,2098;
27.03.2026;185,3740;
26.03.2026;185,1968;
25.03.2026;184,8614;
24.03.2026;185,7602;
23.03.2026;185,1504;
20.03.2026;185,9168;
19.03.2026;185,6654;
18.03.2026;185,9473;
17.03.2026;185,8245;
16.03.2026;185,3724;
13.03.2026;186,6566;
12.03.2026;187,0750;
11.03.2026;187,4482;
10.03.2026;187,3183;
09.03.2026;187,5094;
06.03.2026;187,1334;
05.03.2026;186,5752;
04.03.2026;186,4217;
03.03.2026;185,6967;
02.03.2026;185,1738;
27.02.2026;184,2652;
26.02.2026;183,9751;
25.02.2026;184,3113;
24.02.2026;185,8480;
23.02.2026;186,0419;
20.02.2026;186,1133;
19.02.2026;186,1459;
18.02.2026;185,8848;
17.02.2026;185,9658;
16.02.2026;185,9639;
13.02.2026;185,8045;
12.02.2026;186,2195;
11.02.2026;186,1078;
10.02.2026;185,7561;
09.02.2026;185,5964;
06.02.2026;186,1343;
05.02.2026;185,5809;
04.02.2026;186,0350;
03.02.2026;186,0973;
02.02.2026;185,7566;
30.01.2026;185,8821;
29.01.2026;185,1492;
28.01.2026;185,1850;
27.01.2026;185,4862;
26.01.2026;186,0383;
23.01.2026;187,2054;
22.01.2026;187,1633;
21.01.2026;187,1166;
20.01.2026;187,0590;
19.01.2026;187,5339;
16.01.2026;187,8442;
15.01.2026;187,8181;
14.01.2026;187,6643;
13.01.2026;187,9088;
12.01.2026;188,5327;
09.01.2026;188,9056;
08.01.2026;188,4877;
07.01.2026;188,5484;
06.01.2026;188,4901;
05.01.2026;188,7941;
02.01.2026;188,4426;
30.12.2025;187,9750;
29.12.2025;188,6361;
23.12.2025;188,7296;
22.12.2025;188,2757;
19.12.2025;187,7869;
18.12.2025;188,5296;
17.12.2025;188,6548;
16.12.2025;188,5026;
15.12.2025;188,9422;
12.12.2025;189,3765;
11.12.2025;189,7651;
10.12.2025;190,0944;
09.12.2025;190,3400;
08.12.2025;190,2480;
05.12.2025;190,3712;
04.12.2025;190,4582;
03.12.2025;190,4398;
02.12.2025;189,9811;
01.12.2025;189,4521;
28.11.2025;189,7934;
27.11.2025;188,5946;
26.11.2025;187,7228;
25.11.2025;187,5357;
24.11.2025;188,3666;
21.11.2025;188,4459;
20.11.2025;188,0396;
19.11.2025;187,8244;
18.11.2025;188,2848;
17.11.2025;188,4250;
14.11.2025;188,3471;
13.11.2025;188,0990;
12.11.2025;188,2790;
11.11.2025;187,7527;
10.11.2025;187,5044;
07.11.2025;187,0311;
06.11.2025;187,2683;
05.11.2025;188,3714;
04.11.2025;186,6842;
03.11.2025;187,0476;
31.10.2025;185,5030;
30.10.2025;184,5072;
29.10.2025;183,5329;
28.10.2025;183,0808;
27.10.2025;183,1116;
24.10.2025;182,4113;
23.10.2025;182,0413;
22.10.2025;181,8029;
21.10.2025;181,4391;
20.10.2025;181,1016;
17.10.2025;181,4867;
16.10.2025;181,1067;
15.10.2025;181,1701;
14.10.2025;181,0520;
13.10.2025;181,4800;
10.10.2025;181,4851;
09.10.2025;181,7338;
08.10.2025;181,1917;
07.10.2025;181,2834;
06.10.2025;181,4732;
03.10.2025;181,6632;
02.10.2025;181,6121;
01.10.2025;182,2739;
30.09.2025;181,7798;
29.09.2025;181,3978;
26.09.2025;181,4823;
25.09.2025;181,8018;
24.09.2025;181,6055;
23.09.2025;181,9729;
22.09.2025;182,2052;
19.09.2025;182,7058;
18.09.2025;183,1426;
17.09.2025;182,3166;
16.09.2025;183,0119;
15.09.2025;183,2151;
12.09.2025;183,8012;
11.09.2025;182,8530;
10.09.2025;183,0166;
09.09.2025;183,2502;
08.09.2025;183,2845;
05.09.2025;182,7919;
04.09.2025;183,7492;
03.09.2025;183,7607;
02.09.2025;183,7657;
01.09.2025;183,3037;
29.08.2025;182,9636;
28.08.2025;182,9567;
27.08.2025;183,1441;
26.08.2025;183,0669;
25.08.2025;183,1585;
22.08.2025;183,6354;
21.08.2025;183,2578;
20.08.2025;183,1204;
19.08.2025;183,0776;
18.08.2025;182,7100;
15.08.2025;182,8850;
14.08.2025;182,8923;
13.08.2025;182,7588;
12.08.2025;182,9111;
11.08.2025;182,7960;
08.08.2025;182,8936;
07.08.2025;182,4551;
06.08.2025;182,5436;
05.08.2025;182,5576;
01.08.2025;183,6318;
31.07.2025;182,5880;
30.07.2025;182,3641;
29.07.2025;182,2303;
28.07.2025;181,6684;
25.07.2025;181,3224;
24.07.2025;181,0910;
23.07.2025;181,5367;
22.07.2025;181,7187;
21.07.2025;181,9022;
18.07.2025;181,4675;
17.07.2025;181,2865;
16.07.2025;181,7320;
15.07.2025;181,8377;
14.07.2025;181,9002;
11.07.2025;182,2041;
10.07.2025;182,6829;
09.07.2025;183,5103;
08.07.2025;182,1265;
07.07.2025;181,8237;
04.07.2025;181,7071;
03.07.2025;181,6127;
02.07.2025;182,5148;
01.07.2025;181,4328;
30.06.2025;181,7893;
27.06.2025;181,7136;
26.06.2025;181,9403;
25.06.2025;182,3743;
24.06.2025;182,4428;
23.06.2025;183,8077;
20.06.2025;183,9036;
19.06.2025;184,1403;
18.06.2025;184,9327;
16.06.2025;185,0151;
13.06.2025;185,8110;
12.06.2025;185,0159;
11.06.2025;185,2403;
10.06.2025;185,6668;
06.06.2025;186,2661;
05.06.2025;186,5219;
04.06.2025;186,9081;
03.06.2025;186,8486;
02.06.2025;186,5553;
30.05.2025;186,5904;
28.05.2025;186,5102;
27.05.2025;186,6165;
26.05.2025;187,1413;
23.05.2025;187,9120;
22.05.2025;187,2394;
21.05.2025;186,9311;
20.05.2025;189,0608;
19.05.2025;188,9369;
16.05.2025;189,1450;
15.05.2025;187,6604;
14.05.2025;188,2219;
13.05.2025;190,7097;
12.05.2025;190,3692;
09.05.2025;190,3160;
08.05.2025;189,3034;
07.05.2025;188,8008;
06.05.2025;189,5518;
05.05.2025;189,1942;
02.05.2025;188,6337;
30.04.2025;187,9456;
29.04.2025;188,2422;
28.04.2025;187,3439;
25.04.2025;186,5753;
23.04.2025;186,2375;
22.04.2025;185,9610;
16.04.2025;186,6247;
15.04.2025;187,2154;
14.04.2025;185,7138;
11.04.2025;186,4190;
10.04.2025;187,0652;
09.04.2025;187,2084;
08.04.2025;188,1155;
07.04.2025;187,9576;
04.04.2025;187,6974;
03.04.2025;188,2992;
02.04.2025;188,5358;
01.04.2025;188,4236;
31.03.2025;186,8753;
28.03.2025;186,9132;
27.03.2025;186,6350;
26.03.2025;187,8944;
25.03.2025;188,8891;
24.03.2025;189,4410;
21.03.2025;188,8749;
20.03.2025;188,7025;
19.03.2025;189,9357;
18.03.2025;190,0893;
17.03.2025;190,6636;
14.03.2025;190,2599;
13.03.2025;190,8508;
12.03.2025;191,0711;
11.03.2025;191,4012;
10.03.2025;191,8323;
07.03.2025;192,1732;
06.03.2025;192,0669;
05.03.2025;191,8408;
04.03.2025;192,3968;
03.03.2025;192,0948;
28.02.2025;192,3564;
27.02.2025;191,9081;
26.02.2025;191,6044;
25.02.2025;192,1285;
24.02.2025;191,5781;
21.02.2025;192,3788;
20.02.2025;192,4934;
19.02.2025;193,1803;
18.02.2025;193,5923;
17.02.2025;193,7595;
14.02.2025;194,1701;
13.02.2025;193,7016;
12.02.2025;193,3176;
11.02.2025;193,9431;
10.02.2025;193,9870;
07.02.2025;193,6112;
06.02.2025;193,5436;
05.02.2025;193,9048;
04.02.2025;193,8386;
03.02.2025;192,9859;
31.01.2025;193,2589;
30.01.2025;192,3894;
29.01.2025;191,8635;
28.01.2025;192,2310;
27.01.2025;191,9128;
24.01.2025;192,1877;
23.01.2025;191,9319;
22.01.2025;192,5210;
21.01.2025;191,9527;
20.01.2025;191,6057;
17.01.2025;191,2040;
16.01.2025;191,7361;
15.01.2025;190,7671;
14.01.2025;191,2350;
13.01.2025;190,9888;
10.01.2025;191,5527;
09.01.2025;190,9882;
08.01.2025;191,4322;
07.01.2025;191,6434;
06.01.2025;190,4771;
03.01.2025;190,2428;
02.01.2025;189,8456;
31.12.2024;189,3345;
30.12.2024;189,0763;
27.12.2024;190,6778;
23.12.2024;190,9711;
20.12.2024;190,4512;
19.12.2024;190,5344;
18.12.2024;190,5035;
17.12.2024;190,2132;
16.12.2024;190,8195;
13.12.2024;191,8156;
12.12.2024;192,2023;
11.12.2024;191,9994;
10.12.2024;191,8828;
09.12.2024;191,6564;
06.12.2024;191,3645;
05.12.2024;191,4122;
04.12.2024;191,3339;
03.12.2024;191,6838;
02.12.2024;192,0268;
29.11.2024;191,4487;
28.11.2024;190,7598;
27.11.2024;190,2640;
26.11.2024;191,0636;
25.11.2024;191,3415;
22.11.2024;192,2710;
21.11.2024;191,9087;
20.11.2024;191,1501;
19.11.2024;190,7842;
18.11.2024;189,4563;
15.11.2024;191,2342;
14.11.2024;192,1839;
13.11.2024;193,8936;
12.11.2024;194,1082;
11.11.2024;194,4455;
08.11.2024;194,4565;
07.11.2024;193,9506;
06.11.2024;193,9638;
05.11.2024;193,7799;
04.11.2024;193,7712;
01.11.2024;194,0984;
31.10.2024;193,9052;
30.10.2024;193,8225;
29.10.2024;194,4456;
28.10.2024;194,6982;
25.10.2024;194,8243;
24.10.2024;194,4825;
23.10.2024;195,3321;
22.10.2024;195,1859;
21.10.2024;195,0327;
18.10.2024;195,1738;
17.10.2024;194,6646;
16.10.2024;195,4632;
15.10.2024;195,0442;
14.10.2024;194,9427;
11.10.2024;194,6762;
10.10.2024;193,8113;
09.10.2024;194,0279;
08.10.2024;193,8411;
07.10.2024;193,9373;
04.10.2024;194,5430;
03.10.2024;194,6209;
02.10.2024;195,3553;
01.10.2024;195,5174;
30.09.2024;196,0200;
27.09.2024;196,2482;
26.09.2024;195,9143;
25.09.2024;195,7894;
24.09.2024;197,7888;
23.09.2024;197,5702;
20.09.2024;197,7685;
19.09.2024;198,4983;
18.09.2024;198,1291;
17.09.2024;198,0322;
16.09.2024;198,0981;
13.09.2024;198,0647;
12.09.2024;198,1093;
11.09.2024;198,5776;
10.09.2024;198,1804;
09.09.2024;198,0211;
06.09.2024;199,4024;
05.09.2024;199,6346;
04.09.2024;199,7278;
03.09.2024;199,8886;
02.09.2024;199,3023;
30.08.2024;199,1317;
29.08.2024;199,1697;
28.08.2024;199,1725;
27.08.2024;198,9066;
26.08.2024;198,7545;
23.08.2024;197,7168;
22.08.2024;197,6880;
21.08.2024;198,3691;
20.08.2024;197,7474;
19.08.2024;197,5228;
16.08.2024;198,8117;
15.08.2024;197,7345;
14.08.2024;197,6863;
13.08.2024;196,7286;
12.08.2024;196,7347;
09.08.2024;196,6615;
08.08.2024;196,4515;
07.08.2024;196,4250;
06.08.2024;195,8412;
02.08.2024;195,9980;
01.08.2024;195,7966;
31.07.2024;195,5135;
30.07.2024;194,7540;
29.07.2024;195,2223;
26.07.2024;195,0209;
25.07.2024;194,3900;
24.07.2024;194,8949;
23.07.2024;194,7715;
22.07.2024;195,2078;
19.07.2024;194,8209;
18.07.2024;194,6187;
17.07.2024;194,4086;
16.07.2024;194,4249;
15.07.2024;194,5001;
12.07.2024;194,6688;
11.07.2024;194,7841;
10.07.2024;194,7134;
09.07.2024;194,9007;
08.07.2024;195,1429;
05.07.2024;195,1703;
04.07.2024;195,0676;
03.07.2024;195,0300;
02.07.2024;195,3390;
01.07.2024;194,9012;
28.06.2024;195,2238;
27.06.2024;195,2792;
26.06.2024;195,6591;
25.06.2024;195,7460;
24.06.2024;195,5646;
21.06.2024;195,9148;
20.06.2024;195,7889;
19.06.2024;195,8286;
18.06.2024;195,7731;
14.06.2024;195,7883;
13.06.2024;195,5167;
12.06.2024;195,8532;
11.06.2024;196,0137;
10.06.2024;196,0546;
07.06.2024;195,7335;
06.06.2024;195,5533;
05.06.2024;195,3015;
04.06.2024;195,8305;
03.06.2024;195,4999;
31.05.2024;194,9238;
30.05.2024;194,7770;
29.05.2024;194,8130;
28.05.2024;195,0659;
27.05.2024;195,6835;
24.05.2024;195,7755;
23.05.2024;195,9501;
22.05.2024;195,9732;
21.05.2024;195,8627;
17.05.2024;196,0550;
16.05.2024;195,9757;
15.05.2024;196,0629;
14.05.2024;196,3469;
13.05.2024;196,0955;
10.05.2024;196,1844;
08.05.2024;195,9306;
07.05.2024;196,3095;
06.05.2024;196,4006;
03.05.2024;196,4384;
02.05.2024;196,1154;
30.04.2024;196,2778;
29.04.2024;196,3784;
26.04.2024;196,3036;
24.04.2024;196,5454;
23.04.2024;196,5813;
22.04.2024;196,7194;
19.04.2024;196,6213;
18.04.2024;196,5797;
17.04.2024;197,0512;
16.04.2024;197,3921;
15.04.2024;197,5440;
12.04.2024;197,4027;
11.04.2024;196,7692;
10.04.2024;196,9329;
09.04.2024;196,2897;
08.04.2024;196,4076;
05.04.2024;196,3012;
04.04.2024;196,4970;
03.04.2024;196,1804;
02.04.2024;196,3446;
27.03.2024;195,7934;
26.03.2024;194,9579;
25.03.2024;194,8690;
22.03.2024;194,6190;
21.03.2024;194,2078;
20.03.2024;194,1857;
19.03.2024;194,6491;
18.03.2024;194,6260;
15.03.2024;195,0168;
14.03.2024;194,2396;
13.03.2024;194,1655;
12.03.2024;194,5743;
11.03.2024;194,8908;
08.03.2024;195,5422;
07.03.2024;194,4924;
06.03.2024;194,8869;
05.03.2024;195,1883;
04.03.2024;195,8036;
01.03.2024;195,9622;
29.02.2024;195,5534;
28.02.2024;195,7341;
27.02.2024;195,5699;
26.02.2024;195,6085;
23.02.2024;194,7627;
22.02.2024;195,2371;
21.02.2024;195,4136;
20.02.2024;194,6311;
19.02.2024;195,3406;
16.02.2024;195,7611;
15.02.2024;195,3242;
14.02.2024;195,5368;
13.02.2024;195,3691;
12.02.2024;194,8766;
09.02.2024;194,4544;
08.02.2024;196,3314;
07.02.2024;194,7735;
06.02.2024;194,4344;
05.02.2024;194,3924;
02.02.2024;194,4562;
01.02.2024;194,6544;
31.01.2024;194,5836;
30.01.2024;194,4906;
29.01.2024;194,9596;
26.01.2024;194,6841;
25.01.2024;193,9044;
24.01.2024;193,6083;
23.01.2024;194,7021;
22.01.2024;194,6030;
19.01.2024;194,8648;
18.01.2024;195,6242;
17.01.2024;195,6096;
16.01.2024;195,5433;
15.01.2024;195,9218;
12.01.2024;196,5843;
11.01.2024;196,3403;
10.01.2024;196,5771;
09.01.2024;197,1566;
08.01.2024;197,2492;
05.01.2024;197,1295;
04.01.2024;197,0881;
03.01.2024;197,4030;
02.01.2024;197,3502;
29.12.2023;196,8588;
28.12.2023;196,3305;
27.12.2023;196,9987;
22.12.2023;196,8891;
21.12.2023;196,6241;
20.12.2023;196,8454;
19.12.2023;197,5170;
18.12.2023;197,4179;
15.12.2023;197,0515;
14.12.2023;196,8232;
13.12.2023;197,2379;
12.12.2023;197,8197;
11.12.2023;197,4988;
08.12.2023;196,8200;
07.12.2023;196,8005;
06.12.2023;196,6523;
05.12.2023;197,2376;
04.12.2023;197,6925;
01.12.2023;197,4694;
30.11.2023;196,5509;
29.11.2023;196,1340;
28.11.2023;196,7742;
27.11.2023;196,1383;
24.11.2023;195,8940;
23.11.2023;199,3487;
22.11.2023;200,6409;
21.11.2023;198,6256;
20.11.2023;198,5347;
17.11.2023;199,6749;
16.11.2023;199,7099;
15.11.2023;200,2915;
14.11.2023;200,3782;
13.11.2023;200,1740;
10.11.2023;198,2562;
09.11.2023;196,9101;
08.11.2023;196,5261;
07.11.2023;196,5261;
06.11.2023;196,4550;
03.11.2023;194,6055;
02.11.2023;192,9781;
01.11.2023;193,8402;
31.10.2023;192,5121;
30.10.2023;192,2367;
27.10.2023;193,0720;
26.10.2023;193,0213;
25.10.2023;192,6340;
24.10.2023;192,4821;
23.10.2023;192,1125;
20.10.2023;192,3034;
19.10.2023;191,6672;
18.10.2023;191,9274;
17.10.2023;192,1809;
16.10.2023;192,1242;
13.10.2023;192,3837;
12.10.2023;192,0710;
11.10.2023;192,6777;
10.10.2023;191,8341;
09.10.2023;190,4001;
06.10.2023;189,8053;
05.10.2023;190,5152;
04.10.2023;191,2336;
03.10.2023;191,6482;
02.10.2023;192,6944;
29.09.2023;190,2704;
28.09.2023;190,3701;
27.09.2023;190,2387;
26.09.2023;190,1144;
25.09.2023;190,5556;
22.09.2023;190,2315;
21.09.2023;190,4007;
20.09.2023;190,0413;
19.09.2023;189,5192;
18.09.2023;189,8519;
15.09.2023;190,4390;
14.09.2023;189,9360;
13.09.2023;187,7919;
12.09.2023;187,9509;
11.09.2023;188,0041;
08.09.2023;187,4578;
07.09.2023;188,1545;
06.09.2023;188,1969;
05.09.2023;188,2251;
04.09.2023;187,0486;
01.09.2023;186,4231;
31.08.2023;185,6810;
30.08.2023;186,1309;
29.08.2023;185,3368;
28.08.2023;185,8624;
25.08.2023;187,0301;
24.08.2023;186,8222;
23.08.2023;186,9279;
22.08.2023;187,5281;
21.08.2023;187,3561;
18.08.2023;187,4361;
17.08.2023;187,9956;
16.08.2023;187,9312;
15.08.2023;188,0521;
14.08.2023;188,6687;
11.08.2023;188,4410;
10.08.2023;188,4947;
09.08.2023;188,6680;
08.08.2023;189,1616;
04.08.2023;189,3795;
03.08.2023;189,0521;
02.08.2023;189,1441;
01.08.2023;188,7503;
31.07.2023;188,7252;
28.07.2023;189,7072;
27.07.2023;190,0192;
26.07.2023;190,2046;
25.07.2023;190,4672;
24.07.2023;190,8405;
21.07.2023;190,6184;
20.07.2023;190,4278;
19.07.2023;190,3816;
18.07.2023;190,2128;
17.07.2023;191,1927;
14.07.2023;191,3866;
13.07.2023;191,4650;
12.07.2023;191,8229;
11.07.2023;191,7537;
10.07.2023;192,0194;
07.07.2023;191,5802;
06.07.2023;193,5130;
05.07.2023;194,8333;
04.07.2023;194,7151;
03.07.2023;194,9745;
30.06.2023;194,0204;
29.06.2023;194,0946;
28.06.2023;193,2019;
27.06.2023;194,0738;
26.06.2023;194,3159;
23.06.2023;194,4233;
22.06.2023;193,6255;
21.06.2023;193,4745;
20.06.2023;194,5332;
19.06.2023;194,8027;
16.06.2023;195,3350;
15.06.2023;195,5785;
14.06.2023;194,9568;
13.06.2023;195,7512;
12.06.2023;195,9545;
09.06.2023;195,8405;
08.06.2023;195,7648;
07.06.2023;197,2179;
06.06.2023;197,9979;
05.06.2023;197,6566;
02.06.2023;196,4486;
01.06.2023;195,8601;
31.05.2023;195,7277;
30.05.2023;195,2298;
26.05.2023;195,4728;
25.05.2023;197,2094;
24.05.2023;197,8026;
23.05.2023;197,8651;
22.05.2023;197,7914;
19.05.2023;197,9814;
17.05.2023;198,9758;
16.05.2023;197,4739;
15.05.2023;197,4845;
12.05.2023;196,5692;
11.05.2023;196,1227;
10.05.2023;195,9847;
09.05.2023;196,8765;
08.05.2023;196,3132;
05.05.2023;195,6166;
04.05.2023;194,9733;
03.05.2023;194,9391;
02.05.2023;194,9697;
28.04.2023;194,0164;
27.04.2023;194,5406;
26.04.2023;194,4982;
25.04.2023;195,4213;
24.04.2023;195,3407;
21.04.2023;195,4441;
19.04.2023;195,0932;
18.04.2023;195,4147;
17.04.2023;195,4427;
14.04.2023;195,0792;
13.04.2023;194,4202;
12.04.2023;194,6660;
11.04.2023;195,1531;
05.04.2023;195,5228;
04.04.2023;195,4397;
03.04.2023;195,4386;
31.03.2023;193,8897;
30.03.2023;193,5276;
29.03.2023;194,5164;
28.03.2023;193,8219;
27.03.2023;196,4176;
24.03.2023;196,7559;
23.03.2023;195,9122;
22.03.2023;196,3235;
21.03.2023;196,6857;
20.03.2023;196,9046;
17.03.2023;196,2229;
16.03.2023;197,2872;
15.03.2023;198,0080;
14.03.2023;198,0546;
13.03.2023;197,7130;
10.03.2023;197,1642;
09.03.2023;197,0051;
08.03.2023;197,0642;
07.03.2023;196,6643;
06.03.2023;196,6853;
03.03.2023;197,7223;
02.03.2023;198,7240;
01.03.2023;199,3963;
28.02.2023;200,6159;
27.02.2023;200,8489;
24.02.2023;201,3816;
23.02.2023;201,2247;
22.02.2023;203,2720;
21.02.2023;202,9859;
20.02.2023;203,5370;
17.02.2023;202,6395;
16.02.2023;202,7495;
15.02.2023;202,3126;
14.02.2023;201,6440;
13.02.2023;201,6277;
10.02.2023;200,2013;
09.02.2023;198,6014;
08.02.2023;198,9583;
07.02.2023;199,6118;
06.02.2023;200,4556;
03.02.2023;201,1596;
02.02.2023;200,7813;
01.02.2023;201,3773;
31.01.2023;201,0059;
30.01.2023;201,2282;
27.01.2023;203,5936;
26.01.2023;205,5281;
25.01.2023;206,3034;
24.01.2023;205,0931;
23.01.2023;203,3240;
20.01.2023;202,9931;
19.01.2023;203,2897;
18.01.2023;203,4817;
17.01.2023;202,9566;
16.01.2023;203,2070;
13.01.2023;202,9230;
12.01.2023;202,9817;
11.01.2023;202,9920;
10.01.2023;203,7819;
09.01.2023;202,4850;
06.01.2023;201,9281;
05.01.2023;200,9183;
04.01.2023;200,1487;
03.01.2023;200,6409;
02.01.2023;199,9672;
30.12.2022;199,8313;
29.12.2022;201,1028;
28.12.2022;200,5701;
27.12.2022;201,0548;
23.12.2022;201,2946;
22.12.2022;202,5752;
21.12.2022;201,1537;
20.12.2022;200,2556;
19.12.2022;200,8359;
16.12.2022;198,3527;
15.12.2022;199,8910;
14.12.2022;199,9272;
13.12.2022;200,4626;
12.12.2022;199,7096;
09.12.2022;198,2419;
08.12.2022;198,3675;
07.12.2022;197,1058;
06.12.2022;197,6275;
05.12.2022;197,6210;
02.12.2022;197,7028;
01.12.2022;197,9313;
30.11.2022;195,7773;
29.11.2022;195,7124;
28.11.2022;194,5481;
25.11.2022;195,0311;
24.11.2022;194,8560;
23.11.2022;195,1656;
22.11.2022;193,9841;
21.11.2022;196,7976;
18.11.2022;197,6523;
17.11.2022;197,5722;
16.11.2022;197,7006;
15.11.2022;199,1602;
14.11.2022;200,1134;
11.11.2022;198,0146;
10.11.2022;197,6161;
09.11.2022;195,9763;
08.11.2022;195,7483;
07.11.2022;195,4666;
04.11.2022;195,4685;
03.11.2022;194,6004;
02.11.2022;192,9106;
01.11.2022;192,3362;
31.10.2022;192,0465;
28.10.2022;191,9675;
27.10.2022;191,0866;
26.10.2022;191,8776;
25.10.2022;191,2649;
24.10.2022;190,8281;
21.10.2022;189,1627;
20.10.2022;189,1635;
19.10.2022;189,3434;
18.10.2022;189,7873;
17.10.2022;189,4666;
14.10.2022;188,9133;
13.10.2022;188,9288;
12.10.2022;188,1217;
11.10.2022;188,9803;
10.10.2022;188,1753;
07.10.2022;188,9068;
06.10.2022;187,3004;
05.10.2022;189,2811;
04.10.2022;190,2135;
03.10.2022;190,3215;
30.09.2022;188,9077;
29.09.2022;187,8218;
28.09.2022;187,6710;
27.09.2022;187,4133;
26.09.2022;186,7796;
23.09.2022;188,3124;
22.09.2022;188,1457;
21.09.2022;188,4959;
20.09.2022;189,0444;
19.09.2022;187,5541;
16.09.2022;185,8304;
15.09.2022;186,5349;
14.09.2022;188,0433;
13.09.2022;188,1495;
12.09.2022;189,2994;
09.09.2022;189,6025;
08.09.2022;188,7558;
07.09.2022;190,6709;
06.09.2022;191,7460;
05.09.2022;192,6672;
02.09.2022;190,6061;
01.09.2022;190,8597;
31.08.2022;191,1840;
30.08.2022;192,0828;
29.08.2022;190,9016;
26.08.2022;190,2264;
25.08.2022;190,5212;
24.08.2022;189,5311;
23.08.2022;190,1625;
22.08.2022;190,8150;
19.08.2022;189,9350;
18.08.2022;189,7533;
17.08.2022;189,5512;
16.08.2022;189,8034;
15.08.2022;189,5472;
12.08.2022;189,2339;
11.08.2022;188,4029;
10.08.2022;188,4154;
09.08.2022;188,9827;
08.08.2022;189,2140;
05.08.2022;187,2688;
04.08.2022;187,3457;
03.08.2022;188,3110;
02.08.2022;188,1736;
29.07.2022;186,8874;
28.07.2022;187,6063;
27.07.2022;187,7280;
26.07.2022;187,6793;
25.07.2022;187,6228;
22.07.2022;187,5622;
21.07.2022;187,5586;
20.07.2022;187,4636;
19.07.2022;186,4063;
18.07.2022;186,8732;
15.07.2022;186,9541;
14.07.2022;187,2151;
13.07.2022;186,3668;
12.07.2022;187,3836;
11.07.2022;187,4914;
08.07.2022;187,6170;
07.07.2022;187,0518;
06.07.2022;185,8270;
05.07.2022;186,1551;
04.07.2022;185,8602;
01.07.2022;184,8986;
30.06.2022;185,6474;
29.06.2022;186,4048;
28.06.2022;185,6908;
27.06.2022;185,8332;
24.06.2022;186,0968;
23.06.2022;186,3964;
22.06.2022;184,6700;
21.06.2022;184,8008;
20.06.2022;183,0873;
16.06.2022;183,7872;
15.06.2022;183,4921;
14.06.2022;184,3986;
13.06.2022;185,2782;
10.06.2022;184,1586;
09.06.2022;184,7649;
08.06.2022;185,1500;
07.06.2022;185,5114;
03.06.2022;184,1470;
02.06.2022;183,0207;
01.06.2022;183,2905;
31.05.2022;182,1690;
30.05.2022;182,7771;
27.05.2022;184,1974;
25.05.2022;184,6071;
24.05.2022;185,6622;
23.05.2022;185,9103;
20.05.2022;185,2842;
19.05.2022;186,6526;
18.05.2022;185,9350;
17.05.2022;185,7022;
16.05.2022;185,1825;
13.05.2022;187,7076;
12.05.2022;186,8492;
11.05.2022;186,0488;
10.05.2022;186,0751;
09.05.2022;186,3643;
06.05.2022;184,9707;
05.05.2022;185,1269;
04.05.2022;184,2932;
03.05.2022;184,7074;
02.05.2022;184,3766;
29.04.2022;185,5255;
28.04.2022;185,2290;
27.04.2022;185,6655;
26.04.2022;185,7814;
25.04.2022;186,7041;
22.04.2022;187,6526;
20.04.2022;187,4025;
19.04.2022;188,2750;
13.04.2022;188,6997;
12.04.2022;187,7300;
11.04.2022;188,0368;
08.04.2022;187,8422;
07.04.2022;189,4485;
06.04.2022;190,0502;
05.04.2022;190,2995;
04.04.2022;190,1326;
01.04.2022;189,9953;
31.03.2022;189,6001;
30.03.2022;189,8551;
29.03.2022;190,0446;
28.03.2022;191,4905;
25.03.2022;190,6791;
24.03.2022;189,4047;
23.03.2022;189,4103;
22.03.2022;191,0864;
21.03.2022;190,7984;
18.03.2022;190,9575;
17.03.2022;189,7725;
16.03.2022;191,6546;
15.03.2022;193,0057;
14.03.2022;193,8197;
11.03.2022;193,4724;
10.03.2022;193,6298;
09.03.2022;194,0424;
08.03.2022;195,1392;
07.03.2022;195,0651;
04.03.2022;193,0578;
03.03.2022;191,3895;
02.03.2022;190,4299;
01.03.2022;189,0011;
28.02.2022;188,5155;
25.02.2022;187,5317;
24.02.2022;188,7293;
23.02.2022;187,3683;
22.02.2022;187,1329;
21.02.2022;187,3735;
18.02.2022;186,5657;
17.02.2022;187,5662;
16.02.2022;187,1924;
15.02.2022;187,0292;
14.02.2022;188,9354;
11.02.2022;187,5090;
10.02.2022;187,3962;
09.02.2022;187,9609;
08.02.2022;188,2080;
07.02.2022;189,3102;
04.02.2022;188,4832;
03.02.2022;189,1773;
02.02.2022;190,1431;
01.02.2022;190,9809;
31.01.2022;190,4481;
28.01.2022;191,4960;
27.01.2022;193,1324;
26.01.2022;193,2638;
25.01.2022;193,4967;
24.01.2022;192,8466;
21.01.2022;192,9581;
20.01.2022;192,9936;
19.01.2022;192,7074;
18.01.2022;193,4896;
17.01.2022;194,4725;
14.01.2022;194,5732;
13.01.2022;194,5837;
12.01.2022;194,8691;
11.01.2022;194,7271;
10.01.2022;193,7703;
07.01.2022;193,5029;
06.01.2022;194,4071;
05.01.2022;194,6029;
04.01.2022;195,9326;
03.01.2022;195,3697;
31.12.2021;195,6021;
30.12.2021;195,5409;
29.12.2021;195,2961;
28.12.2021;195,1861;
27.12.2021;195,0615;
23.12.2021;194,6197;
22.12.2021;194,0930;
21.12.2021;193,8646;
20.12.2021;193,6813;
17.12.2021;193,2584;
16.12.2021;193,9426;
15.12.2021;194,0838;
14.12.2021;194,5474;
13.12.2021;195,7151;
10.12.2021;195,4717;
09.12.2021;194,6388;
08.12.2021;194,8698;
07.12.2021;195,0830;
06.12.2021;194,3837;
03.12.2021;193,5796;
02.12.2021;193,3698;
01.12.2021;193,6494;
30.11.2021;193,7566;
29.11.2021;194,3317;
26.11.2021;194,8534;
25.11.2021;194,9778;
24.11.2021;194,7475;
23.11.2021;195,6060;
22.11.2021;196,4870;
19.11.2021;196,0356;
18.11.2021;197,1554;
17.11.2021;198,7631;
16.11.2021;199,2249;
15.11.2021;198,7089;
12.11.2021;198,4738;
11.11.2021;198,4146;
10.11.2021;198,2076;
09.11.2021;198,2741;
08.11.2021;198,1430;
05.11.2021;198,1460;
04.11.2021;198,0366;
03.11.2021;198,1584;
02.11.2021;198,8858;
01.11.2021;198,3853;
29.10.2021;197,5727;
28.10.2021;197,5510;
27.10.2021;197,6374;
26.10.2021;198,1100;
25.10.2021;197,7801;
22.10.2021;198,2422;
21.10.2021;197,6442;
20.10.2021;197,8648;
19.10.2021;197,8017;
18.10.2021;197,8306;
15.10.2021;197,3671;
14.10.2021;197,2939;
13.10.2021;197,6916;
12.10.2021;197,7472;
11.10.2021;197,5731;
08.10.2021;196,7539;
07.10.2021;195,9287;
06.10.2021;195,6904;
05.10.2021;194,6321;
04.10.2021;197,0757;
01.10.2021;196,5455;
30.09.2021;197,7642;
29.09.2021;197,1155;
28.09.2021;195,9059;
27.09.2021;196,5686;
24.09.2021;197,4018;
23.09.2021;198,5651;
22.09.2021;198,7338;
21.09.2021;198,9439;
20.09.2021;198,5644;
17.09.2021;197,8932;
16.09.2021;197,8521;
15.09.2021;197,4587;
14.09.2021;197,4962;
13.09.2021;197,9013;
10.09.2021;197,6735;
09.09.2021;196,6711;
08.09.2021;196,3965;
07.09.2021;196,4439;
06.09.2021;196,3453;
03.09.2021;196,2992;
02.09.2021;196,2906;
01.09.2021;194,3405;
31.08.2021;195,0905;
30.08.2021;195,4836;
27.08.2021;194,6158;
26.08.2021;193,8186;
25.08.2021;193,9801;
24.08.2021;195,8083;
23.08.2021;195,8783;
20.08.2021;194,7320;
19.08.2021;194,0974;
18.08.2021;193,8665;
17.08.2021;193,7316;
16.08.2021;193,5685;
13.08.2021;193,3043;
12.08.2021;193,5002;
11.08.2021;193,4207;
10.08.2021;193,7205;
09.08.2021;192,9948;
06.08.2021;192,9593;
05.08.2021;192,9694;
04.08.2021;192,2964;
03.08.2021;190,8955;
30.07.2021;190,9316;
29.07.2021;191,8270;
28.07.2021;193,4337;
27.07.2021;194,1671;
26.07.2021;193,7775;
23.07.2021;194,4047;
22.07.2021;193,3881;
21.07.2021;192,5405;
20.07.2021;190,9788;
19.07.2021;190,2225;
16.07.2021;190,2869;
15.07.2021;190,6184;
14.07.2021;191,0035;
13.07.2021;191,0691;
12.07.2021;190,7123;
09.07.2021;190,6366;
08.07.2021;190,4836;
07.07.2021;191,0156;
06.07.2021;192,1724;
05.07.2021;192,0286;
02.07.2021;192,1934;
01.07.2021;191,2185;
30.06.2021;191,0958;
29.06.2021;192,0713;
28.06.2021;192,1133;
25.06.2021;191,7144;
24.06.2021;190,5149;
23.06.2021;190,8486;
22.06.2021;191,1473;
21.06.2021;191,5755;
18.06.2021;190,7192;
16.06.2021;191,0217;
15.06.2021;191,3576;
14.06.2021;191,4374;
11.06.2021;191,5451;
10.06.2021;190,6478;
09.06.2021;190,8527;
08.06.2021;190,8615;
07.06.2021;190,7799;
04.06.2021;191,2436;
03.06.2021;189,9352;
02.06.2021;189,6558;
01.06.2021;191,3322;
31.05.2021;191,4461;
28.05.2021;190,3446;
27.05.2021;190,2957;
26.05.2021;192,1814;
25.05.2021;191,9712;
21.05.2021;192,0000;
20.05.2021;193,4528;
19.05.2021;194,0813;
18.05.2021;195,0989;
17.05.2021;196,2239;
14.05.2021;196,2158;
12.05.2021;196,0644;
11.05.2021;196,0597;
10.05.2021;196,0585;
07.05.2021;195,6906;
06.05.2021;196,0767;
05.05.2021;196,3764;
04.05.2021;193,5236;
03.05.2021;196,2773;
30.04.2021;194,4076;
29.04.2021;192,7146;
28.04.2021;193,2799;
27.04.2021;194,7762;
26.04.2021;196,0220;
23.04.2021;196,3309;
21.04.2021;195,8971;
20.04.2021;197,5302;
19.04.2021;197,3953;
16.04.2021;197,6398;
15.04.2021;197,6498;
14.04.2021;197,2563;
13.04.2021;197,6112;
12.04.2021;197,8215;
09.04.2021;197,8044;
08.04.2021;196,8075;
07.04.2021;196,0089;
06.04.2021;195,2810;
31.03.2021;193,9066;
30.03.2021;194,1924;
29.03.2021;197,4017;
26.03.2021;195,7150;
25.03.2021;195,4215;
24.03.2021;195,7587;
23.03.2021;193,1686;
22.03.2021;196,8124;
19.03.2021;197,2953;
18.03.2021;197,6806;
17.03.2021;197,4112;
16.03.2021;197,6314;
15.03.2021;200,0997;
12.03.2021;200,5433;
11.03.2021;199,7402;
10.03.2021;198,3899;
09.03.2021;197,9025;
08.03.2021;199,0435;
05.03.2021;198,8573;
04.03.2021;199,0295;
03.03.2021;197,9665;
02.03.2021;197,5177;
01.03.2021;199,5366;
26.02.2021;197,8203;
25.02.2021;198,4883;
24.02.2021;200,5618;
23.02.2021;201,1585;
22.02.2021;201,7011;
19.02.2021;201,8731;
18.02.2021;202,2818;
17.02.2021;202,2567;
16.02.2021;201,5904;
15.02.2021;201,6758;
12.02.2021;201,7200;
11.02.2021;201,6095;
10.02.2021;200,9846;
09.02.2021;199,5603;
08.02.2021;200,5774;
05.02.2021;200,9744;
04.02.2021;202,4041;
03.02.2021;202,2096;
02.02.2021;202,0715;
01.02.2021;202,0247;
29.01.2021;201,6534;
28.01.2021;201,2148;
27.01.2021;202,7323;
26.01.2021;202,6813;
25.01.2021;202,6806;
22.01.2021;202,5687;
21.01.2021;202,6488;
20.01.2021;203,2381;
19.01.2021;202,6509;
18.01.2021;202,5736;
15.01.2021;201,9818;
14.01.2021;202,3064;
13.01.2021;201,2215;
12.01.2021;201,3779;
11.01.2021;202,2783;
08.01.2021;200,1107;
07.01.2021;199,6440;
06.01.2021;200,5163;
05.01.2021;200,4068;
04.01.2021;200,5507;
31.12.2020;200,4563;
30.12.2020;200,1318;
29.12.2020;200,2816;
28.12.2020;200,3136;
23.12.2020;200,0942;
22.12.2020;199,9321;
21.12.2020;200,6298;
18.12.2020;200,4976;
17.12.2020;199,5657;
16.12.2020;199,4333;
15.12.2020;198,8746;
14.12.2020;199,0886;
11.12.2020;198,3693;
10.12.2020;198,0677;
09.12.2020;197,4727;
08.12.2020;196,2863;
07.12.2020;195,9285;
04.12.2020;195,1752;
03.12.2020;196,1811;
02.12.2020;199,5832;
01.12.2020;203,9968;
30.11.2020;205,0674;
27.11.2020;205,4140;
26.11.2020;208,5985;
25.11.2020;208,1511;
24.11.2020;208,0411;
23.11.2020;208,1653;
20.11.2020;208,5114;
19.11.2020;208,5669;
18.11.2020;208,6905;
17.11.2020;208,4022;
16.11.2020;208,3610;
13.11.2020;209,0552;
12.11.2020;209,5013;
11.11.2020;211,0440;
10.11.2020;210,0318;
09.11.2020;210,4972;
06.11.2020;210,5321;
05.11.2020;211,2419;
04.11.2020;211,6588;
03.11.2020;211,2962;
02.11.2020;211,0375;
30.10.2020;211,8968;
29.10.2020;212,6473;
28.10.2020;212,5799;
27.10.2020;212,7332;
26.10.2020;212,5967;
23.10.2020;212,0099;
22.10.2020;211,8584;
21.10.2020;211,5948;
20.10.2020;210,7349;
19.10.2020;210,3928;
16.10.2020;210,2454;
15.10.2020;210,4660;
14.10.2020;210,5779;
13.10.2020;210,4118;
12.10.2020;210,3097;
09.10.2020;209,5660;
08.10.2020;209,4985;
07.10.2020;209,3136;
06.10.2020;209,3390;
05.10.2020;209,0486;
02.10.2020;209,0089;
01.10.2020;208,8586;
30.09.2020;208,4569;
29.09.2020;208,4064;
28.09.2020;209,1178;
25.09.2020;208,1299;
24.09.2020;208,2475;
23.09.2020;207,6814;
22.09.2020;208,4583;
21.09.2020;207,8886;
18.09.2020;206,9374;
17.09.2020;208,9276;
16.09.2020;206,6349;
15.09.2020;206,3021;
14.09.2020;205,4479;
11.09.2020;207,8072;
10.09.2020;210,5009;
09.09.2020;213,6195;
08.09.2020;213,1256;
07.09.2020;212,8788;
04.09.2020;212,5989;
03.09.2020;212,6404;
02.09.2020;212,7347;
01.09.2020;212,0775;
31.08.2020;211,8497;
28.08.2020;211,0016;
27.08.2020;211,1938;
26.08.2020;210,6094;
25.08.2020;209,7991;
24.08.2020;209,7571;
21.08.2020;209,8984;
20.08.2020;209,0663;
19.08.2020;208,4034;
18.08.2020;207,5647;
17.08.2020;208,0610;
14.08.2020;207,7716;
13.08.2020;207,4951;
12.08.2020;207,8724;
11.08.2020;207,7852;
10.08.2020;207,1632;
07.08.2020;206,5747;
06.08.2020;206,3274;
05.08.2020;205,9917;
04.08.2020;206,0556;
31.07.2020;205,4786;
30.07.2020;204,9533;
29.07.2020;204,7862;
28.07.2020;204,3491;
27.07.2020;203,9390;
24.07.2020;203,9855;
23.07.2020;204,1463;
22.07.2020;204,2228;
21.07.2020;207,4962;
20.07.2020;207,7526;
17.07.2020;207,8793;
16.07.2020;207,7552;
15.07.2020;207,6067;
14.07.2020;207,1827;
13.07.2020;207,2586;
10.07.2020;207,1429;
09.07.2020;206,8155;
08.07.2020;204,7838;
07.07.2020;204,4305;
06.07.2020;204,6465;
03.07.2020;203,7401;
02.07.2020;203,3086;
01.07.2020;202,8258;
30.06.2020;201,9304;
29.06.2020;201,5697;
26.06.2020;201,6114;
25.06.2020;204,2931;
24.06.2020;204,2354;
23.06.2020;203,8407;
22.06.2020;201,3020;
19.06.2020;200,6334;
18.06.2020;199,2250;
16.06.2020;198,6344;
15.06.2020;197,5082;
12.06.2020;197,6987;
11.06.2020;197,1735;
10.06.2020;195,7919;
09.06.2020;195,3842;
08.06.2020;194,9685;
05.06.2020;193,8532;
04.06.2020;194,2345;
03.06.2020;197,1942;
02.06.2020;197,4452;
29.05.2020;196,5312;
28.05.2020;197,1165;
27.05.2020;197,7643;
26.05.2020;202,1428;
25.05.2020;203,6907;
22.05.2020;204,6391;
20.05.2020;204,9024;
19.05.2020;204,6387;
18.05.2020;206,4388;
15.05.2020;207,8697;
14.05.2020;207,9957;
13.05.2020;207,7960;
12.05.2020;208,5658;
11.05.2020;208,3419;
08.05.2020;208,3120;
07.05.2020;209,3924;
06.05.2020;209,5697;
05.05.2020;209,4961;
04.05.2020;208,2505;
30.04.2020;209,2471;
29.04.2020;209,3070;
28.04.2020;208,8978;
27.04.2020;207,7280;
24.04.2020;207,9251;
22.04.2020;206,4072;
21.04.2020;205,5393;
20.04.2020;205,3732;
17.04.2020;205,2828;
16.04.2020;204,4494;
15.04.2020;204,0076;
14.04.2020;203,8571;
08.04.2020;203,6373;
07.04.2020;203,1388;
06.04.2020;203,4079;
03.04.2020;203,6367;
02.04.2020;202,5935;
01.04.2020;203,3370;
31.03.2020;201,9269;
30.03.2020;199,7094;
27.03.2020;199,6383;
26.03.2020;198,8246;
25.03.2020;197,1886;
24.03.2020;196,2574;
23.03.2020;195,5382;
20.03.2020;195,2069;
19.03.2020;195,4955;
18.03.2020;196,7261;
17.03.2020;200,3323;
16.03.2020;195,5876;
13.03.2020;195,2317;
12.03.2020;191,9765;
11.03.2020;189,2419;
10.03.2020;190,2379;
09.03.2020;188,5939;
06.03.2020;186,9404;
05.03.2020;187,0511;
04.03.2020;187,0529;
03.03.2020;188,0542;
02.03.2020;184,8549;
28.02.2020;183,7803;
27.02.2020;184,6350;
26.02.2020;185,2114;
25.02.2020;185,9328;
24.02.2020;185,6483;
21.02.2020;184,2672;
20.02.2020;184,3319;
19.02.2020;184,5926;
18.02.2020;183,8747;
17.02.2020;183,6352;
14.02.2020;183,9478;
13.02.2020;183,8234;
12.02.2020;183,5942;
11.02.2020;183,3861;
10.02.2020;183,1054;
07.02.2020;183,0100;
06.02.2020;183,3774;
05.02.2020;183,1534;
04.02.2020;182,3786;
03.02.2020;181,2566;
31.01.2020;180,4026;
30.01.2020;180,2311;
29.01.2020;181,0950;
28.01.2020;182,2869;
27.01.2020;182,4965;
24.01.2020;182,8691;
23.01.2020;182,8339;
22.01.2020;182,7726;
21.01.2020;182,3954;
20.01.2020;182,2650;
17.01.2020;181,6616;
16.01.2020;181,1582;
15.01.2020;180,9103;
14.01.2020;181,6681;
13.01.2020;181,7470;
10.01.2020;181,2279;
09.01.2020;182,5601;
08.01.2020;182,0720;
07.01.2020;181,8721;
06.01.2020;181,4796;
03.01.2020;181,4793;
02.01.2020;180,7851;
31.12.2019;179,6963;
30.12.2019;179,6676;
27.12.2019;179,6155;
23.12.2019;179,4012;
20.12.2019;180,8535;
19.12.2019;181,5936;
18.12.2019;181,2221;
17.12.2019;180,6615;
16.12.2019;181,3820;
13.12.2019;181,3346;
12.12.2019;180,8617;
11.12.2019;178,8829;
10.12.2019;178,3596;
09.12.2019;177,2503;
06.12.2019;177,8443;
05.12.2019;177,8213;
04.12.2019;177,9613;
03.12.2019;177,8841;
02.12.2019;178,4805;
29.11.2019;176,2559;
28.11.2019;178,6733;
27.11.2019;179,2538;
26.11.2019;179,1249;
25.11.2019;180,1174;
22.11.2019;180,0444;
21.11.2019;180,0404;
20.11.2019;179,4394;
19.11.2019;180,1477;
18.11.2019;180,0347;
15.11.2019;179,8445;
14.11.2019;181,7842;
13.11.2019;182,1579;
12.11.2019;182,1756;
11.11.2019;182,0750;
08.11.2019;182,0991;
07.11.2019;182,0004;
06.11.2019;181,9193;
05.11.2019;181,9663;
04.11.2019;181,7857;
01.11.2019;182,1139;
31.10.2019;181,8716;
30.10.2019;182,0037;
29.10.2019;182,4305;
28.10.2019;182,4187;
25.10.2019;182,3287;
24.10.2019;182,9273;
23.10.2019;183,1312;
22.10.2019;183,5773;
21.10.2019;183,5148;
18.10.2019;183,1751;
17.10.2019;182,5516;
16.10.2019;182,4945;
15.10.2019;182,6269;
14.10.2019;181,8080;
11.10.2019;181,5757;
10.10.2019;181,4492;
09.10.2019;180,7322;
08.10.2019;179,6541;
07.10.2019;179,6883;
04.10.2019;178,9302;
03.10.2019;178,9525;
02.10.2019;178,8654;
01.10.2019;178,8342;
30.09.2019;178,5645;
27.09.2019;179,1727;
26.09.2019;179,3295;
25.09.2019;179,2924;
24.09.2019;181,1986;
23.09.2019;181,0566;
20.09.2019;180,6660;
19.09.2019;180,4875;
18.09.2019;180,3845;
17.09.2019;180,2464;
16.09.2019;180,8614;
13.09.2019;181,8481;
12.09.2019;182,7212;
11.09.2019;183,0542;
10.09.2019;182,7486;
09.09.2019;183,5839;
06.09.2019;183,5466;
05.09.2019;183,4642;
04.09.2019;183,2856;
03.09.2019;183,7550;
02.09.2019;182,2681;
30.08.2019;181,8589;
29.08.2019;180,9636;
28.08.2019;180,9189;
27.08.2019;182,0421;
26.08.2019;181,3680;
23.08.2019;181,6221;
22.08.2019;181,6790;
21.08.2019;181,2464;
20.08.2019;181,2108;
19.08.2019;180,7041;
16.08.2019;180,9452;
15.08.2019;180,5114;
14.08.2019;180,9592;
13.08.2019;180,7562;
12.08.2019;179,7910;
09.08.2019;179,5727;
08.08.2019;179,5502;
07.08.2019;178,6909;
06.08.2019;178,6932;
02.08.2019;179,1918;
01.08.2019;179,2132;
31.07.2019;177,1348;
30.07.2019;178,0125;
29.07.2019;179,0054;
26.07.2019;179,1642;
25.07.2019;179,6469;
24.07.2019;179,5578;
23.07.2019;184,5733;
22.07.2019;184,4306;
19.07.2019;185,5625;
18.07.2019;186,0782;
17.07.2019;186,6790;
16.07.2019;186,7056;
15.07.2019;186,5425;
12.07.2019;186,8863;
11.07.2019;186,7855;
10.07.2019;186,7563;
09.07.2019;186,8492;
08.07.2019;186,6815;
05.07.2019;186,5850;
04.07.2019;186,4689;
03.07.2019;186,3477;
02.07.2019;186,3284;
01.07.2019;186,1914;
28.06.2019;185,9200;
27.06.2019;185,9914;
26.06.2019;185,7902;
25.06.2019;185,7466;
24.06.2019;185,6666;
21.06.2019;185,9740;
20.06.2019;186,1422;
19.06.2019;186,2139;
18.06.2019;186,1480;
14.06.2019;185,9589;
13.06.2019;186,1032;
12.06.2019;185,5487;
11.06.2019;184,4223;
07.06.2019;183,1619;
06.06.2019;183,3319;
05.06.2019;183,4556;
04.06.2019;182,9527;
03.06.2019;182,5197;
31.05.2019;182,1925;
29.05.2019;182,7570;
28.05.2019;182,6500;
27.05.2019;182,3559;
24.05.2019;182,0941;
23.05.2019;182,1744;
22.05.2019;182,6673;
21.05.2019;181,5635;
20.05.2019;181,5821;
17.05.2019;181,0092;
16.05.2019;180,5325;
15.05.2019;181,1495;
14.05.2019;181,5355;
13.05.2019;180,8055;
10.05.2019;180,9420;
09.05.2019;181,4152;
08.05.2019;180,8726;
07.05.2019;180,3315;
06.05.2019;179,7907;
03.05.2019;180,9386;
02.05.2019;181,6171;
30.04.2019;180,0199;
29.04.2019;180,2566;
26.04.2019;180,0893;
24.04.2019;179,5507;
23.04.2019;179,2008;
17.04.2019;179,0658;
16.04.2019;179,1133;
15.04.2019;179,0918;
12.04.2019;178,5407;
11.04.2019;178,8148;
10.04.2019;177,2251;
09.04.2019;176,9710;
08.04.2019;176,7449;
05.04.2019;176,8537;
04.04.2019;177,2694;
03.04.2019;177,5245;
02.04.2019;182,4472;
01.04.2019;182,2854;
29.03.2019;181,9666;
28.03.2019;181,5263;
27.03.2019;181,5834;
26.03.2019;181,1923;
25.03.2019;180,2730;
22.03.2019;178,2099;
21.03.2019;176,8073;
20.03.2019;175,4381;
19.03.2019;175,2022;
18.03.2019;175,6825;
15.03.2019;176,0928;
14.03.2019;177,7727;
13.03.2019;177,9986;
12.03.2019;179,9747;
11.03.2019;180,0845;
08.03.2019;180,2437;
07.03.2019;180,3954;
06.03.2019;180,9837;
05.03.2019;180,7583;
04.03.2019;179,5975;
01.03.2019;179,2464;
28.02.2019;179,5099;
27.02.2019;179,5076;
26.02.2019;179,4430;
25.02.2019;178,8115;
22.02.2019;178,6928;
21.02.2019;178,8253;
20.02.2019;178,8361;
19.02.2019;178,4736;
18.02.2019;177,4359;
15.02.2019;176,9844;
14.02.2019;178,3365;
13.02.2019;180,1895;
12.02.2019;179,9843;
11.02.2019;179,9246;
08.02.2019;179,6156;
07.02.2019;180,1739;
06.02.2019;180,2737;
05.02.2019;180,3238;
04.02.2019;180,4844;
01.02.2019;180,9677;
31.01.2019;180,5423;
30.01.2019;180,3006;
29.01.2019;179,9824;
28.01.2019;179,6821;
25.01.2019;179,0505;
24.01.2019;180,3297;
23.01.2019;180,6789;
22.01.2019;180,2898;
21.01.2019;181,2173;
18.01.2019;181,2407;
17.01.2019;180,8977;
16.01.2019;182,1166;
15.01.2019;181,9217;
14.01.2019;181,6659;
11.01.2019;180,7328;
10.01.2019;179,3434;
09.01.2019;179,3950;
08.01.2019;178,1307;
07.01.2019;177,1506;
04.01.2019;175,2670;
03.01.2019;174,8718;
02.01.2019;174,3284;
31.12.2018;174,0730;
28.12.2018;173,7932;
27.12.2018;173,7956;
21.12.2018;176,5509;
20.12.2018;178,6713;
19.12.2018;181,6835;
18.12.2018;182,1788;
17.12.2018;182,8068;
14.12.2018;184,3704;
13.12.2018;183,7436;
12.12.2018;183,4922;
11.12.2018;183,6396;
10.12.2018;183,4045;
07.12.2018;181,3925;
06.12.2018;182,9013;
05.12.2018;183,5364;
04.12.2018;183,3340;
03.12.2018;183,1636;
30.11.2018;182,8323;
29.11.2018;186,7689;
28.11.2018;186,3237;
27.11.2018;185,3004;
26.11.2018;184,4227;
23.11.2018;184,4314;
22.11.2018;185,1423;
21.11.2018;184,9892;
20.11.2018;184,5655;
19.11.2018;184,4863;
16.11.2018;184,7370;
15.11.2018;184,8937;
14.11.2018;185,6170;
13.11.2018;183,2138;
12.11.2018;182,7763;
09.11.2018;182,2013;
08.11.2018;181,7438;
07.11.2018;181,3762;
06.11.2018;181,4480;
05.11.2018;181,2490;
02.11.2018;181,5559;
01.11.2018;181,3698;
31.10.2018;180,9881;
30.10.2018;180,6597;
29.10.2018;180,3538;
26.10.2018;180,0984;
25.10.2018;179,9555;
24.10.2018;179,3380;
23.10.2018;178,9249;
22.10.2018;177,0917;
19.10.2018;177,2856;
18.10.2018;179,5600;
17.10.2018;179,9646;
16.10.2018;176,5524;
15.10.2018;175,9844;
12.10.2018;176,1513;
11.10.2018;176,1323;
10.10.2018;175,2612;
09.10.2018;173,4812;
08.10.2018;172,7123;
05.10.2018;171,4020;
04.10.2018;171,9901;
03.10.2018;170,8696;
02.10.2018;170,0377;
01.10.2018;168,5751;
28.09.2018;168,4198;
27.09.2018;167,9894;
26.09.2018;167,7515;
25.09.2018;171,1441;
24.09.2018;168,3466;
21.09.2018;168,4324;
20.09.2018;168,9872;
19.09.2018;167,5146;
18.09.2018;166,1661;
17.09.2018;166,6809;
14.09.2018;166,9756;
13.09.2018;171,4182;
12.09.2018;172,4805;
11.09.2018;171,6439;
10.09.2018;168,9527;
07.09.2018;168,6218;
06.09.2018;165,8684;
05.09.2018;165,3900;
04.09.2018;164,1681;
03.09.2018;162,9936;
31.08.2018;162,5808;
30.08.2018;162,6143;
29.08.2018;162,2936;
28.08.2018;161,9827;
27.08.2018;162,2439;
24.08.2018;162,9555;
23.08.2018;163,1362;
22.08.2018;162,7680;
21.08.2018;162,3087;
20.08.2018;161,0354;
17.08.2018;161,2928;
16.08.2018;162,7560;
15.08.2018;163,9601;
14.08.2018;162,8267;
13.08.2018;163,1004;
10.08.2018;163,2400;
09.08.2018;162,5010;
08.08.2018;161,9817;
07.08.2018;161,9972;
03.08.2018;161,7551;
02.08.2018;162,1860;
01.08.2018;161,1509;
31.07.2018;160,1687;
30.07.2018;160,4089;
27.07.2018;160,5577;
26.07.2018;159,2644;
25.07.2018;162,1360;
24.07.2018;162,4946;
23.07.2018;162,4975;
20.07.2018;162,0283;
19.07.2018;162,4859;
18.07.2018;162,6201;
17.07.2018;162,7055;
16.07.2018;163,5706;
13.07.2018;163,7401;
12.07.2018;163,9491;
11.07.2018;163,8928;
10.07.2018;163,9492;
09.07.2018;163,6131;
06.07.2018;163,1307;
05.07.2018;163,3033;
04.07.2018;164,0474;
03.07.2018;163,0652;
02.07.2018;161,9121;
29.06.2018;161,9613;
28.06.2018;162,7490;
27.06.2018;163,4561;
26.06.2018;164,6992;
25.06.2018;165,3907;
22.06.2018;166,1491;
21.06.2018;166,7966;
20.06.2018;165,6169;
19.06.2018;166,4296;
18.06.2018;164,3780;
15.06.2018;163,0169;
14.06.2018;163,3631;
13.06.2018;164,3753;
12.06.2018;163,7617;
11.06.2018;163,1251;
08.06.2018;163,2848;
07.06.2018;162,4856;
06.06.2018;161,9345;
05.06.2018;162,1143;
04.06.2018;160,3810;
01.06.2018;160,0455;
31.05.2018;161,2995;
30.05.2018;161,5195;
29.05.2018;161,7993;
28.05.2018;162,1234;
25.05.2018;162,3864;
24.05.2018;162,5024;
23.05.2018;162,0607;
22.05.2018;161,7783;
18.05.2018;161,4824;
17.05.2018;161,3070;
16.05.2018;160,9660;
15.05.2018;159,8406;
14.05.2018;159,1155;
11.05.2018;159,6600;
09.05.2018;159,5005;
08.05.2018;159,1185;
07.05.2018;158,6013;
04.05.2018;158,9460;
03.05.2018;158,8444;
02.05.2018;158,7592;
30.04.2018;158,5185;
27.04.2018;159,1285;
26.04.2018;159,4631;
25.04.2018;159,3447;
24.04.2018;159,7214;
23.04.2018;159,7280;
20.04.2018;159,6292;
18.04.2018;159,2630;
17.04.2018;158,5438;
16.04.2018;158,0497;
13.04.2018;157,6965;
12.04.2018;158,3228;
11.04.2018;157,3067;
10.04.2018;157,1760;
09.04.2018;157,3893;
06.04.2018;157,4565;
05.04.2018;157,6136;
04.04.2018;157,4951;
03.04.2018;157,4566;
28.03.2018;157,0833;
27.03.2018;157,3685;
26.03.2018;157,8796;
23.03.2018;158,4774;
22.03.2018;159,2449;
21.03.2018;159,0345;
20.03.2018;158,8063;
19.03.2018;158,8809;
16.03.2018;158,9181;
15.03.2018;159,2695;
14.03.2018;159,2068;
13.03.2018;159,2869;
12.03.2018;159,3530;
09.03.2018;159,3384;
08.03.2018;159,0810;
07.03.2018;159,6727;
06.03.2018;159,8885;
05.03.2018;160,2872;
02.03.2018;160,1847;
01.03.2018;160,5766;
28.02.2018;160,6855;
27.02.2018;160,3465;
26.02.2018;160,3633;
23.02.2018;160,5979;
22.02.2018;160,5524;
21.02.2018;160,5283;
20.02.2018;161,3317;
19.02.2018;161,2378;
16.02.2018;161,6235;
15.02.2018;161,3398;
14.02.2018;162,1916;
13.02.2018;162,2908;
12.02.2018;162,3085;
09.02.2018;162,2917;
08.02.2018;162,5691;
07.02.2018;161,9204;
06.02.2018;161,7012;
05.02.2018;161,6614;
02.02.2018;161,8047;
01.02.2018;162,1134;
31.01.2018;162,2354;
30.01.2018;161,4967;
29.01.2018;161,7605;
26.01.2018;162,4911;
25.01.2018;163,3575;
24.01.2018;163,3205;
23.01.2018;163,5400;
22.01.2018;163,4064;
19.01.2018;163,1315;
18.01.2018;163,7292;
17.01.2018;163,4087;
16.01.2018;163,2018;
15.01.2018;162,9082;
12.01.2018;163,1209;
11.01.2018;163,3958;
10.01.2018;163,1795;
09.01.2018;163,4591;
08.01.2018;162,8765;
05.01.2018;163,0167;
04.01.2018;162,8867;
03.01.2018;163,3353;
02.01.2018;161,3797;
29.12.2017;162,8501;
28.12.2017;163,1672;
27.12.2017;163,7392;
22.12.2017;163,7868;
21.12.2017;162,7101;
20.12.2017;163,3726;
19.12.2017;162,7066;
18.12.2017;162,2115;
15.12.2017;162,8351;
14.12.2017;161,7754;
13.12.2017;160,8490;
12.12.2017;161,2452;
11.12.2017;160,2554;
08.12.2017;161,0720;
07.12.2017;161,9744;
06.12.2017;160,4168;
05.12.2017;159,9576;
04.12.2017;160,5297;
01.12.2017;160,0023;
30.11.2017;159,9162;
29.11.2017;160,3677;
28.11.2017;160,7999;
27.11.2017;159,8419;
24.11.2017;160,2709;
23.11.2017;161,2543;
22.11.2017;159,3694;
21.11.2017;159,2803;
20.11.2017;159,2602;
17.11.2017;159,2485;
16.11.2017;159,2792;
15.11.2017;159,7882;
14.11.2017;158,6335;
13.11.2017;158,7097;
10.11.2017;158,8600;
09.11.2017;159,2700;
08.11.2017;161,6090;
07.11.2017;161,7566;
06.11.2017;162,4087;
03.11.2017;162,3776;
02.11.2017;162,5859;
01.11.2017;162,3431;
31.10.2017;160,8434;
30.10.2017;160,8432;
27.10.2017;162,8474;
26.10.2017;162,4865;
25.10.2017;163,2559;
24.10.2017;162,8381;
23.10.2017;162,9093;
20.10.2017;163,2066;
19.10.2017;163,1502;
18.10.2017;163,1036;
17.10.2017;163,4544;
16.10.2017;163,1397;
13.10.2017;162,9588;
12.10.2017;162,8563;
11.10.2017;162,8255;
10.10.2017;163,6208;
09.10.2017;162,7896;
06.10.2017;162,4297;
05.10.2017;164,4935;
04.10.2017;163,6280;
03.10.2017;163,8853;
02.10.2017;164,4629;
29.09.2017;163,6834;
28.09.2017;164,9444;
27.09.2017;166,3061;
26.09.2017;167,6967;
25.09.2017;168,3244;
22.09.2017;168,2840;
21.09.2017;168,5773;
20.09.2017;167,3624;
19.09.2017;166,2686;
18.09.2017;167,1312;
15.09.2017;166,1849;
14.09.2017;166,3401;
13.09.2017;166,8751;
12.09.2017;167,0386;
11.09.2017;166,6886;
08.09.2017;166,7593;
07.09.2017;165,7985;
06.09.2017;165,8997;
05.09.2017;163,5617;
04.09.2017;163,2494;
01.09.2017;162,8708;
31.08.2017;163,1940;
30.08.2017;164,1591;
29.08.2017;163,7451;
28.08.2017;163,0411;
25.08.2017;165,9137;
24.08.2017;165,9438;
23.08.2017;166,9427;
22.08.2017;163,3666;
21.08.2017;163,2321;
18.08.2017;165,9514;
17.08.2017;168,2619;
16.08.2017;168,3814;
15.08.2017;165,9589;
14.08.2017;165,5274;
11.08.2017;163,1893;
10.08.2017;163,6146;
09.08.2017;162,6018;
08.08.2017;162,2046;
04.08.2017;162,0219;
03.08.2017;162,3310;
02.08.2017;161,4254;
01.08.2017;160,3379;
31.07.2017;159,0452;
28.07.2017;159,6120;
27.07.2017;160,3509;
26.07.2017;160,3472;
25.07.2017;163,2867;
24.07.2017;161,2678;
21.07.2017;161,4940;
20.07.2017;162,0002;
19.07.2017;163,0421;
18.07.2017;157,0790;
17.07.2017;156,9957;
14.07.2017;159,1381;
13.07.2017;157,3067;
12.07.2017;163,5238;
11.07.2017;159,8156;
10.07.2017;157,8066;
07.07.2017;156,7567;
06.07.2017;157,7119;
05.07.2017;156,0741;
04.07.2017;154,2870;
03.07.2017;154,1581;
30.06.2017;155,9348;
29.06.2017;154,8614;
28.06.2017;156,4174;
27.06.2017;156,8113;
26.06.2017;154,0041;
23.06.2017;154,3437;
22.06.2017;156,0221;
21.06.2017;155,5717;
20.06.2017;152,7789;
19.06.2017;151,1061;
16.06.2017;150,2563;
15.06.2017;150,0532;
14.06.2017;149,0385;
13.06.2017;150,3155;
12.06.2017;147,0030;
09.06.2017;147,2045;
08.06.2017;147,9987;
07.06.2017;146,8958;
06.06.2017;146,2616;
02.06.2017;146,4349;
01.06.2017;147,8302;
31.05.2017;148,1463;
30.05.2017;148,2749;
29.05.2017;148,8294;
26.05.2017;149,7032;
24.05.2017;149,7174;
23.05.2017;149,4673;
22.05.2017;149,0657;
19.05.2017;149,5885;
18.05.2017;150,9573;
17.05.2017;151,5262;
16.05.2017;151,9395;
15.05.2017;152,2202;
12.05.2017;153,5042;
11.05.2017;154,8856;
10.05.2017;155,4996;
09.05.2017;155,5239;
08.05.2017;156,2167;
05.05.2017;156,0173;
04.05.2017;156,1469;
03.05.2017;155,9867;
02.05.2017;155,8187;
28.04.2017;156,2061;
27.04.2017;156,6169;
26.04.2017;156,1538;
25.04.2017;157,7561;
24.04.2017;158,1085;
21.04.2017;159,3880;
19.04.2017;160,4633;
18.04.2017;161,0805;
12.04.2017;161,4524;
11.04.2017;161,9843;
10.04.2017;161,9839;
07.04.2017;162,2933;
06.04.2017;162,7624;
05.04.2017;162,8486;
04.04.2017;165,2819;
03.04.2017;164,2500;
31.03.2017;163,7869;
30.03.2017;163,5177;
29.03.2017;161,9445;
28.03.2017;160,8129;
27.03.2017;160,9851;
24.03.2017;161,1028;
23.03.2017;162,4076;
22.03.2017;161,4498;
21.03.2017;159,8144;
20.03.2017;157,6340;
17.03.2017;158,1090;
16.03.2017;159,4008;
15.03.2017;157,7416;
14.03.2017;161,3522;
13.03.2017;160,1436;
10.03.2017;155,7746;
09.03.2017;156,2095;
08.03.2017;156,4907;
07.03.2017;155,5760;
06.03.2017;153,7518;
03.03.2017;153,8970;
02.03.2017;154,8092;
01.03.2017;153,2574;
28.02.2017;154,2908;
27.02.2017;155,4651;
24.02.2017;156,9487;
23.02.2017;157,9588;
22.02.2017;158,6580;
21.02.2017;159,5993;
20.02.2017;159,6107;
17.02.2017;160,0980;
16.02.2017;160,5358;
15.02.2017;161,3075;
14.02.2017;162,8399;
13.02.2017;164,1229;
10.02.2017;164,2824;
09.02.2017;164,7334;
08.02.2017;164,3422;
07.02.2017;165,2754;
06.02.2017;165,0648;
03.02.2017;165,5731;
02.02.2017;165,4831;
01.02.2017;168,6545;
31.01.2017;168,8595;
30.01.2017;169,1576;
27.01.2017;169,1187;
26.01.2017;168,9391;
25.01.2017;168,2756;
24.01.2017;167,3224;
23.01.2017;163,9824;
20.01.2017;164,0649;
19.01.2017;163,3824;
18.01.2017;162,9761;
17.01.2017;163,3797;
16.01.2017;164,3129;
13.01.2017;164,8056;
12.01.2017;164,7524;
11.01.2017;166,6873;
10.01.2017;164,0669;
09.01.2017;163,1307;
06.01.2017;162,9876;
05.01.2017;161,9452;
04.01.2017;161,7677;
03.01.2017;162,2929;
02.01.2017;162,1459;
30.12.2016;161,6682;
29.12.2016;162,9465;
28.12.2016;161,5832;
27.12.2016;161,5182;
23.12.2016;161,4886;
22.12.2016;161,1930;
21.12.2016;161,6567;
20.12.2016;161,7402;
19.12.2016;162,2188;
16.12.2016;162,3177;
15.12.2016;162,1566;
14.12.2016;161,7318;
13.12.2016;161,1925;
12.12.2016;161,0399;
09.12.2016;160,6034;
08.12.2016;160,2433;
07.12.2016;160,2551;
06.12.2016;159,9941;
05.12.2016;160,9905;
02.12.2016;160,7970;
01.12.2016;161,5671;
30.11.2016;161,1258;
29.11.2016;162,0232;
28.11.2016;161,9804;
25.11.2016;162,3096;
24.11.2016;162,3994;
23.11.2016;162,7638;
22.11.2016;163,0296;
21.11.2016;162,8567;
18.11.2016;163,0462;
17.11.2016;163,1695;
16.11.2016;163,4014;
15.11.2016;163,3522;
14.11.2016;163,6801;
11.11.2016;163,9478;
10.11.2016;164,0800;
09.11.2016;163,2372;
08.11.2016;164,1471;
07.11.2016;164,0474;
04.11.2016;164,2666;
03.11.2016;164,7710;
02.11.2016;164,3133;
01.11.2016;165,1927;
31.10.2016;165,5717;
28.10.2016;166,4070;
27.10.2016;166,9026;
26.10.2016;167,1186;
25.10.2016;167,8968;
24.10.2016;167,8803;
21.10.2016;168,2161;
20.10.2016;168,1768;
19.10.2016;168,1157;
18.10.2016;168,7964;
17.10.2016;168,4600;
14.10.2016;168,6279;
13.10.2016;168,7506;
12.10.2016;169,2775;
11.10.2016;169,5701;
10.10.2016;169,7819;
07.10.2016;170,1551;
06.10.2016;170,4574;
05.10.2016;170,6308;
04.10.2016;170,8509;
03.10.2016;171,3093;
30.09.2016;171,5563;
29.09.2016;171,7659;
28.09.2016;171,5704;
27.09.2016;171,4210;
26.09.2016;171,4689;
23.09.2016;172,1482;
22.09.2016;171,7167;
21.09.2016;171,5248;
20.09.2016;172,0237;
19.09.2016;172,1865;
16.09.2016;172,0919;
15.09.2016;172,2126;
14.09.2016;172,2553;
13.09.2016;172,4993;
12.09.2016;172,3586;
09.09.2016;172,7703;
08.09.2016;173,0120;
07.09.2016;173,1087;
06.09.2016;173,7880;
05.09.2016;173,4227;
02.09.2016;173,2972;
01.09.2016;173,6461;
31.08.2016;174,0969;
30.08.2016;175,0171;
29.08.2016;175,2696;
26.08.2016;175,7300;
25.08.2016;176,0865;
24.08.2016;176,3739;
23.08.2016;176,1396;
22.08.2016;176,2173;
19.08.2016;176,2359;
18.08.2016;176,8144;
17.08.2016;176,7302;
16.08.2016;176,6447;
15.08.2016;177,1030;
12.08.2016;177,4818;
11.08.2016;177,8277;
10.08.2016;177,7839;
09.08.2016;177,8253;
08.08.2016;178,7399;
05.08.2016;178,6483;
04.08.2016;179,3857;
03.08.2016;177,5914;
02.08.2016;177,4048;
29.07.2016;177,4469;
28.07.2016;178,0477;
27.07.2016;179,1480;
26.07.2016;179,5798;
25.07.2016;180,3496;
22.07.2016;180,8506;
21.07.2016;181,6001;
20.07.2016;181,5176;
19.07.2016;181,3574;
18.07.2016;181,3623;
15.07.2016;181,2760;
14.07.2016;182,1823;
13.07.2016;182,1032;
12.07.2016;182,4078;
11.07.2016;182,0967;
08.07.2016;182,3625;
07.07.2016;182,5013;
06.07.2016;182,7167;
05.07.2016;183,3001;
04.07.2016;183,5971;
01.07.2016;183,4207;
30.06.2016;183,8568;
29.06.2016;184,7861;
28.06.2016;184,7926;
27.06.2016;185,6362;
24.06.2016;186,2941;
23.06.2016;185,8683;
22.06.2016;186,8720;
21.06.2016;186,9921;
20.06.2016;187,0496;
16.06.2016;186,5938;
15.06.2016;186,7585;
14.06.2016;186,9125;
13.06.2016;186,8010;
10.06.2016;187,4536;
09.06.2016;187,4255;
08.06.2016;187,7376;
07.06.2016;187,5953;
06.06.2016;187,6208;
03.06.2016;188,0024;
02.06.2016;187,5557;
01.06.2016;187,6647;
31.05.2016;188,1503;
30.05.2016;188,5637;
27.05.2016;188,6620;
26.05.2016;188,8467;
25.05.2016;188,9680;
24.05.2016;188,2590;
23.05.2016;188,2642;
20.05.2016;188,4370;
19.05.2016;188,5219;
18.05.2016;188,2411;
17.05.2016;188,2764;
13.05.2016;188,0323;
12.05.2016;188,1636;
11.05.2016;187,6639;
10.05.2016;187,5593;
09.05.2016;187,7384;
06.05.2016;187,5056;
04.05.2016;187,4136;
03.05.2016;187,5183;
02.05.2016;188,0087;
29.04.2016;188,6743;
28.04.2016;189,1236;
27.04.2016;189,1500;
26.04.2016;189,4449;
25.04.2016;189,4030;
22.04.2016;189,6233;
20.04.2016;188,9073;
19.04.2016;188,6029;
18.04.2016;188,2467;
15.04.2016;188,4433;
14.04.2016;188,8303;
13.04.2016;189,0097;
12.04.2016;188,7084;
11.04.2016;188,3530;
08.04.2016;188,0526;
07.04.2016;188,4541;
06.04.2016;187,9970;
05.04.2016;187,2918;
04.04.2016;187,4919;
01.04.2016;187,5580;
31.03.2016;188,3601;
30.03.2016;188,6189;
29.03.2016;188,8455;
23.03.2016;189,2372;
22.03.2016;189,1157;
21.03.2016;189,2770;
18.03.2016;189,2075;
17.03.2016;188,6562;
16.03.2016;188,8436;
15.03.2016;189,2435;
14.03.2016;189,5255;
11.03.2016;189,4619;
10.03.2016;190,8972;
09.03.2016;191,2167;
08.03.2016;190,9497;
07.03.2016;191,0383;
04.03.2016;191,1281;
03.03.2016;191,1716;
02.03.2016;190,8038;
01.03.2016;190,9757;
29.02.2016;190,3162;
26.02.2016;190,4626;
25.02.2016;190,8146;
24.02.2016;190,7370;
23.02.2016;191,4303;
22.02.2016;191,0734;
19.02.2016;191,1978;
18.02.2016;190,9612;
17.02.2016;190,4523;
16.02.2016;190,0892;
15.02.2016;190,0488;
12.02.2016;189,9153;
11.02.2016;190,0594;
10.02.2016;190,0142;
09.02.2016;190,0276;
08.02.2016;190,1466;
05.02.2016;190,4096;
04.02.2016;190,9133;
03.02.2016;190,9048;
02.02.2016;190,8942;
01.02.2016;190,9516;
29.01.2016;190,5525;
28.01.2016;191,1807;
27.01.2016;190,9369;
26.01.2016;191,0411;
25.01.2016;191,0009;
22.01.2016;190,4592;
21.01.2016;189,7550;
20.01.2016;189,8545;
19.01.2016;190,4498;
18.01.2016;190,4364;
15.01.2016;190,2280;
14.01.2016;190,4429;
13.01.2016;191,1891;
12.01.2016;190,8983;
11.01.2016;190,4886;
08.01.2016;191,2560;
07.01.2016;191,2887;
06.01.2016;192,0135;
05.01.2016;191,9299;
04.01.2016;191,4216;
31.12.2015;191,4954;
30.12.2015;191,8012;
29.12.2015;191,9425;
28.12.2015;192,0064;
23.12.2015;192,0693;
22.12.2015;192,0233;
21.12.2015;192,3811;
18.12.2015;192,8100;
17.12.2015;192,7999;
16.12.2015;191,9122;
15.12.2015;191,8854;
14.12.2015;191,9841;
11.12.2015;192,2073;
10.12.2015;192,7276;
09.12.2015;192,0558;
08.12.2015;192,3748;
07.12.2015;192,9421;
04.12.2015;193,2544;
03.12.2015;193,8318;
02.12.2015;193,9070;
01.12.2015;193,8579;
30.11.2015;193,9055;
27.11.2015;194,1406;
26.11.2015;194,3000;
25.11.2015;194,4792;
24.11.2015;194,2926;
23.11.2015;194,4325;
20.11.2015;194,3753;
19.11.2015;194,1193;
18.11.2015;193,7263;
17.11.2015;193,7021;
16.11.2015;193,3785;
13.11.2015;193,2392;
12.11.2015;193,5128;
11.11.2015;193,5902;
10.11.2015;193,5500;
09.11.2015;193,3192;
06.11.2015;193,0169;
05.11.2015;193,4100;
04.11.2015;193,1827;
03.11.2015;192,8223;
02.11.2015;192,7935;
30.10.2015;192,7496;
29.10.2015;193,2823;
28.10.2015;192,7665;
27.10.2015;193,4377;
26.10.2015;193,7470;
23.10.2015;193,2828;
22.10.2015;192,6301;
21.10.2015;192,3203;
20.10.2015;191,8620;
19.10.2015;191,9466;
16.10.2015;191,9931;
15.10.2015;191,7271;
14.10.2015;191,6119;
13.10.2015;191,8139;
12.10.2015;192,0796;
09.10.2015;192,2950;
08.10.2015;192,4386;
07.10.2015;192,5322;
06.10.2015;192,2646;
05.10.2015;192,1942;
02.10.2015;192,3208;
01.10.2015;192,7117;
30.09.2015;192,5898;
29.09.2015;192,8077;
28.09.2015;193,1884;
25.09.2015;193,8669;
24.09.2015;193,9289;
23.09.2015;194,3298;
22.09.2015;194,8424;
21.09.2015;194,4774;
18.09.2015;194,1737;
17.09.2015;194,4569;
16.09.2015;194,7385;
15.09.2015;194,6372;
14.09.2015;194,4648;
11.09.2015;194,5574;
10.09.2015;195,5074;
09.09.2015;195,4761;
08.09.2015;195,6556;
07.09.2015;195,8166;
04.09.2015;196,1466;
03.09.2015;196,0993;
02.09.2015;195,7996;
01.09.2015;196,2134;
31.08.2015;196,8599;
28.08.2015;197,3420;
27.08.2015;197,7316;
26.08.2015;197,4000;
25.08.2015;198,6557;
24.08.2015;198,6139;
21.08.2015;199,6327;
20.08.2015;200,3242;
19.08.2015;201,0669;
18.08.2015;201,1397;
17.08.2015;200,6846;
14.08.2015;200,5361;
13.08.2015;201,3314;
12.08.2015;201,2744;
11.08.2015;201,7733;
10.08.2015;202,0200;
07.08.2015;202,1645;
06.08.2015;202,3907;
05.08.2015;202,9720;
04.08.2015;202,6112;
31.07.2015;203,5245;
30.07.2015;203,8341;
29.07.2015;203,2790;
28.07.2015;203,8675;
27.07.2015;203,5416;
24.07.2015;204,0641;
23.07.2015;204,4525;
22.07.2015;204,4391;
21.07.2015;204,6693;
20.07.2015;205,0105;
17.07.2015;205,0925;
16.07.2015;205,3210;
15.07.2015;204,4419;
14.07.2015;204,2150;
13.07.2015;204,0074;
10.07.2015;203,5967;
09.07.2015;203,6474;
08.07.2015;203,5077;
07.07.2015;203,3463;
06.07.2015;203,4365;
03.07.2015;203,5496;
02.07.2015;203,6174;
01.07.2015;203,8547;
30.06.2015;203,6535;
29.06.2015;204,2136;
26.06.2015;204,1443;
25.06.2015;204,4180;
24.06.2015;204,7574;
23.06.2015;204,7377;
22.06.2015;204,6298;
19.06.2015;205,0997;
18.06.2015;205,2513;
16.06.2015;205,4081;
15.06.2015;205,6156;
12.06.2015;205,9346;
11.06.2015;205,6747;
10.06.2015;205,3260;
09.06.2015;205,0371;
08.06.2015;204,4896;
05.06.2015;204,2231;
04.06.2015;203,7481;
03.06.2015;204,1835;
02.06.2015;204,6707;
01.06.2015;205,2442;
29.05.2015;205,5327;
28.05.2015;205,9178;
27.05.2015;207,0032;
26.05.2015;206,6237;
22.05.2015;206,0898;
21.05.2015;206,4133;
20.05.2015;206,4607;
19.05.2015;206,2496;
18.05.2015;204,6096;
15.05.2015;205,6406;
13.05.2015;206,1424;
12.05.2015;205,9322;
11.05.2015;206,0459;
08.05.2015;205,9542;
07.05.2015;204,6902;
06.05.2015;204,1025;
05.05.2015;204,3056;
04.05.2015;204,1483;
30.04.2015;204,1072;
29.04.2015;205,1393;
28.04.2015;205,4611;
27.04.2015;206,3380;
24.04.2015;206,4439;
22.04.2015;205,9162;
21.04.2015;206,2964;
20.04.2015;206,0970;
17.04.2015;205,4707;
16.04.2015;205,2258;
15.04.2015;205,4515;
14.04.2015;205,9273;
13.04.2015;206,1637;
10.04.2015;206,2671;
09.04.2015;205,9246;
08.04.2015;205,4487;
07.04.2015;205,4919;
01.04.2015;205,4091;
31.03.2015;205,1510;
30.03.2015;205,2659;
27.03.2015;205,8119;
26.03.2015;205,5622;
25.03.2015;205,7574;
24.03.2015;205,8693;
23.03.2015;206,7304;
20.03.2015;206,0343;
19.03.2015;206,2317;
18.03.2015;205,3287;
17.03.2015;205,2598;
16.03.2015;206,2670;
13.03.2015;206,2421;
12.03.2015;207,0175;
11.03.2015;207,0483;
10.03.2015;206,9201;
09.03.2015;206,8296;
06.03.2015;206,7242;
05.03.2015;206,7360;
04.03.2015;206,3893;
03.03.2015;206,3685;
02.03.2015;206,2149;
27.02.2015;206,0456;
26.02.2015;205,9297;
25.02.2015;206,0842;
24.02.2015;206,1815;
23.02.2015;205,8404;
20.02.2015;206,0756;
19.02.2015;205,6988;
18.02.2015;206,1224;
17.02.2015;206,0112;
16.02.2015;205,6353;
13.02.2015;205,2015;
12.02.2015;205,4015;
11.02.2015;205,9147;
10.02.2015;206,2618;
09.02.2015;205,8119;
06.02.2015;205,8932;
05.02.2015;205,6510;
04.02.2015;205,9580;
03.02.2015;206,5220;
02.02.2015;206,4300;
30.01.2015;206,6062;
29.01.2015;207,5401;
28.01.2015;207,6133;
27.01.2015;208,2801;
26.01.2015;209,1418;
23.01.2015;209,4282;
22.01.2015;208,7710;
21.01.2015;208,5251;
20.01.2015;208,4542;
19.01.2015;208,8135;
16.01.2015;208,5908;
15.01.2015;208,1350;
14.01.2015;206,7475;
13.01.2015;206,8797;
12.01.2015;206,9868;
09.01.2015;207,0571;
08.01.2015;207,1919;
07.01.2015;206,8390;
06.01.2015;206,4817;
05.01.2015;206,7727;
02.01.2015;206,8194;
31.12.2014;206,5807;
30.12.2014;206,6338;
29.12.2014;206,4990;
23.12.2014;206,7736;
22.12.2014;206,9552;
19.12.2014;206,9884;
18.12.2014;206,2395;
17.12.2014;204,6995;
16.12.2014;203,2348;
15.12.2014;204,4922;
12.12.2014;204,4799;
11.12.2014;204,9275;
10.12.2014;205,4118;
09.12.2014;205,6550;
08.12.2014;206,1670;
05.12.2014;205,3487;
04.12.2014;206,3822;
03.12.2014;206,2285;
02.12.2014;206,1736;
01.12.2014;206,2438;
28.11.2014;206,6950;
27.11.2014;207,1787;
26.11.2014;207,4649;
25.11.2014;208,0374;
24.11.2014;208,0655;
21.11.2014;207,1261;
20.11.2014;207,2275;
19.11.2014;207,5760;
18.11.2014;207,7386;
17.11.2014;208,1008;
14.11.2014;208,6041;
13.11.2014;208,2936;
12.11.2014;208,3445;
11.11.2014;208,4724;
10.11.2014;208,0716;
07.11.2014;207,7324;
06.11.2014;207,9073;
05.11.2014;206,7656;
04.11.2014;206,9170;
03.11.2014;206,8494;
31.10.2014;206,9265;
30.10.2014;207,1332;
29.10.2014;207,0822;
28.10.2014;207,1342;
27.10.2014;207,0259;
24.10.2014;206,8576;
23.10.2014;206,7526;
22.10.2014;206,4479;
21.10.2014;206,5428;
20.10.2014;206,5420;
17.10.2014;206,2228;
16.10.2014;206,4786;
15.10.2014;206,4484;
14.10.2014;207,0413;
13.10.2014;207,7059;
10.10.2014;206,9496;
09.10.2014;206,7428;
08.10.2014;206,3341;
07.10.2014;206,8306;
06.10.2014;206,6580;
03.10.2014;207,1420;
02.10.2014;207,2214;
01.10.2014;207,4185;
30.09.2014;207,5782;
29.09.2014;207,1318;
26.09.2014;207,1887;
25.09.2014;207,4567;
24.09.2014;208,0191;
23.09.2014;208,1730;
22.09.2014;208,3686;
19.09.2014;208,0408;
18.09.2014;207,9234;
17.09.2014;206,8865;
16.09.2014;206,7698;
15.09.2014;207,1162;
12.09.2014;207,8931;
11.09.2014;208,0718;
10.09.2014;206,8987;
09.09.2014;207,4823;
08.09.2014;207,2106;
05.09.2014;207,6583;
04.09.2014;207,5027;
03.09.2014;207,2878;
02.09.2014;207,5524;
01.09.2014;207,3701;
29.08.2014;207,0374;
28.08.2014;207,3472;
27.08.2014;207,5277;
26.08.2014;207,0887;
25.08.2014;207,1900;
22.08.2014;207,0350;
21.08.2014;207,4727;
20.08.2014;207,5225;
19.08.2014;207,5125;
18.08.2014;207,4062;
15.08.2014;207,3317;
14.08.2014;207,7486;
13.08.2014;207,6269;
12.08.2014;207,7524;
11.08.2014;207,4789;
08.08.2014;206,7817;
07.08.2014;206,5600;
06.08.2014;206,1515;
05.08.2014;206,1360;
01.08.2014;206,3194;
31.07.2014;206,3180;
30.07.2014;206,5651;
29.07.2014;206,6576;
28.07.2014;207,2582;
25.07.2014;207,3554;
24.07.2014;207,8908;
23.07.2014;207,8420;
22.07.2014;207,4811;
21.07.2014;207,0064;
18.07.2014;207,0753;
17.07.2014;206,9759;
16.07.2014;207,0656;
15.07.2014;207,1972;
14.07.2014;207,0984;
11.07.2014;206,9388;
10.07.2014;207,2628;
09.07.2014;207,1758;
08.07.2014;206,9196;
07.07.2014;205,4972;
04.07.2014;205,6931;
03.07.2014;205,3332;
02.07.2014;205,6048;
01.07.2014;205,3154;
30.06.2014;205,3664;
27.06.2014;206,0103;
26.06.2014;206,0076;
25.06.2014;206,6190;
24.06.2014;206,9647;
23.06.2014;206,7056;
20.06.2014;206,6312;
19.06.2014;206,9942;
18.06.2014;207,0666;
16.06.2014;207,2028;
13.06.2014;207,2656;
12.06.2014;207,3037;
11.06.2014;207,2763;
10.06.2014;206,6682;
06.06.2014;205,7832;
05.06.2014;205,7916;
04.06.2014;205,7152;
03.06.2014;205,6743;
02.06.2014;205,9045;
30.05.2014;205,2650;
28.05.2014;205,5058;
27.05.2014;206,1405;
26.05.2014;206,2976;
23.05.2014;205,8025;
22.05.2014;205,8336;
21.05.2014;205,8868;
20.05.2014;205,8380;
19.05.2014;205,7168;
16.05.2014;205,6305;
15.05.2014;206,1032;
14.05.2014;207,1043;
13.05.2014;207,3777;
12.05.2014;207,3571;
09.05.2014;207,1877;
08.05.2014;206,4153;
07.05.2014;206,2545;
06.05.2014;206,0902;
05.05.2014;205,3437;
02.05.2014;205,4500;
30.04.2014;205,7258;
29.04.2014;205,4980;
28.04.2014;205,6258;
25.04.2014;205,7666;
23.04.2014;205,2177;
22.04.2014;205,2296;
16.04.2014;205,1528;
15.04.2014;205,5432;
14.04.2014;205,4433;
11.04.2014;205,2892;
10.04.2014;205,8506;
09.04.2014;205,6506;
08.04.2014;205,7975;
07.04.2014;206,0877;
04.04.2014;206,0847;
03.04.2014;205,8868;
02.04.2014;205,9069;
01.04.2014;206,2256;
31.03.2014;205,9294;
28.03.2014;206,0625;
27.03.2014;206,1805;
26.03.2014;207,0170;
25.03.2014;207,5043;
24.03.2014;207,0660;
21.03.2014;207,3244;
20.03.2014;207,4962;
19.03.2014;207,6503;
18.03.2014;207,2342;
17.03.2014;206,3464;
14.03.2014;206,3606;
13.03.2014;206,5364;
12.03.2014;206,5355;
11.03.2014;205,9952;
10.03.2014;205,3943;
07.03.2014;205,3700;
06.03.2014;205,7441;
05.03.2014;205,6348;
04.03.2014;205,6470;
03.03.2014;205,2531;
28.02.2014;205,6952;
27.02.2014;206,3411;
26.02.2014;206,3412;
25.02.2014;206,7837;
24.02.2014;206,3371;
21.02.2014;206,3220;
20.02.2014;206,4001;
19.02.2014;206,1570;
18.02.2014;206,2659;
17.02.2014;206,2747;
14.02.2014;206,3229;
13.02.2014;206,3360;
12.02.2014;207,1960;
11.02.2014;207,3411;
10.02.2014;207,8811;
07.02.2014;207,8675;
06.02.2014;208,0857;
05.02.2014;207,8918;
04.02.2014;207,5770;
03.02.2014;207,8637;
31.01.2014;208,3546;
30.01.2014;208,1594;
29.01.2014;208,3928;
28.01.2014;208,0417;
27.01.2014;208,1137;
24.01.2014;208,3754;
23.01.2014;209,0814;
22.01.2014;209,2076;
21.01.2014;209,0757;
20.01.2014;209,6242;
17.01.2014;209,3528;
16.01.2014;209,2205;
15.01.2014;209,6135;
14.01.2014;209,5279;
13.01.2014;212,0897;
10.01.2014;211,3867;
09.01.2014;211,6003;
08.01.2014;210,8420;
07.01.2014;210,3581;
06.01.2014;210,0808;
03.01.2014;209,6438;
02.01.2014;210,0635;
31.12.2013;210,1080;
30.12.2013;210,5447;
27.12.2013;210,7540;
23.12.2013;211,1114;
20.12.2013;211,2552;
19.12.2013;212,0357;
18.12.2013;212,0354;
17.12.2013;212,3824;
16.12.2013;212,6381;
13.12.2013;213,1817;
12.12.2013;213,1431;
11.12.2013;214,1938;
10.12.2013;214,1365;
09.12.2013;214,6479;
06.12.2013;214,7827;
05.12.2013;215,8154;
04.12.2013;215,8707;
03.12.2013;216,2094;
02.12.2013;216,3609;
29.11.2013;216,3239;
28.11.2013;216,8629;
27.11.2013;218,7735;
26.11.2013;218,8369;
25.11.2013;219,5495;
22.11.2013;219,3922;
21.11.2013;219,1861;
20.11.2013;218,8605;
19.11.2013;218,7803;
18.11.2013;218,0866;
15.11.2013;218,6003;
14.11.2013;220,0757;
13.11.2013;220,0452;
12.11.2013;219,6730;
11.11.2013;219,2320;
08.11.2013;219,7708;
07.11.2013;219,8264;
06.11.2013;219,8299;
05.11.2013;219,8528;
04.11.2013;219,6471;
01.11.2013;219,0655;
31.10.2013;219,2102;
30.10.2013;220,3321;
29.10.2013;220,4406;
28.10.2013;220,5297;
25.10.2013;220,1978;
24.10.2013;220,4735;
23.10.2013;220,5809;
22.10.2013;220,1806;
21.10.2013;219,3933;
18.10.2013;219,2106;
17.10.2013;218,7316;
16.10.2013;218,8001;
15.10.2013;219,1396;
14.10.2013;220,6969;
11.10.2013;220,8842;
10.10.2013;220,5338;
09.10.2013;220,5138;
08.10.2013;219,9766;
07.10.2013;219,4416;
04.10.2013;219,3140;
03.10.2013;219,9203;
02.10.2013;219,3925;
01.10.2013;218,3476;
30.09.2013;218,8366;
27.09.2013;219,0742;
26.09.2013;219,6804;
25.09.2013;219,7404;
24.09.2013;218,6830;
23.09.2013;217,4873;
20.09.2013;216,9789;
19.09.2013;217,3544;
18.09.2013;217,5844;
17.09.2013;218,2049;
16.09.2013;217,9703;
13.09.2013;217,9712;
12.09.2013;217,0017;
11.09.2013;216,8137;
10.09.2013;216,1005;
09.09.2013;215,3366;
06.09.2013;215,2867;
05.09.2013;214,5949;
04.09.2013;214,2453;
03.09.2013;213,5218;
02.09.2013;212,6421;
30.08.2013;212,4122;
29.08.2013;213,7744;
28.08.2013;214,2470;
27.08.2013;214,6054;
26.08.2013;214,6751;
23.08.2013;214,4070;
22.08.2013;214,8394;
21.08.2013;214,9940;
20.08.2013;214,6328;
19.08.2013;214,6655;
16.08.2013;214,5173;
15.08.2013;215,2005;
14.08.2013;214,7427;
13.08.2013;212,9813;
12.08.2013;212,3527;
09.08.2013;211,9331;
08.08.2013;211,7534;
07.08.2013;211,4125;
06.08.2013;211,5704;
02.08.2013;211,3874;
01.08.2013;211,6288;
31.07.2013;212,0143;
30.07.2013;212,1661;
29.07.2013;214,1118;
26.07.2013;214,5698;
25.07.2013;215,2715;
24.07.2013;214,8169;
23.07.2013;214,3581;
22.07.2013;214,2282;
19.07.2013;214,4502;
18.07.2013;214,1696;
17.07.2013;213,6799;
16.07.2013;214,7025;
15.07.2013;215,6324;
12.07.2013;216,1071;
11.07.2013;217,9379;
10.07.2013;219,0279;
09.07.2013;219,5703;
08.07.2013;218,4361;
05.07.2013;218,1904;
04.07.2013;218,2901;
03.07.2013;218,3159;
02.07.2013;217,5077;
01.07.2013;217,0217;
28.06.2013;217,0176;
27.06.2013;217,4537;
26.06.2013;217,6917;
25.06.2013;218,0789;
24.06.2013;217,4205;
21.06.2013;217,4171;
20.06.2013;218,3511;
19.06.2013;216,1406;
18.06.2013;216,0778;
14.06.2013;216,7723;
13.06.2013;216,5807;
12.06.2013;216,6110;
11.06.2013;215,8714;
10.06.2013;216,0142;
07.06.2013;215,8465;
06.06.2013;216,0413;
05.06.2013;216,7025;
04.06.2013;216,5577;
03.06.2013;216,1236;
31.05.2013;216,3562;
30.05.2013;216,4509;
29.05.2013;216,6054;
28.05.2013;218,3988;
27.05.2013;218,0836;
24.05.2013;217,7684;
23.05.2013;216,9997;
22.05.2013;216,3581;
21.05.2013;216,2903;
17.05.2013;216,4571;
16.05.2013;216,0983;
15.05.2013;216,4796;
14.05.2013;216,4996;
13.05.2013;212,8443;
10.05.2013;210,7461;
08.05.2013;208,5036;
07.05.2013;207,4213;
06.05.2013;206,8504;
03.05.2013;207,1912;
02.05.2013;207,4078;
30.04.2013;208,1233;
29.04.2013;208,5106;
26.04.2013;207,6986;
24.04.2013;207,1194;
23.04.2013;207,2419;
22.04.2013;207,5159;
19.04.2013;207,5737;
18.04.2013;209,5885;
17.04.2013;209,7224;
16.04.2013;209,8362;
15.04.2013;211,0469;
12.04.2013;211,8293;
11.04.2013;211,9397;
10.04.2013;211,5334;
09.04.2013;211,6002;
08.04.2013;211,4700;
05.04.2013;213,6620;
04.04.2013;216,7058;
03.04.2013;217,3055;
02.04.2013;217,2335;
27.03.2013;218,6558;
26.03.2013;218,6551;
25.03.2013;218,4940;
22.03.2013;218,9192;
21.03.2013;221,1783;
20.03.2013;222,4148;
19.03.2013;222,1683;
18.03.2013;222,1394;
15.03.2013;221,9948;
14.03.2013;223,9886;
13.03.2013;224,5365;
12.03.2013;224,3131;
11.03.2013;224,3274;
08.03.2013;224,3392;
07.03.2013;222,6837;
06.03.2013;222,2761;
05.03.2013;221,6994;
04.03.2013;221,2664;
01.03.2013;220,7364;
28.02.2013;224,5106;
27.02.2013;225,1644;
26.02.2013;226,4019;
25.02.2013;227,2552;
22.02.2013;228,0274;
21.02.2013;232,7147;
20.02.2013;233,4390;
19.02.2013;234,2163;
18.02.2013;234,3378;
15.02.2013;233,9690;
14.02.2013;233,6419;
13.02.2013;233,3760;
12.02.2013;233,3117;
11.02.2013;234,1744;
08.02.2013;232,8524;
07.02.2013;232,4717;
06.02.2013;232,3245;
05.02.2013;232,2650;
04.02.2013;231,8559;
01.02.2013;232,6852;
31.01.2013;232,4241;
30.01.2013;235,6141;
29.01.2013;234,8823;
28.01.2013;234,0821;
25.01.2013;234,3062;
24.01.2013;234,0858;
23.01.2013;233,7175;
22.01.2013;232,5396;
21.01.2013;232,6618;
18.01.2013;233,9800;
17.01.2013;233,9518;
16.01.2013;233,7947;
15.01.2013;233,7218;
14.01.2013;233,2593;
11.01.2013;233,1558;
10.01.2013;232,7673;
09.01.2013;232,2464;
08.01.2013;231,9045;
07.01.2013;232,1742;
04.01.2013;232,1886;
03.01.2013;231,8565;
02.01.2013;231,6636;
31.12.2012;232,6864;
28.12.2012;232,8427;
27.12.2012;230,8979;
21.12.2012;228,8443;
20.12.2012;227,3988;
19.12.2012;227,5985;
18.12.2012;227,7614;
17.12.2012;227,8393;
14.12.2012;227,2685;
13.12.2012;227,7617;
12.12.2012;227,7182;
11.12.2012;226,1218;
10.12.2012;225,8138;
07.12.2012;225,2142;
06.12.2012;224,6853;
05.12.2012;224,4508;
04.12.2012;224,4161;
03.12.2012;224,6862;
30.11.2012;224,6246;
29.11.2012;224,8761;
28.11.2012;224,6407;
27.11.2012;224,7662;
26.11.2012;224,4407;
23.11.2012;224,2714;
22.11.2012;224,3673;
21.11.2012;224,5218;
20.11.2012;224,0674;
19.11.2012;224,0496;
16.11.2012;226,7665;
15.11.2012;227,9352;
14.11.2012;227,4635;
13.11.2012;227,2937;
12.11.2012;227,1075;
09.11.2012;227,0773;
08.11.2012;226,3703;
07.11.2012;225,8279;
06.11.2012;225,5107;
05.11.2012;225,2804;
02.11.2012;225,2689;
01.11.2012;225,3397;
31.10.2012;227,5538;
30.10.2012;227,2030;
29.10.2012;226,7997;
26.10.2012;227,1703;
25.10.2012;226,6574;
24.10.2012;225,0384;
23.10.2012;224,2188;
22.10.2012;223,2333;
19.10.2012;222,8171;
18.10.2012;221,2794;
17.10.2012;220,6260;
16.10.2012;220,1724;
15.10.2012;219,7047;
12.10.2012;219,5088;
11.10.2012;218,9192;
10.10.2012;218,6919;
09.10.2012;218,1636;
08.10.2012;218,2664;
05.10.2012;219,0572;
04.10.2012;219,2046;
03.10.2012;219,4802;
02.10.2012;220,7498;
01.10.2012;220,8449;
28.09.2012;221,2957;
27.09.2012;221,9655;
26.09.2012;221,8382;
25.09.2012;221,6366;
24.09.2012;221,3986;
21.09.2012;221,2413;
20.09.2012;221,0238;
19.09.2012;220,2472;
18.09.2012;219,3818;
17.09.2012;218,7525;
14.09.2012;218,0412;
13.09.2012;217,5117;
12.09.2012;216,9642;
11.09.2012;216,7862;
10.09.2012;216,5205;
07.09.2012;216,5843;
06.09.2012;215,9237;
05.09.2012;214,9717;
04.09.2012;214,7261;
03.09.2012;214,2809;
31.08.2012;213,5922;
30.08.2012;213,6760;
29.08.2012;212,8747;
28.08.2012;212,1508;
27.08.2012;211,4651;
24.08.2012;210,5519;
23.08.2012;207,9372;
22.08.2012;207,0094;
21.08.2012;207,2653;
20.08.2012;206,9568;
17.08.2012;206,8445;
16.08.2012;206,8567;
15.08.2012;206,7998;
14.08.2012;206,8810;
13.08.2012;206,5429;
10.08.2012;206,4053;
09.08.2012;206,5700;
08.08.2012;206,7441;
07.08.2012;206,7951;
03.08.2012;207,1088;
02.08.2012;207,4956;
01.08.2012;207,4861;
31.07.2012;208,1171;
30.07.2012;209,0575;
27.07.2012;210,5496;
26.07.2012;211,8093;
25.07.2012;211,6399;
24.07.2012;211,7950;
23.07.2012;212,0317;
20.07.2012;213,9849;
19.07.2012;215,8208;
18.07.2012;215,9002;
17.07.2012;217,6444;
16.07.2012;219,9663;
13.07.2012;220,0518;
12.07.2012;219,6861;
11.07.2012;219,8372;
10.07.2012;219,7741;
09.07.2012;219,9017;
06.07.2012;220,2326;
05.07.2012;220,3701;
04.07.2012;219,5859;
03.07.2012;218,9581;
02.07.2012;218,5337;
29.06.2012;218,5680;
28.06.2012;218,5072;
27.06.2012;218,5174;
26.06.2012;218,7869;
25.06.2012;218,6836;
22.06.2012;218,6679;
21.06.2012;218,5737;
20.06.2012;218,3935;
19.06.2012;218,2761;
18.06.2012;218,4563;
15.06.2012;220,5323;
14.06.2012;222,2879;
13.06.2012;224,0051;
12.06.2012;223,8744;
11.06.2012;223,8716;
08.06.2012;223,4200;
07.06.2012;223,0019;
06.06.2012;223,0673;
05.06.2012;223,0451;
04.06.2012;223,0504;
01.06.2012;223,5933;
31.05.2012;224,7874;
30.05.2012;225,0427;
29.05.2012;225,1433;
25.05.2012;224,6096;
24.05.2012;224,2692;
23.05.2012;223,2957;
22.05.2012;223,3492;
21.05.2012;223,2474;
18.05.2012;224,0173;
16.05.2012;224,0711;
15.05.2012;224,1046;
14.05.2012;224,3802;
11.05.2012;223,8627;
10.05.2012;223,8083;
09.05.2012;223,4809;
08.05.2012;223,5773;
07.05.2012;223,7092;
04.05.2012;223,6418;
03.05.2012;225,3684;
02.05.2012;226,7310;
30.04.2012;228,1331;
27.04.2012;228,0030;
26.04.2012;228,2402;
25.04.2012;228,1580;
24.04.2012;228,5278;
23.04.2012;228,4086;
20.04.2012;228,5814;
18.04.2012;228,8708;
17.04.2012;228,8310;
16.04.2012;229,0383;
13.04.2012;229,1083;
12.04.2012;229,1315;
11.04.2012;229,2953;
10.04.2012;230,4240;
04.04.2012;229,8427;
03.04.2012;230,4132;
02.04.2012;230,4445;
30.03.2012;230,4448;
29.03.2012;230,5318;
28.03.2012;230,6463;
27.03.2012;230,5082;
26.03.2012;229,2792;
23.03.2012;228,2156;
22.03.2012;227,9468;
21.03.2012;227,7596;
20.03.2012;227,7226;
19.03.2012;228,3317;
16.03.2012;228,4680;
15.03.2012;228,4399;
14.03.2012;228,6072;
13.03.2012;228,3162;
12.03.2012;227,3587;
09.03.2012;227,1664;
08.03.2012;226,9925;
07.03.2012;226,4381;
06.03.2012;227,6375;
05.03.2012;228,9406;
02.03.2012;228,9994;
01.03.2012;229,0037;
29.02.2012;229,0936;
28.02.2012;228,9235;
27.02.2012;228,4589;
24.02.2012;226,8634;
23.02.2012;226,3676;
22.02.2012;224,7893;
21.02.2012;224,3517;
20.02.2012;223,1602;
17.02.2012;223,2186;
16.02.2012;222,4663;
15.02.2012;222,3379;
14.02.2012;222,1054;
13.02.2012;221,9901;
10.02.2012;221,9666;
09.02.2012;222,0098;
08.02.2012;222,0151;
07.02.2012;222,2476;
06.02.2012;222,5256;
03.02.2012;222,0700;
02.02.2012;222,2042;
01.02.2012;222,0485;
31.01.2012;222,0410;
30.01.2012;221,8584;
27.01.2012;221,7460;
26.01.2012;221,1523;
25.01.2012;221,1020;
24.01.2012;220,8717;
23.01.2012;220,6240;
20.01.2012;220,3920;
19.01.2012;220,2000;
18.01.2012;219,7060;
17.01.2012;219,7834;
16.01.2012;219,6613;
13.01.2012;219,1822;
12.01.2012;218,9174;
11.01.2012;218,6250;
10.01.2012;217,9961;
09.01.2012;217,5827;
06.01.2012;217,7061;
05.01.2012;217,6361;
04.01.2012;217,7503;
03.01.2012;217,4665;
02.01.2012;217,3760;
30.12.2011;217,2815;
29.12.2011;217,7965;
28.12.2011;218,5529;
27.12.2011;218,4696;
23.12.2011;218,7178;
22.12.2011;218,6927;
21.12.2011;218,7225;
20.12.2011;218,4892;
19.12.2011;217,6242;
16.12.2011;217,1696;
15.12.2011;217,0188;
14.12.2011;215,9155;
13.12.2011;215,8242;
12.12.2011;215,6893;
09.12.2011;215,4886;
08.12.2011;215,8780;
07.12.2011;215,7554;
06.12.2011;215,9724;
05.12.2011;215,8473;
02.12.2011;215,8536;
01.12.2011;215,9261;
30.11.2011;216,1294;
29.11.2011;215,9049;
28.11.2011;215,7933;
25.11.2011;216,0112;
24.11.2011;215,3255;
23.11.2011;215,4797;
22.11.2011;215,1548;
21.11.2011;215,1552;
18.11.2011;214,7139;
17.11.2011;214,6795;
16.11.2011;214,3753;
15.11.2011;214,7164;
14.11.2011;214,2978;
11.11.2011;214,4918;
10.11.2011;214,2409;
09.11.2011;213,9484;
08.11.2011;213,0869;
07.11.2011;212,8619;
04.11.2011;213,1559;
03.11.2011;213,1922;
02.11.2011;213,4450;
01.11.2011;213,5906;
31.10.2011;213,8632;
28.10.2011;214,1307;
27.10.2011;213,6068;
26.10.2011;213,7106;
25.10.2011;214,0879;
24.10.2011;214,0103;
21.10.2011;214,4146;
20.10.2011;214,3923;
19.10.2011;213,9818;
18.10.2011;213,8527;
17.10.2011;214,3515;
14.10.2011;214,3685;
13.10.2011;213,7009;
12.10.2011;213,7927;
11.10.2011;213,7056;
10.10.2011;213,1997;
07.10.2011;213,6772;
06.10.2011;214,3530;
05.10.2011;214,0346;
04.10.2011;213,5788;
03.10.2011;213,9700;
30.09.2011;214,5985;
29.09.2011;214,9111;
28.09.2011;215,5386;
27.09.2011;215,3666;
26.09.2011;214,6272;
23.09.2011;214,1230;
22.09.2011;214,8818;
21.09.2011;215,1126;
20.09.2011;215,1035;
19.09.2011;215,1898;
16.09.2011;215,4703;
15.09.2011;215,7548;
14.09.2011;216,2534;
13.09.2011;216,3668;
12.09.2011;217,0753;
09.09.2011;217,9881;
08.09.2011;218,0515;
07.09.2011;218,9821;
06.09.2011;218,6512;
05.09.2011;219,0053;
02.09.2011;218,6882;
01.09.2011;218,4457;
31.08.2011;218,4228;
30.08.2011;219,2295;
29.08.2011;219,1155;
26.08.2011;219,4525;
25.08.2011;219,3521;
24.08.2011;218,7600;
23.08.2011;218,6749;
22.08.2011;218,6734;
19.08.2011;218,9034;
18.08.2011;218,9644;
17.08.2011;218,7387;
16.08.2011;219,0304;
15.08.2011;219,1312;
12.08.2011;219,4237;
11.08.2011;219,8214;
10.08.2011;220,1187;
09.08.2011;220,3138;
08.08.2011;220,7273;
05.08.2011;220,8282;
04.08.2011;221,0716;
03.08.2011;221,3388;
02.08.2011;221,8733;
29.07.2011;221,7715;
28.07.2011;221,9568;
27.07.2011;221,6984;
26.07.2011;221,7504;
25.07.2011;221,7692;
22.07.2011;221,7849;
21.07.2011;221,6879;
20.07.2011;222,1676;
19.07.2011;222,3404;
18.07.2011;222,4895;
15.07.2011;222,3472;
14.07.2011;222,0780;
13.07.2011;220,8755;
12.07.2011;220,9719;
11.07.2011;221,1646;
08.07.2011;221,3763;
07.07.2011;221,2635;
06.07.2011;220,3006;
05.07.2011;220,3497;
04.07.2011;220,1547;
01.07.2011;219,9611;
30.06.2011;220,0729;
29.06.2011;220,2129;
28.06.2011;220,4307;
27.06.2011;220,4489;
24.06.2011;220,6625;
23.06.2011;220,3572;
22.06.2011;219,6622;
21.06.2011;219,8712;
20.06.2011;220,0805;
16.06.2011;220,5547;
15.06.2011;221,4443;
14.06.2011;221,0103;
10.06.2011;220,6298;
09.06.2011;220,7145;
08.06.2011;220,6492;
07.06.2011;220,6690;
06.06.2011;220,6628;
03.06.2011;220,5515;
01.06.2011;220,7478;
31.05.2011;221,1370;
30.05.2011;220,9840;
27.05.2011;220,7817;
26.05.2011;220,4435;
25.05.2011;220,3911;
24.05.2011;220,2309;
23.05.2011;220,0021;
20.05.2011;219,6112;
19.05.2011;219,2030;
18.05.2011;218,7623;
17.05.2011;218,7505;
16.05.2011;218,3872;
13.05.2011;218,9328;
12.05.2011;218,9530;
11.05.2011;218,5230;
10.05.2011;218,4797;
09.05.2011;218,4551;
06.05.2011;217,9990;
05.05.2011;218,1827;
04.05.2011;218,5963;
03.05.2011;218,2839;
02.05.2011;218,2483;
29.04.2011;218,1875;
28.04.2011;218,0253;
27.04.2011;218,6112;
26.04.2011;218,4052;
20.04.2011;217,9400;
19.04.2011;216,9294;
18.04.2011;217,3530;
15.04.2011;217,2144;
14.04.2011;216,8777;
13.04.2011;216,5946;
12.04.2011;216,0959;
11.04.2011;215,9024;
08.04.2011;215,8229;
07.04.2011;215,9296;
06.04.2011;215,9974;
05.04.2011;216,3759;
04.04.2011;216,0842;
01.04.2011;216,2161;
31.03.2011;216,0697;
30.03.2011;216,2504;
29.03.2011;216,1905;
28.03.2011;216,0046;
25.03.2011;215,9525;
24.03.2011;216,0165;
23.03.2011;216,0780;
22.03.2011;216,1012;
21.03.2011;216,2147;
18.03.2011;215,7971;
17.03.2011;216,0823;
16.03.2011;216,1298;
15.03.2011;216,2044;
14.03.2011;216,4764;
11.03.2011;216,8927;
10.03.2011;217,2387;
09.03.2011;217,2730;
08.03.2011;217,0715;
07.03.2011;216,3654;
04.03.2011;216,2332;
03.03.2011;216,4458;
02.03.2011;216,2880;
01.03.2011;216,3990;
28.02.2011;216,2984;
25.02.2011;215,9696;
24.02.2011;216,3144;
23.02.2011;216,7003;
22.02.2011;216,7549;
21.02.2011;215,9324;
18.02.2011;215,9831;
17.02.2011;215,6894;
16.02.2011;215,3237;
15.02.2011;215,1426;
14.02.2011;214,6491;
11.02.2011;214,4838;
10.02.2011;214,1825;
09.02.2011;213,9832;
08.02.2011;213,4015;
07.02.2011;213,3257;
04.02.2011;213,8169;
03.02.2011;213,6789;
02.02.2011;213,6247;
01.02.2011;213,9312;
31.01.2011;213,3710;
28.01.2011;213,2331;
27.01.2011;214,0137;
26.01.2011;213,9908;
25.01.2011;214,3509;
24.01.2011;214,6711;
21.01.2011;213,6007;
20.01.2011;213,9525;
19.01.2011;213,5641;
18.01.2011;212,9103;
17.01.2011;211,1042;
14.01.2011;210,4698;
13.01.2011;210,3796;
12.01.2011;210,7263;
11.01.2011;209,6482;
10.01.2011;208,7934;
07.01.2011;208,4737;
06.01.2011;208,4684;
05.01.2011;208,4613;
04.01.2011;208,0194;
03.01.2011;208,3680;
31.12.2010;208,0395;
30.12.2010;208,0272;
29.12.2010;207,9869;
28.12.2010;207,8366;
27.12.2010;207,5969;
23.12.2010;208,2607;
22.12.2010;208,2599;
21.12.2010;208,2003;
20.12.2010;208,2445;
17.12.2010;208,2164;
16.12.2010;208,1869;
15.12.2010;208,6391;
14.12.2010;206,8120;
13.12.2010;206,2638;
10.12.2010;205,5601;
09.12.2010;205,3220;
08.12.2010;204,8599;
07.12.2010;205,0188;
06.12.2010;205,1709;
03.12.2010;205,7989;
02.12.2010;205,8894;
01.12.2010;206,1870;
30.11.2010;206,7345;
29.11.2010;206,3179;
26.11.2010;205,8533;
25.11.2010;205,5432;
24.11.2010;205,3942;
23.11.2010;205,2399;
22.11.2010;205,2028;
19.11.2010;205,0941;
18.11.2010;205,0938;
17.11.2010;205,0245;
16.11.2010;205,0921;
15.11.2010;205,0200;
12.11.2010;205,0163;
11.11.2010;205,2081;
10.11.2010;204,9921;
09.11.2010;205,3617;
08.11.2010;205,2887;
05.11.2010;205,2034;
04.11.2010;204,8076;
03.11.2010;205,1355;
02.11.2010;205,3648;
01.11.2010;206,1161;
29.10.2010;206,1695;
28.10.2010;206,4749;
27.10.2010;207,0404;
26.10.2010;207,1290;
25.10.2010;207,4189;
22.10.2010;207,3695;
21.10.2010;207,2758;
20.10.2010;207,0029;
19.10.2010;206,6183;
18.10.2010;206,7045;
15.10.2010;206,6864;
14.10.2010;206,1859;
13.10.2010;205,9768;
12.10.2010;206,1003;
11.10.2010;205,1616;
08.10.2010;205,6473;
07.10.2010;205,1918;
06.10.2010;205,3375;
05.10.2010;205,8609;
04.10.2010;206,0834;
01.10.2010;206,3239;
30.09.2010;207,1175;
29.09.2010;206,8996;
28.09.2010;206,8471;
27.09.2010;206,8225;
24.09.2010;207,0469;
23.09.2010;207,1277;
22.09.2010;207,0302;
21.09.2010;207,0004;
20.09.2010;206,7108;
17.09.2010;206,6002;
16.09.2010;205,4984;
15.09.2010;205,3937;
14.09.2010;205,3572;
13.09.2010;205,3211;
10.09.2010;205,1526;
09.09.2010;205,1216;
08.09.2010;204,9937;
07.09.2010;204,8999;
06.09.2010;204,7359;
03.09.2010;206,0635;
02.09.2010;208,1647;
01.09.2010;207,9872;
31.08.2010;208,1661;
30.08.2010;208,3184;
27.08.2010;208,0143;
26.08.2010;207,4057;
25.08.2010;207,6481;
24.08.2010;207,8148;
23.08.2010;207,7698;
20.08.2010;207,6670;
19.08.2010;208,0051;
18.08.2010;207,8291;
17.08.2010;207,8108;
16.08.2010;207,4728;
13.08.2010;207,7438;
12.08.2010;207,6701;
11.08.2010;207,8611;
10.08.2010;208,3198;
09.08.2010;209,1935;
06.08.2010;209,3630;
05.08.2010;210,9248;
04.08.2010;211,2577;
03.08.2010;211,3234;
30.07.2010;211,0277;
29.07.2010;211,7042;
28.07.2010;211,4560;
27.07.2010;211,7775;
26.07.2010;212,9386;
23.07.2010;213,1390;
22.07.2010;213,1623;
21.07.2010;213,1219;
20.07.2010;213,1168;
19.07.2010;212,9970;
16.07.2010;213,1078;
15.07.2010;213,4087;
14.07.2010;213,4364;
13.07.2010;213,2056;
12.07.2010;213,1328;
09.07.2010;213,1422;
08.07.2010;212,8087;
07.07.2010;212,8236;
06.07.2010;212,8290;
05.07.2010;212,1282;
02.07.2010;212,4388;
01.07.2010;213,0657;
30.06.2010;213,6002;
29.06.2010;214,3946;
28.06.2010;214,0077;
25.06.2010;213,9261;
24.06.2010;214,1110;
23.06.2010;213,4732;
22.06.2010;213,2418;
21.06.2010;213,1912;
18.06.2010;213,0577;
16.06.2010;213,2678;
15.06.2010;213,3728;
14.06.2010;213,5542;
11.06.2010;213,9453;
10.06.2010;214,0770;
09.06.2010;213,7891;
08.06.2010;213,0161;
07.06.2010;212,9651;
04.06.2010;213,2596;
03.06.2010;213,0124;
02.06.2010;212,3634;
01.06.2010;213,8281;
31.05.2010;214,8821;
28.05.2010;216,0320;
27.05.2010;216,7195;
26.05.2010;216,3283;
25.05.2010;216,1122;
21.05.2010;215,1406;
20.05.2010;216,3056;
19.05.2010;217,8049;
18.05.2010;219,1626;
17.05.2010;220,9560;
14.05.2010;221,5501;
12.05.2010;220,4314;
11.05.2010;219,9993;
10.05.2010;219,6324;
07.05.2010;220,9651;
06.05.2010;221,5821;
05.05.2010;224,1545;
04.05.2010;225,8111;
03.05.2010;226,6555;
30.04.2010;226,3981;
29.04.2010;227,2832;
28.04.2010;227,4256;
27.04.2010;228,1417;
26.04.2010;228,1313;
23.04.2010;227,9324;
21.04.2010;226,9464;
20.04.2010;226,4244;
19.04.2010;226,2444;
16.04.2010;226,5039;
15.04.2010;226,3135;
14.04.2010;226,1766;
13.04.2010;226,3568;
12.04.2010;226,4107;
09.04.2010;227,5007;
08.04.2010;227,7405;
07.04.2010;227,8454;
06.04.2010;227,7037;
31.03.2010;228,1856;
30.03.2010;228,3393;
29.03.2010;228,2144;
26.03.2010;228,6246;
25.03.2010;229,1083;
24.03.2010;228,6156;
23.03.2010;227,5535;
22.03.2010;226,8353;
19.03.2010;227,0279;
18.03.2010;227,0257;
17.03.2010;226,9777;
16.03.2010;226,8832;
15.03.2010;227,4382;
12.03.2010;227,5494;
11.03.2010;229,0912;
10.03.2010;229,1865;
09.03.2010;229,3005;
08.03.2010;229,3348;
05.03.2010;229,3943;
04.03.2010;229,3455;
03.03.2010;229,1888;
02.03.2010;230,2753;
01.03.2010;229,9574;
26.02.2010;230,3644;
25.02.2010;230,4607;
24.02.2010;230,2354;
23.02.2010;230,2902;
22.02.2010;230,0148;
19.02.2010;230,1527;
18.02.2010;230,3209;
17.02.2010;230,4399;
16.02.2010;230,2580;
15.02.2010;231,6449;
12.02.2010;231,6931;
11.02.2010;231,6568;
10.02.2010;231,4567;
09.02.2010;231,3688;
08.02.2010;231,3540;
05.02.2010;231,2663;
04.02.2010;231,4830;
03.02.2010;231,4090;
02.02.2010;232,5214;
01.02.2010;232,4887;
29.01.2010;233,2631;
28.01.2010;234,8488;
27.01.2010;234,6257;
26.01.2010;234,2234;
25.01.2010;234,1054;
22.01.2010;234,4578;
21.01.2010;234,6610;
20.01.2010;234,6755;
19.01.2010;234,1440;
18.01.2010;234,0196;
15.01.2010;234,1070;
14.01.2010;233,7458;
13.01.2010;233,5319;
12.01.2010;233,1806;
11.01.2010;233,7015;
08.01.2010;234,3709;
07.01.2010;233,5491;
06.01.2010;233,2829;
05.01.2010;233,0576;
04.01.2010;232,7464;
31.12.2009;232,8087;
30.12.2009;233,2485;
29.12.2009;233,8552;
28.12.2009;234,5037;
23.12.2009;236,2781;
22.12.2009;237,4352;
21.12.2009;237,5858;
18.12.2009;237,2829;
17.12.2009;237,0144;
16.12.2009;237,1368;
15.12.2009;237,2324;
14.12.2009;236,9912;
11.12.2009;235,5121;
10.12.2009;235,6120;
09.12.2009;235,4865;
08.12.2009;235,4324;
07.12.2009;235,4530;
04.12.2009;235,0287;
03.12.2009;235,0268;
02.12.2009;234,8058;
01.12.2009;235,2255;
30.11.2009;235,2967;
27.11.2009;236,3851;
26.11.2009;235,9295;
25.11.2009;235,8811;
24.11.2009;235,8831;
23.11.2009;235,6188;
20.11.2009;236,6421;
19.11.2009;237,4682;
18.11.2009;237,5414;
17.11.2009;236,9670;
16.11.2009;235,9811;
13.11.2009;239,4267;
12.11.2009;239,4598;
11.11.2009;239,4573;
10.11.2009;238,8073;
09.11.2009;238,2186;
06.11.2009;238,8780;
05.11.2009;237,2181;
04.11.2009;236,5884;
03.11.2009;235,0221;
02.11.2009;237,7281;
30.10.2009;237,0451;
29.10.2009;237,2415;
28.10.2009;236,9091;
27.10.2009;236,6648;
26.10.2009;234,9504;
23.10.2009;235,6193;
22.10.2009;234,4794;
21.10.2009;235,0912;
20.10.2009;235,5092;
19.10.2009;236,2349;
16.10.2009;236,5554;
15.10.2009;235,2963;
14.10.2009;235,7422;
13.10.2009;236,0183;
12.10.2009;236,1548;
09.10.2009;237,1425;
08.10.2009;236,7845;
07.10.2009;235,4011;
06.10.2009;234,0817;
05.10.2009;234,0517;
02.10.2009;234,4279;
01.10.2009;233,0607;
30.09.2009;233,6339;
29.09.2009;234,2311;
28.09.2009;234,3656;
25.09.2009;235,6194;
24.09.2009;235,1243;
23.09.2009;234,7131;
22.09.2009;234,2540;
21.09.2009;233,5022;
18.09.2009;233,6852;
17.09.2009;234,4298;
16.09.2009;233,7331;
15.09.2009;233,7747;
14.09.2009;234,0401;
11.09.2009;233,6504;
10.09.2009;233,4870;
09.09.2009;233,0791;
08.09.2009;233,6536;
07.09.2009;233,9380;
04.09.2009;234,1407;
03.09.2009;234,6865;
02.09.2009;232,2556;
01.09.2009;231,4831;
31.08.2009;232,1682;
28.08.2009;233,4429;
27.08.2009;237,2866;
26.08.2009;239,3965;
25.08.2009;237,5985;
24.08.2009;237,1875;
21.08.2009;236,8424;
20.08.2009;238,0680;
19.08.2009;236,8155;
18.08.2009;235,7450;
17.08.2009;233,6588;
14.08.2009;233,4663;
13.08.2009;233,3937;
12.08.2009;234,4149;
11.08.2009;232,7695;
10.08.2009;232,8744;
07.08.2009;233,4168;
06.08.2009;233,4004;
05.08.2009;233,4509;
04.08.2009;234,0354;
31.07.2009;234,7495;
30.07.2009;236,2229;
29.07.2009;234,3028;
28.07.2009;232,0329;
27.07.2009;231,6460;
24.07.2009;231,4946;
23.07.2009;232,2425;
22.07.2009;230,8159;
21.07.2009;231,2568;
20.07.2009;232,2620;
17.07.2009;231,9364;
16.07.2009;231,8945;
15.07.2009;232,1129;
14.07.2009;231,3223;
13.07.2009;231,0038;
10.07.2009;232,9003;
09.07.2009;232,7694;
08.07.2009;233,2323;
07.07.2009;229,8460;
06.07.2009;229,1592;
03.07.2009;229,0491;
02.07.2009;230,4049;
01.07.2009;230,6407;
30.06.2009;231,7114;
29.06.2009;231,7807;
26.06.2009;231,1778;
25.06.2009;230,9257;
24.06.2009;232,3662;
23.06.2009;231,1964;
22.06.2009;231,9797;
19.06.2009;232,1747;
18.06.2009;229,8285;
16.06.2009;229,2700;
15.06.2009;230,3495;
12.06.2009;232,3527;
11.06.2009;232,9758;
10.06.2009;233,2347;
09.06.2009;229,5771;
08.06.2009;226,7495;
05.06.2009;223,2274;
04.06.2009;224,3050;
03.06.2009;222,3410;
02.06.2009;222,3495;
29.05.2009;224,4271;
28.05.2009;226,9356;
27.05.2009;227,2195;
26.05.2009;229,4539;
25.05.2009;229,6671;
22.05.2009;229,2536;
20.05.2009;226,7147;
19.05.2009;225,6970;
18.05.2009;221,0614;
15.05.2009;222,7204;
14.05.2009;223,4564;
13.05.2009;222,7042;
12.05.2009;221,1281;
11.05.2009;220,9198;
08.05.2009;218,6267;
07.05.2009;221,2651;
06.05.2009;219,2297;
05.05.2009;219,3041;
04.05.2009;220,0892;
30.04.2009;220,2074;
29.04.2009;221,0487;
28.04.2009;222,8131;
27.04.2009;223,0046;
24.04.2009;223,7098;
22.04.2009;220,3814;
21.04.2009;218,5641;
20.04.2009;218,5815;
17.04.2009;218,8236;
16.04.2009;218,0229;
15.04.2009;220,2170;
14.04.2009;220,1085;
08.04.2009;217,9489;
07.04.2009;216,0652;
06.04.2009;209,2984;
03.04.2009;206,6235;
02.04.2009;205,3256;
01.04.2009;208,6756;
31.03.2009;210,1561;
30.03.2009;206,9674;
27.03.2009;206,8150;
26.03.2009;205,6585;
25.03.2009;199,3109;
24.03.2009;199,3497;
23.03.2009;198,1739;
20.03.2009;198,4624;
19.03.2009;196,9051;
18.03.2009;194,1808;
17.03.2009;194,0912;
16.03.2009;189,8532;
13.03.2009;188,6303;
12.03.2009;185,1651;
11.03.2009;185,3227;
10.03.2009;185,2606;
09.03.2009;185,8807;
06.03.2009;186,5852;
05.03.2009;185,4545;
04.03.2009;187,1110;
03.03.2009;188,7388;
02.03.2009;188,7324;
27.02.2009;186,9482;
26.02.2009;187,0322;
25.02.2009;188,1176;
24.02.2009;188,8055;
23.02.2009;189,0103;
20.02.2009;188,7431;
19.02.2009;188,7051;
18.02.2009;188,5487;
17.02.2009;189,4866;
16.02.2009;192,5981;
13.02.2009;193,9278;
12.02.2009;193,2340;
11.02.2009;190,9179;
10.02.2009;190,9570;
09.02.2009;190,5979;
06.02.2009;192,2280;
05.02.2009;194,2991;
04.02.2009;195,9503;
03.02.2009;196,0424;
02.02.2009;193,3038;
30.01.2009;192,2771;
29.01.2009;194,1806;
28.01.2009;202,4606;
27.01.2009;205,6908;
26.01.2009;207,6327;
23.01.2009;210,8224;
22.01.2009;216,8161;
21.01.2009;217,0552;
20.01.2009;217,5554;
19.01.2009;219,5151;
16.01.2009;220,0204;
15.01.2009;220,0073;
14.01.2009;217,3127;
13.01.2009;218,2911;
12.01.2009;218,8114;
09.01.2009;220,2126;
08.01.2009;217,9812;
07.01.2009;216,2786;
06.01.2009;215,8869;
05.01.2009;215,4768;
02.01.2009;216,1348;
31.12.2008;216,4347;
30.12.2008;217,6513;
29.12.2008;227,7322;
23.12.2008;221,9159;
22.12.2008;217,6938;
19.12.2008;217,8022;
18.12.2008;207,9184;
17.12.2008;206,7566;
16.12.2008;202,4809;
15.12.2008;202,9217;
12.12.2008;203,3600;
11.12.2008;198,9408;
10.12.2008;194,6092;
09.12.2008;189,5059;
08.12.2008;195,0822;
05.12.2008;213,2234;
04.12.2008;241,9568;
03.12.2008;248,1724;
02.12.2008;248,1542;
01.12.2008;248,7470;
28.11.2008;242,1017;
27.11.2008;241,7384;
26.11.2008;239,2431;
25.11.2008;238,0300;
24.11.2008;235,6590;
21.11.2008;235,6400;
20.11.2008;234,6574;
19.11.2008;234,3859;
18.11.2008;231,9078;
17.11.2008;228,3052;
14.11.2008;227,2933;
13.11.2008;228,6755;
12.11.2008;229,2893;
11.11.2008;228,6746;
10.11.2008;221,4811;
07.11.2008;222,0362;
06.11.2008;221,8190;
05.11.2008;219,4260;
04.11.2008;220,2149;
03.11.2008;214,9293;
31.10.2008;206,5442;
30.10.2008;204,4848;
29.10.2008;204,5140;
28.10.2008;205,8209;
27.10.2008;204,2044;
24.10.2008;204,1494;
23.10.2008;201,5491;
22.10.2008;201,2385;
21.10.2008;200,5726;
20.10.2008;200,1431;
17.10.2008;200,5806;
16.10.2008;199,9439;
15.10.2008;198,9979;
14.10.2008;199,5527;
13.10.2008;199,6488;
10.10.2008;199,6356;
09.10.2008;191,5274;
08.10.2008;229,7580;
07.10.2008;181,4639;
06.10.2008;206,9194;
03.10.2008;206,7543;
02.10.2008;204,7783;
01.10.2008;201,5560;
30.09.2008;190,9582;
29.09.2008;187,4987;
26.09.2008;184,7598;
25.09.2008;178,1258;
24.09.2008;182,8885;
23.09.2008;180,8585;
22.09.2008;170,9687;
19.09.2008;173,3422;
18.09.2008;177,8276;
17.09.2008;173,0296;
16.09.2008;171,8064;
15.09.2008;171,2580;
12.09.2008;168,6179;
11.09.2008;167,7313;
10.09.2008;169,3156;
09.09.2008;166,5650;
08.09.2008;162,9532;
05.09.2008;165,0574;
04.09.2008;161,4316;
03.09.2008;160,7604;
02.09.2008;159,6266;
01.09.2008;160,4806;
29.08.2008;159,5175;
28.08.2008;159,0755;
27.08.2008;159,1133;
26.08.2008;159,6767;
25.08.2008;157,7314;
22.08.2008;157,9725;
21.08.2008;159,5650;
20.08.2008;159,2936;
19.08.2008;158,8247;
18.08.2008;157,8061;
15.08.2008;158,3393;
14.08.2008;157,4832;
13.08.2008;159,7388;
12.08.2008;159,5586;
11.08.2008;159,6103;
08.08.2008;162,9226;
07.08.2008;159,4015;
06.08.2008;157,8966;
05.08.2008;158,8333;
01.08.2008;160,0170;
31.07.2008;160,2287;
30.07.2008;161,3991;
29.07.2008;163,3152;
28.07.2008;167,1974;
25.07.2008;165,0571;
24.07.2008;162,8814;
23.07.2008;161,4861;
22.07.2008;162,0456;
21.07.2008;160,2784;
18.07.2008;161,8934;
17.07.2008;157,1230;
16.07.2008;160,0225;
15.07.2008;160,1943;
14.07.2008;156,6797;
11.07.2008;154,5354;
10.07.2008;153,1645;
09.07.2008;153,5466;
08.07.2008;156,3153;
07.07.2008;155,5617;
04.07.2008;156,7710;
03.07.2008;160,5822;
02.07.2008;160,0114;
01.07.2008;162,2568;
30.06.2008;161,7534;
27.06.2008;165,9089;
26.06.2008;163,6180;
25.06.2008;167,1335;
24.06.2008;170,1121;
23.06.2008;165,4428;
20.06.2008;162,3518;
19.06.2008;164,9120;
18.06.2008;160,8206;
16.06.2008;158,3232;
13.06.2008;158,1419;
12.06.2008;156,9079;
11.06.2008;156,1040;
10.06.2008;153,8974;
09.06.2008;153,6569;
06.06.2008;153,1214;
05.06.2008;154,4601;
04.06.2008;155,2419;
03.06.2008;154,3556;
02.06.2008;151,5369;
30.05.2008;150,2498;
29.05.2008;149,3194;
28.05.2008;148,9353;
27.05.2008;147,2367;
26.05.2008;147,0432;
23.05.2008;146,9500;
22.05.2008;148,4490;
21.05.2008;149,5661;
20.05.2008;149,7152;
19.05.2008;147,3515;
16.05.2008;148,6419;
15.05.2008;155,7466;
14.05.2008;159,6745;
13.05.2008;158,4635;
09.05.2008;159,0093;
08.05.2008;154,2058;
07.05.2008;154,2332;
06.05.2008;154,9696;
05.05.2008;153,6266;
02.05.2008;150,7239;
30.04.2008;150,1197;
29.04.2008;149,3198;
28.04.2008;148,2541;
25.04.2008;149,0001;
23.04.2008;151,2660;
22.04.2008;152,3396;
21.04.2008;153,6348;
18.04.2008;154,7919;
17.04.2008;151,7708;
16.04.2008;152,1695;
15.04.2008;152,3622;
14.04.2008;151,5986;
11.04.2008;149,1686;
10.04.2008;148,0944;
09.04.2008;146,2009;
08.04.2008;147,7507;
07.04.2008;146,9235;
04.04.2008;151,4313;
03.04.2008;151,2386;
02.04.2008;152,1332;
01.04.2008;156,2087;
31.03.2008;156,5927;
28.03.2008;158,8862;
27.03.2008;152,3571;
26.03.2008;155,7641;
25.03.2008;151,1846;
19.03.2008;158,6238;
18.03.2008;158,7710;
17.03.2008;153,3296;
14.03.2008;141,7081;
13.03.2008;142,5885;
12.03.2008;137,4542;
11.03.2008;137,2452;
10.03.2008;137,4305;
07.03.2008;136,7291;
06.03.2008;132,6972;
05.03.2008;131,6130;
04.03.2008;131,6291;
03.03.2008;131,9752;
29.02.2008;130,5197;
28.02.2008;129,3990;
27.02.2008;129,0887;
26.02.2008;129,0143;
25.02.2008;129,8637;
22.02.2008;130,5647;
21.02.2008;130,2129;
20.02.2008;129,8928;
19.02.2008;129,5087;
18.02.2008;129,1418;
15.02.2008;129,2517;
14.02.2008;129,0497;
13.02.2008;129,3250;
12.02.2008;131,4901;
11.02.2008;131,3805;
08.02.2008;129,3557;
07.02.2008;128,7836;
06.02.2008;127,1589;
05.02.2008;126,2550;
04.02.2008;125,9974;
01.02.2008;126,4613;
31.01.2008;127,0586;
30.01.2008;125,3641;
29.01.2008;125,6404;
28.01.2008;126,1790;
25.01.2008;126,0926;
24.01.2008;128,1827;
23.01.2008;127,7525;
22.01.2008;128,4751;
21.01.2008;126,4032;
18.01.2008;125,7633;
17.01.2008;126,2815;
16.01.2008;126,5755;
15.01.2008;124,8907;
14.01.2008;124,5053;
11.01.2008;122,1619;
10.01.2008;121,2011;
09.01.2008;121,8676;
08.01.2008;119,9998;
07.01.2008;119,8847;
04.01.2008;119,1985;
03.01.2008;121,5778;
31.12.2007;120,1981;
28.12.2007;120,0500;
27.12.2007;121,0576;
21.12.2007;121,3892;
20.12.2007;120,9623;
19.12.2007;120,7016;
18.12.2007;120,2732;
17.12.2007;121,2567;
14.12.2007;119,6009;
13.12.2007;117,9928;
12.12.2007;118,7316;
11.12.2007;118,7858;
10.12.2007;119,3066;
07.12.2007;119,1752;
06.12.2007;118,8218;
05.12.2007;120,8376;
04.12.2007;119,8002;
03.12.2007;119,4139;
30.11.2007;118,7786;
29.11.2007;119,3995;
28.11.2007;122,2666;
27.11.2007;123,1769;
26.11.2007;122,2858;
23.11.2007;122,5726;
22.11.2007;122,3851;
21.11.2007;121,8874;
20.11.2007;120,2352;
19.11.2007;117,9380;
16.11.2007;118,1326;
15.11.2007;117,3253;
14.11.2007;116,0854;
13.11.2007;117,4664;
12.11.2007;117,5418;
09.11.2007;117,1685;
08.11.2007;117,1827;
07.11.2007;114,1049;
06.11.2007;113,6516;
05.11.2007;114,0687;
02.11.2007;113,6482;
01.11.2007;113,0845;
31.10.2007;115,3056;
30.10.2007;115,9978;
29.10.2007;115,8135;
26.10.2007;115,9178;
25.10.2007;115,9971;
24.10.2007;115,6440;
23.10.2007;115,1601;
22.10.2007;116,7689;
19.10.2007;114,0761;
18.10.2007;114,0915;
17.10.2007;114,6880;
16.10.2007;115,2534;
15.10.2007;113,9791;
12.10.2007;113,9932;
11.10.2007;113,8004;
10.10.2007;114,2714;
09.10.2007;114,2830;
08.10.2007;114,8954;
05.10.2007;115,4924;
04.10.2007;116,0061;
03.10.2007;116,5627;
02.10.2007;116,9015;
01.10.2007;117,0740;
28.09.2007;117,1857;
27.09.2007;116,5359;
26.09.2007;117,0483;
25.09.2007;117,5780;
24.09.2007;117,5106;
21.09.2007;117,6536;
20.09.2007;118,2489;
19.09.2007;118,5365;
18.09.2007;120,8870;
17.09.2007;121,1916;
14.09.2007;119,7281;
13.09.2007;118,9223;
12.09.2007;119,8898;
11.09.2007;121,0423;
10.09.2007;121,0085;
07.09.2007;118,4898;
06.09.2007;118,5183;
05.09.2007;118,5440;
04.09.2007;118,7098;
03.09.2007;117,3232;
31.08.2007;116,2102;
30.08.2007;116,8667;
29.08.2007;118,1240;
28.08.2007;117,8552;
27.08.2007;117,4798;
24.08.2007;119,0225;
23.08.2007;117,3522;
22.08.2007;119,3399;
21.08.2007;122,4815;
20.08.2007;122,9389;
17.08.2007;125,6075;
16.08.2007;125,7538;
15.08.2007;122,3979;
14.08.2007;119,9847;
13.08.2007;120,7479;
10.08.2007;121,0945;
09.08.2007;118,2806;
08.08.2007;116,9333;
07.08.2007;116,9252;
03.08.2007;115,0105;
02.08.2007;115,4943;
01.08.2007;115,4417;
31.07.2007;112,4292;
30.07.2007;114,0652;
27.07.2007;113,0022;
26.07.2007;110,8057;
25.07.2007;110,2881;
24.07.2007;109,8448;
23.07.2007;110,5575;
20.07.2007;110,1062;
19.07.2007;110,0715;
18.07.2007;110,5926;
17.07.2007;111,2985;
16.07.2007;111,0832;
13.07.2007;111,1325;
12.07.2007;111,6647;
11.07.2007;111,9761;
10.07.2007;111,0306;
09.07.2007;111,6085;
06.07.2007;112,4089;
05.07.2007;113,7532;
04.07.2007;113,4774;
03.07.2007;113,7839;
02.07.2007;112,6912;
29.06.2007;113,1625;
28.06.2007;113,3905;
27.06.2007;114,0145;
26.06.2007;114,1601;
25.06.2007;113,6447;
22.06.2007;112,8807;
21.06.2007;112,4835;
20.06.2007;112,2162;
19.06.2007;112,1197;
18.06.2007;112,1643;
15.06.2007;112,7845;
14.06.2007;113,4344;
13.06.2007;114,0752;
12.06.2007;114,0176;
11.06.2007;115,0155;
08.06.2007;116,1659;
07.06.2007;113,7006;
06.06.2007;113,7206;
05.06.2007;114,1407;
04.06.2007;112,4623;
01.06.2007;111,5041;
31.05.2007;111,5033;
30.05.2007;112,2829;
29.05.2007;111,9613;
25.05.2007;112,5708;
24.05.2007;112,6885;
23.05.2007;112,3510;
22.05.2007;113,3096;
21.05.2007;114,6590;
18.05.2007;114,2206;
16.05.2007;114,7988;
15.05.2007;115,2991;
14.05.2007;115,7829;
11.05.2007;115,8494;
10.05.2007;115,7469;
09.05.2007;116,8728;
08.05.2007;116,5838;
07.05.2007;115,9168;
04.05.2007;116,0844;
03.05.2007;116,2179;
02.05.2007;116,7255;
30.04.2007;117,1546;
27.04.2007;117,7039;
26.04.2007;117,4274;
25.04.2007;117,3978;
24.04.2007;117,7134;
23.04.2007;117,5738;
20.04.2007;117,9927;
18.04.2007;118,7295;
17.04.2007;118,7806;
16.04.2007;118,7519;
13.04.2007;119,5182;
12.04.2007;119,2880;
11.04.2007;120,0315;
10.04.2007;120,7780;
04.04.2007;119,8030;
03.04.2007;119,2663;
02.04.2007;118,7759;
30.03.2007;118,0719;
29.03.2007;118,9959;
28.03.2007;118,9034;
27.03.2007;119,0054;
26.03.2007;119,1078;
23.03.2007;119,3348;
22.03.2007;119,4605;
21.03.2007;120,1118;
20.03.2007;119,7879;
19.03.2007;120,1078;
16.03.2007;120,4721;
15.03.2007;119,9682;
14.03.2007;120,6942;
13.03.2007;119,6520;
12.03.2007;119,8360;
09.03.2007;119,4272;
08.03.2007;119,1359;
07.03.2007;120,0360;
06.03.2007;120,4972;
05.03.2007;121,6725;
02.03.2007;119,0838;
01.03.2007;118,3908;
28.02.2007;119,9413;
27.02.2007;117,7616;
26.02.2007;116,6651;
23.02.2007;118,1356;
22.02.2007;117,9679;
21.02.2007;117,7828;
20.02.2007;117,7976;
19.02.2007;118,1985;
16.02.2007;119,5413;
15.02.2007;119,6823;
14.02.2007;119,7594;
13.02.2007;120,1873;
12.02.2007;119,8670;
09.02.2007;119,4524;
08.02.2007;119,9391;
07.02.2007;120,1980;
06.02.2007;120,5363;
05.02.2007;120,5705;
02.02.2007;121,0203;
01.02.2007;120,8468;
31.01.2007;120,2667;
30.01.2007;120,7983;
29.01.2007;121,2472;
26.01.2007;122,5096;
25.01.2007;121,3486;
24.01.2007;121,7610;
23.01.2007;121,7824;
22.01.2007;122,6864;
19.01.2007;122,5329;
18.01.2007;123,0866;
17.01.2007;123,9421;
16.01.2007;124,1992;
15.01.2007;124,7989;
12.01.2007;124,9336;
11.01.2007;127,2216;
10.01.2007;127,0496;
09.01.2007;125,0601;
08.01.2007;124,6910;
05.01.2007;124,8228;
04.01.2007;124,1804;
03.01.2007;124,7941;
29.12.2006;127,9515;
28.12.2006;126,7788;
27.12.2006;127,4391;
22.12.2006;124,5892;
21.12.2006;124,4469;
20.12.2006;123,7419;
19.12.2006;122,8566;
18.12.2006;121,6198;
15.12.2006;122,2648;
14.12.2006;124,0854;
13.12.2006;124,4148;
12.12.2006;124,2424;
11.12.2006;124,2559;
08.12.2006;123,8115;
07.12.2006;123,9415;
06.12.2006;123,9646;
05.12.2006;122,7351;
04.12.2006;122,1843;
01.12.2006;121,6025;
30.11.2006;121,6865;
29.11.2006;122,9803;
28.11.2006;124,2478;
27.11.2006;124,4881;
24.11.2006;124,6683;
23.11.2006;124,6734;
22.11.2006;126,0748;
21.11.2006;122,7974;
20.11.2006;122,8578;
17.11.2006;121,6206;
16.11.2006;121,6276;
15.11.2006;122,8777;
14.11.2006;120,4257;
13.11.2006;118,7991;
10.11.2006;118,0168;
09.11.2006;118,5372;
08.11.2006;118,3085;
07.11.2006;118,5533;
06.11.2006;118,0285;
03.11.2006;117,4151;
02.11.2006;117,6445;
01.11.2006;117,4971;
31.10.2006;118,1020;
30.10.2006;118,3455;
27.10.2006;117,3900;
26.10.2006;117,1678;
25.10.2006;116,7551;
24.10.2006;117,2507;
23.10.2006;117,7126;
20.10.2006;117,1541;
19.10.2006;116,6129;
18.10.2006;116,6569;
17.10.2006;116,8093;
16.10.2006;115,7749;
13.10.2006;116,3606;
12.10.2006;117,4271;
11.10.2006;116,9965;
10.10.2006;117,5882;
09.10.2006;117,6440;
06.10.2006;116,8745;
05.10.2006;117,5204;
04.10.2006;118,7506;
03.10.2006;119,9284;
02.10.2006;121,0832;
29.09.2006;120,6459;
28.09.2006;120,8575;
27.09.2006;120,6780;
26.09.2006;121,2992;
25.09.2006;121,4744;
22.09.2006;123,3071;
21.09.2006;121,4619;
20.09.2006;121,0729;
19.09.2006;121,1562;
18.09.2006;121,3774;
15.09.2006;121,1391;
14.09.2006;120,4981;
13.09.2006;121,8449;
12.09.2006;122,7970;
11.09.2006;123,4293;
08.09.2006;123,2927;
07.09.2006;120,9443;
06.09.2006;120,3380;
05.09.2006;120,1777;
04.09.2006;120,4013;
01.09.2006;119,7055;
31.08.2006;120,3092;
30.08.2006;121,1545;
29.08.2006;121,6741;
28.08.2006;121,6738;
25.08.2006;121,6627;
24.08.2006;122,4672;
23.08.2006;122,2919;
22.08.2006;122,4791;
21.08.2006;121,8206;
18.08.2006;121,3078;
17.08.2006;120,9269;
16.08.2006;121,8753;
15.08.2006;123,4316;
14.08.2006;123,6964;
11.08.2006;123,3462;
10.08.2006;123,4613;
09.08.2006;124,5061;
08.08.2006;123,8294;
04.08.2006;123,5943;
03.08.2006;123,4324;
02.08.2006;124,4604;
01.08.2006;125,8066;
31.07.2006;126,2564;
28.07.2006;126,3699;
27.07.2006;124,6854;
26.07.2006;124,1966;
25.07.2006;126,0775;
24.07.2006;127,3729;
21.07.2006;127,4173;
20.07.2006;126,2077;
19.07.2006;127,6435;
18.07.2006;129,2347;
17.07.2006;128,9412;
14.07.2006;128,7972;
13.07.2006;128,5396;
12.07.2006;128,1909;
11.07.2006;129,7850;
10.07.2006;130,7073;
07.07.2006;131,4344;
06.07.2006;130,3350;
05.07.2006;130,0831;
04.07.2006;130,2116;
03.07.2006;130,8813;
30.06.2006;132,4018;
29.06.2006;130,7342;
28.06.2006;130,7145;
27.06.2006;129,7978;
26.06.2006;129,4379;
23.06.2006;129,2455;
22.06.2006;128,6729;
21.06.2006;128,3562;
20.06.2006;128,2482;
19.06.2006;128,7501;
16.06.2006;129,0313;
15.06.2006;129,4991;
14.06.2006;130,5951;
13.06.2006;128,3579;
12.06.2006;127,5828;
09.06.2006;127,3195;
08.06.2006;126,7681;
07.06.2006;127,6786;
06.06.2006;127,4795;
02.06.2006;125,3848;
01.06.2006;125,5381;
31.05.2006;125,3918;
30.05.2006;126,0707;
29.05.2006;126,1171;
26.05.2006;126,1778;
24.05.2006;126,7481;
23.05.2006;126,9181;
22.05.2006;124,7864;
19.05.2006;124,4283;
18.05.2006;123,7840;
17.05.2006;122,2857;
16.05.2006;124,2813;
15.05.2006;124,3221;
12.05.2006;124,7402;
11.05.2006;122,4200;
10.05.2006;122,5084;
09.05.2006;122,7081;
08.05.2006;124,2591;
05.05.2006;124,5493;
04.05.2006;124,6946;
03.05.2006;127,9113;
02.05.2006;126,9227;
28.04.2006;127,8993;
27.04.2006;125,6767;
26.04.2006;127,1547;
25.04.2006;125,9886;
24.04.2006;129,7313;
21.04.2006;131,1399;
19.04.2006;130,6079;
18.04.2006;127,0558;
12.04.2006;125,3192;
11.04.2006;122,8482;
10.04.2006;121,6217;
07.04.2006;120,4347;
06.04.2006;121,8666;
05.04.2006;120,9783;
04.04.2006;120,2263;
03.04.2006;120,3275;
31.03.2006;117,2896;
30.03.2006;116,1846;
29.03.2006;117,6201;
28.03.2006;119,0501;
27.03.2006;119,9999;
24.03.2006;120,7411;
23.03.2006;117,6571;
22.03.2006;119,1241;
21.03.2006;115,8752;
20.03.2006;115,7456;
17.03.2006;113,9353;
16.03.2006;115,6537;
15.03.2006;115,7273;
14.03.2006;116,4914;
13.03.2006;117,2943;
10.03.2006;115,1586;
09.03.2006;112,9524;
08.03.2006;112,9238;
07.03.2006;109,1953;
06.03.2006;108,9689;
03.03.2006;108,7993;
02.03.2006;107,9242;
01.03.2006;106,4719;
28.02.2006;107,3308;
27.02.2006;108,2534;
24.02.2006;108,6693;
23.02.2006;108,8387;
22.02.2006;112,8111;
21.02.2006;104,9602;
20.02.2006;103,9519;
17.02.2006;104,0422;
16.02.2006;104,2634;
15.02.2006;104,5196;
14.02.2006;104,4271;
13.02.2006;104,5996;
10.02.2006;104,2982;
09.02.2006;103,3899;
08.02.2006;103,1351;
07.02.2006;103,4538;
06.02.2006;104,1520;
03.02.2006;104,4624;
02.02.2006;105,1724;
01.02.2006;104,4318;
31.01.2006;103,8017;
30.01.2006;102,7242;
27.01.2006;103,1502;
26.01.2006;102,6841;
25.01.2006;102,8354;
24.01.2006;103,0298;
23.01.2006;102,7074;
20.01.2006;102,4352;
19.01.2006;102,5712;
18.01.2006;102,1733;
17.01.2006;101,3910;
16.01.2006;101,6517;
13.01.2006;101,5178;
12.01.2006;101,0155;
11.01.2006;101,7819;
10.01.2006;101,2928;
09.01.2006;101,4894;
06.01.2006;101,6336;
05.01.2006;102,3669;
04.01.2006;103,1098;
03.01.2006;102,9410;
30.12.2005;102,7443;
29.12.2005;103,5652;
28.12.2005;104,1749;
27.12.2005;103,9608;
23.12.2005;103,8656;
22.12.2005;104,2335;
21.12.2005;103,4061;
20.12.2005;103,7778;
19.12.2005;103,6878;
16.12.2005;102,9025;
15.12.2005;102,8881;
14.12.2005;103,1624;
13.12.2005;103,5863;
12.12.2005;104,3344;
09.12.2005;104,6309;
08.12.2005;105,2605;
07.12.2005;104,9543;
06.12.2005;104,8927;
05.12.2005;104,7991;
02.12.2005;102,8394;
01.12.2005;102,2925;
30.11.2005;102,7997;
29.11.2005;102,6036;
28.11.2005;102,5573;
25.11.2005;102,4567;
24.11.2005;102,5138;
23.11.2005;102,3014;
22.11.2005;101,9777;
21.11.2005;100,6332;
18.11.2005;100,3630;
17.11.2005;100,0372;
16.11.2005;100,1546;
15.11.2005;100,4458;
14.11.2005;100,8512;
11.11.2005;100,5230;
10.11.2005;100,6009;
09.11.2005;100,0845;
08.11.2005;99,0639;
07.11.2005;98,7935;
04.11.2005;98,7069;
03.11.2005;98,7376;
02.11.2005;98,9033;
01.11.2005;100,4395;
31.10.2005;101,1344;
28.10.2005;101,2789;
27.10.2005;101,1345;
26.10.2005;100,1339;
25.10.2005;100,0468;
24.10.2005;99,6145;
21.10.2005;99,9914;
20.10.2005;99,6851;
19.10.2005;100,4529;
18.10.2005;100,8177;
17.10.2005;100,9261;
14.10.2005;101,2138;
13.10.2005;101,1464;
12.10.2005;101,5304;
11.10.2005;101,4471;
10.10.2005;101,8417;
07.10.2005;102,1198;
06.10.2005;102,3141;
05.10.2005;101,1546;
04.10.2005;101,5307;
03.10.2005;101,4098;
30.09.2005;102,3412;
29.09.2005;104,8544;
28.09.2005;104,7128;
27.09.2005;103,9393;
26.09.2005;104,4016;
23.09.2005;102,9714;
22.09.2005;103,4372;
21.09.2005;103,1035;
20.09.2005;103,6249;
19.09.2005;103,8301;
16.09.2005;104,0396;
15.09.2005;104,6223;
14.09.2005;105,5403;
13.09.2005;105,3682;
12.09.2005;105,9696;
09.09.2005;107,3057;
08.09.2005;106,4436;
07.09.2005;105,9234;
06.09.2005;106,0406;
05.09.2005;105,3454;
02.09.2005;104,9202;
01.09.2005;105,3237;
31.08.2005;106,1434;
30.08.2005;106,2256;
29.08.2005;106,6367;
26.08.2005;106,9446;
25.08.2005;107,1312;
24.08.2005;107,5556;
23.08.2005;106,8311;
22.08.2005;107,3418;
19.08.2005;107,1630;
18.08.2005;107,0800;
17.08.2005;107,7612;
16.08.2005;107,9338;
15.08.2005;108,0415;
12.08.2005;108,0878;
11.08.2005;108,7334;
10.08.2005;108,7904;
09.08.2005;108,5617;
08.08.2005;107,3935;
05.08.2005;107,3699;
04.08.2005;106,8730;
03.08.2005;106,9133;
02.08.2005;107,4745;
29.07.2005;107,7504;
28.07.2005;106,8289;
27.07.2005;106,9807;
26.07.2005;107,0468;
25.07.2005;107,1412;
22.07.2005;107,1049;
21.07.2005;107,2753;
20.07.2005;107,7344;
19.07.2005;107,6455;
18.07.2005;108,0005;
15.07.2005;107,3194;
14.07.2005;108,2151;
13.07.2005;107,9865;
12.07.2005;108,2288;
11.07.2005;108,2442;
08.07.2005;108,5861;
07.07.2005;107,8271;
06.07.2005;107,9811;
05.07.2005;108,3068;
04.07.2005;107,9751;
01.07.2005;107,9571;
30.06.2005;108,4758;
29.06.2005;108,3888;
28.06.2005;108,9798;
27.06.2005;108,5244;
24.06.2005;110,2599;
23.06.2005;110,0332;
22.06.2005;109,8960;
21.06.2005;110,3584;
20.06.2005;109,6094;
16.06.2005;108,9781;
15.06.2005;110,6963;
14.06.2005;109,7135;
13.06.2005;108,9796;
10.06.2005;108,3726;
09.06.2005;108,4197;
08.06.2005;108,3109;
07.06.2005;108,4979;
06.06.2005;109,2714;
03.06.2005;111,2433;
02.06.2005;109,5099;
01.06.2005;109,0017;
31.05.2005;109,6504;
30.05.2005;110,3035;
27.05.2005;110,8759;
26.05.2005;110,7979;
25.05.2005;111,2178;
24.05.2005;110,8000;
23.05.2005;111,5702;
20.05.2005;111,1964;
19.05.2005;111,7029;
18.05.2005;113,2907;
17.05.2005;114,0516;
13.05.2005;115,1339;
12.05.2005;114,5548;
11.05.2005;113,2195;
10.05.2005;113,1988;
09.05.2005;112,9080;
06.05.2005;112,6216;
04.05.2005;112,7758;
03.05.2005;112,1207;
02.05.2005;110,6783;
29.04.2005;111,4698;
28.04.2005;111,9327;
27.04.2005;112,0751;
26.04.2005;111,9116;
25.04.2005;111,1523;
22.04.2005;110,6675;
20.04.2005;110,5911;
19.04.2005;110,9189;
18.04.2005;110,6575;
15.04.2005;110,2260;
14.04.2005;110,1508;
13.04.2005;110,5327;
12.04.2005;108,1997;
11.04.2005;107,8856;
08.04.2005;107,1302;
07.04.2005;107,2036;
06.04.2005;106,8432;
05.04.2005;106,6176;
04.04.2005;106,4986;
01.04.2005;106,8632;
31.03.2005;106,8438;
30.03.2005;107,9234;
29.03.2005;107,9694;
23.03.2005;108,1066;
22.03.2005;106,1535;
21.03.2005;105,1893;
18.03.2005;105,4066;
17.03.2005;105,4316;
16.03.2005;106,1702;
15.03.2005;105,8903;
14.03.2005;106,1796;
11.03.2005;107,2658;
10.03.2005;106,7776;
09.03.2005;107,4129;
08.03.2005;107,8571;
07.03.2005;108,1107;
04.03.2005;108,3980;
03.03.2005;108,2508;
02.03.2005;108,3568;
01.03.2005;108,6744;
28.02.2005;108,4568;
25.02.2005;108,5434;
24.02.2005;108,7362;
23.02.2005;108,7672;
22.02.2005;108,8564;
21.02.2005;108,2550;
18.02.2005;109,4407;
17.02.2005;109,5191;
16.02.2005;109,7042;
15.02.2005;109,8619;
14.02.2005;109,7829;
11.02.2005;109,5484;
10.02.2005;110,0797;
09.02.2005;109,7513;
08.02.2005;110,1363;
07.02.2005;110,4089;
04.02.2005;110,0417;
03.02.2005;109,1315;
02.02.2005;108,8731;
01.02.2005;109,0856;
31.01.2005;109,9575;
28.01.2005;109,9049;
27.01.2005;110,0798;
26.01.2005;110,4771;
25.01.2005;110,2511;
24.01.2005;110,0850;
21.01.2005;110,5137;
20.01.2005;110,4536;
19.01.2005;110,1069;
18.01.2005;110,3438;
17.01.2005;110,9115;
14.01.2005;111,0729;
13.01.2005;111,9263;
12.01.2005;112,4131;
11.01.2005;112,2634;
10.01.2005;112,3778;
07.01.2005;112,3159;
06.01.2005;112,1217;
05.01.2005;112,1462;
04.01.2005;112,2771;
31.12.2004;111,8609;
30.12.2004;111,7081;
29.12.2004;112,6376;
28.12.2004;112,4091;
27.12.2004;112,5491;
23.12.2004;112,7648;
22.12.2004;112,9041;
21.12.2004;113,3514;
20.12.2004;113,5190;
17.12.2004;114,0138;
16.12.2004;114,1230;
15.12.2004;114,3576;
14.12.2004;113,6055;
13.12.2004;112,9693;
10.12.2004;113,0045;
09.12.2004;113,2577;
08.12.2004;111,3239;
07.12.2004;112,9294;
06.12.2004;113,5997;
03.12.2004;114,1223;
02.12.2004;115,3603;
01.12.2004;116,7052;
30.11.2004;116,6660;
29.11.2004;116,9520;
26.11.2004;117,2825;
25.11.2004;117,7789;
24.11.2004;118,0525;
23.11.2004;117,7769;
22.11.2004;117,6844;
19.11.2004;117,9335;
18.11.2004;117,3242;
17.11.2004;117,5819;
16.11.2004;117,8009;
15.11.2004;117,8234;
12.11.2004;118,0872;
11.11.2004;118,5231;
10.11.2004;118,4004;
09.11.2004;118,1860;
08.11.2004;118,0728;
05.11.2004;118,0430;
04.11.2004;118,5564;
03.11.2004;119,4770;
02.11.2004;118,9627;
01.11.2004;118,9893;
29.10.2004;119,5021;
28.10.2004;120,0538;
27.10.2004;119,9901;
26.10.2004;119,1993;
25.10.2004;118,5815;
22.10.2004;118,4444;
21.10.2004;118,8451;
20.10.2004;119,0118;
19.10.2004;118,8102;
18.10.2004;118,5928;
15.10.2004;119,3191;
14.10.2004;119,1219;
13.10.2004;119,2614;
12.10.2004;119,3161;
11.10.2004;119,1482;
08.10.2004;119,6702;
07.10.2004;119,2146;
06.10.2004;119,3621;
05.10.2004;119,7908;
04.10.2004;119,3333;
01.10.2004;119,7111;
30.09.2004;119,6753;
29.09.2004;119,6030;
28.09.2004;119,5673;
27.09.2004;119,4077;
24.09.2004;119,5901;
23.09.2004;119,5682;
22.09.2004;119,1510;
21.09.2004;119,6332;
20.09.2004;119,1890;
17.09.2004;119,3694;
16.09.2004;119,4875;
15.09.2004;119,5451;
14.09.2004;120,0104;
13.09.2004;119,7161;
10.09.2004;120,5325;
09.09.2004;120,0677;
08.09.2004;119,9117;
07.09.2004;119,7023;
06.09.2004;120,2732;
03.09.2004;119,2365;
02.09.2004;120,1666;
01.09.2004;120,3661;
31.08.2004;120,1500;
30.08.2004;119,6645;
27.08.2004;119,5085;
26.08.2004;119,5840;
25.08.2004;119,8826;
24.08.2004;119,3197;
23.08.2004;119,3677;
20.08.2004;119,7000;
19.08.2004;119,6248;
18.08.2004;119,6965;
17.08.2004;119,1761;
16.08.2004;118,7736;
13.08.2004;119,2570;
12.08.2004;119,2256;
11.08.2004;119,5430;
10.08.2004;119,8708;
09.08.2004;119,3039;
06.08.2004;119,8422;
05.08.2004;118,6188;
04.08.2004;118,8227;
03.08.2004;118,8454;
30.07.2004;118,5916;
29.07.2004;118,7094;
28.07.2004;118,7952;
27.07.2004;118,5835;
26.07.2004;119,1283;
23.07.2004;118,9610;
22.07.2004;119,6860;
21.07.2004;119,6132;
20.07.2004;120,3629;
19.07.2004;120,5162;
16.07.2004;120,9982;
15.07.2004;120,5186;
14.07.2004;120,5630;
13.07.2004;120,2518;
12.07.2004;120,5159;
09.07.2004;120,0687;
08.07.2004;120,9571;
07.07.2004;121,0606;
06.07.2004;121,2569;
05.07.2004;121,2429;
02.07.2004;121,6241;
01.07.2004;121,0930;
30.06.2004;121,1843;
29.06.2004;120,6886;
28.06.2004;121,3349;
25.06.2004;120,9639;
24.06.2004;121,1814;
23.06.2004;120,6650;
22.06.2004;120,9465;
21.06.2004;120,7031;
18.06.2004;120,5116;
16.06.2004;120,1101;
15.06.2004;120,2831;
14.06.2004;120,2264;
11.06.2004;120,1867;
10.06.2004;119,9287;
09.06.2004;119,7477;
08.06.2004;119,7011;
07.06.2004;119,6788;
04.06.2004;119,9164;
03.06.2004;120,2909;
02.06.2004;120,4938;
01.06.2004;120,0076;
28.05.2004;120,0399;
27.05.2004;120,5662;
26.05.2004;120,6238;
25.05.2004;120,7447;
24.05.2004;120,6553;
21.05.2004;120,9029;
19.05.2004;120,9005;
18.05.2004;120,6960;
17.05.2004;120,8123;
14.05.2004;121,0710;
13.05.2004;120,8789;
12.05.2004;121,6699;
11.05.2004;121,2154;
10.05.2004;121,3040;
07.05.2004;120,8854;
06.05.2004;121,8573;
05.05.2004;122,2723;
04.05.2004;121,4192;
03.05.2004;121,1786;
30.04.2004;121,3783;
29.04.2004;121,4264;
28.04.2004;120,5551;
27.04.2004;120,4526;
26.04.2004;120,6950;
23.04.2004;120,1714;
21.04.2004;120,4013;
20.04.2004;120,1980;
19.04.2004;120,3113;
16.04.2004;120,5706;
15.04.2004;121,4651;
14.04.2004;121,0658;
13.04.2004;120,2532;
07.04.2004;120,7147;
06.04.2004;120,5527;
05.04.2004;120,1549;
02.04.2004;120,4044;
01.04.2004;121,1570;
31.03.2004;121,4139;
30.03.2004;120,9510;
29.03.2004;120,0794;
26.03.2004;120,0610;
25.03.2004;120,2037;
24.03.2004;120,4137;
23.03.2004;120,6191;
22.03.2004;119,8254;
19.03.2004;119,1437;
18.03.2004;118,4809;
17.03.2004;118,1048;
16.03.2004;118,3247;
15.03.2004;117,6458;
12.03.2004;117,8649;
11.03.2004;118,1744;
10.03.2004;117,8552;
09.03.2004;118,7705;
08.03.2004;119,1272;
05.03.2004;119,9541;
04.03.2004;118,9521;
03.03.2004;118,9549;
02.03.2004;118,4171;
01.03.2004;118,1628;
27.02.2004;118,3732;
26.02.2004;118,4501;
25.02.2004;117,7758;
24.02.2004;118,2008;
23.02.2004;117,8148;
20.02.2004;116,9100;
19.02.2004;117,1821;
18.02.2004;117,2805;
17.02.2004;118,0435;
16.02.2004;117,7233;
13.02.2004;117,5730;
12.02.2004;117,4517;
11.02.2004;117,8727;
10.02.2004;117,6155;
09.02.2004;117,5240;
06.02.2004;117,7219;
05.02.2004;117,1059;
04.02.2004;117,2974;
03.02.2004;117,5708;
02.02.2004;117,4106;
30.01.2004;117,4715;
29.01.2004;117,8553;
28.01.2004;117,7807;
27.01.2004;117,7160;
26.01.2004;117,5567;
23.01.2004;117,3618;
22.01.2004;117,9440;
21.01.2004;117,5804;
20.01.2004;117,4522;
19.01.2004;117,3318;
16.01.2004;118,6485;
15.01.2004;119,2581;
14.01.2004;119,7476;
13.01.2004;120,1956;
12.01.2004;119,7252;
09.01.2004;120,4551;
08.01.2004;120,5875;
07.01.2004;119,9548;
06.01.2004;119,7547;
05.01.2004;120,4200;
31.12.2003;121,3585;
30.12.2003;121,4519;
29.12.2003;121,3632;
23.12.2003;121,8480;
22.12.2003;121,4092;
19.12.2003;122,1604;
18.12.2003;122,1216;
17.12.2003;122,5369;
16.12.2003;122,5910;
15.12.2003;122,7352;
12.12.2003;122,8599;
11.12.2003;122,4256;
10.12.2003;122,6175;
09.12.2003;122,6590;
08.12.2003;122,7002;
05.12.2003;122,3800;
04.12.2003;122,5846;
03.12.2003;122,0020;
02.12.2003;122,7624;
01.12.2003;122,7594;
28.11.2003;122,6311;
27.11.2003;122,9102;
26.11.2003;123,0823;
25.11.2003;122,9557;
24.11.2003;122,4585;
21.11.2003;122,4257;
20.11.2003;122,2701;
19.11.2003;123,0782;
18.11.2003;122,9766;
17.11.2003;122,7048;
14.11.2003;122,4124;
13.11.2003;122,4859;
12.11.2003;122,1304;
11.11.2003;122,0724;
10.11.2003;122,0297;
07.11.2003;121,5703;
06.11.2003;121,2538;
05.11.2003;121,0204;
04.11.2003;122,1320;
03.11.2003;122,5395;
31.10.2003;122,6906;
30.10.2003;122,3768;
29.10.2003;122,9946;
28.10.2003;123,1040;
27.10.2003;123,4854;
24.10.2003;123,3884;
23.10.2003;123,1382;
22.10.2003;122,9126;
21.10.2003;122,9145;
20.10.2003;122,8584;
17.10.2003;123,0650;
16.10.2003;123,4332;
15.10.2003;122,2758;
14.10.2003;122,4729;
13.10.2003;122,0760;
10.10.2003;122,5037;
09.10.2003;122,6079;
08.10.2003;122,8157;
07.10.2003;123,2676;
06.10.2003;122,7979;
03.10.2003;122,4541;
02.10.2003;122,1882;
01.10.2003;122,0330;
30.09.2003;122,4867;
29.09.2003;122,7064;
26.09.2003;122,5141;
25.09.2003;123,4992;
24.09.2003;122,1877;
23.09.2003;122,5107;
22.09.2003;122,7510;
19.09.2003;122,6865;
18.09.2003;123,0973;
17.09.2003;123,6176;
16.09.2003;123,1307;
15.09.2003;122,8587;
12.09.2003;123,1407;
11.09.2003;122,8804;
10.09.2003;124,6467;
09.09.2003;124,5101;
08.09.2003;123,6558;
05.09.2003;123,7175;
04.09.2003;123,4975;
03.09.2003;123,7619;
02.09.2003;123,8727;
01.09.2003;122,3677;
29.08.2003;122,3473;
28.08.2003;121,5221;
27.08.2003;123,7651;
26.08.2003;124,7917;
25.08.2003;124,8090;
22.08.2003;123,7175;
21.08.2003;123,7838;
20.08.2003;123,8916;
19.08.2003;122,8741;
18.08.2003;123,2239;
15.08.2003;123,6883;
14.08.2003;123,8988;
13.08.2003;124,5483;
12.08.2003;123,0773;
11.08.2003;122,3961;
08.08.2003;122,0808;
07.08.2003;121,5534;
06.08.2003;121,3461;
05.08.2003;121,0290;
01.08.2003;121,3577;
31.07.2003;120,8774;
30.07.2003;120,3454;
29.07.2003;120,6746;
28.07.2003;120,7497;
25.07.2003;121,0767;
24.07.2003;121,0429;
23.07.2003;121,0613;
22.07.2003;121,2925;
21.07.2003;120,8976;
18.07.2003;120,4901;
17.07.2003;120,1472;
16.07.2003;120,6318;
15.07.2003;120,6003;
14.07.2003;120,5214;
11.07.2003;120,1236;
10.07.2003;121,0199;
09.07.2003;121,6262;
08.07.2003;121,8169;
07.07.2003;120,6115;
04.07.2003;121,0503;
03.07.2003;121,5058;
02.07.2003;120,8181;
01.07.2003;121,0337;
30.06.2003;120,7052;
27.06.2003;120,5043;
26.06.2003;120,4674;
25.06.2003;121,8182;
24.06.2003;119,4869;
23.06.2003;119,2945;
20.06.2003;118,2397;
19.06.2003;117,8398;
18.06.2003;118,0925;
16.06.2003;118,5711;
13.06.2003;118,2702;
12.06.2003;118,2417;
11.06.2003;117,6498;
10.06.2003;116,9307;
06.06.2003;116,9513;
05.06.2003;117,6308;
04.06.2003;117,2586;
03.06.2003;116,4980;
02.06.2003;115,7167;
30.05.2003;115,3809;
28.05.2003;116,5682;
27.05.2003;116,3323;
26.05.2003;115,6424;
23.05.2003;115,1811;
22.05.2003;116,1746;
21.05.2003;117,5553;
20.05.2003;117,8057;
19.05.2003;117,3402;
16.05.2003;115,9773;
15.05.2003;115,7018;
14.05.2003;115,4782;
13.05.2003;115,3174;
12.05.2003;115,5292;
09.05.2003;116,1461;
08.05.2003;116,7053;
07.05.2003;115,5997;
06.05.2003;115,7459;
05.05.2003;115,7082;
02.05.2003;115,6554;
30.04.2003;116,2923;
29.04.2003;116,0259;
28.04.2003;115,7112;
25.04.2003;116,3379;
23.04.2003;115,7719;
22.04.2003;116,0892;
16.04.2003;116,2102;
15.04.2003;116,6331;
14.04.2003;117,1832;
11.04.2003;117,0305;
10.04.2003;117,0428;
09.04.2003;117,4591;
08.04.2003;117,9657;
07.04.2003;117,9021;
04.04.2003;117,9589;
03.04.2003;116,9601;
02.04.2003;116,8395;
01.04.2003;117,4946;
31.03.2003;116,5406;
28.03.2003;116,3540;
27.03.2003;118,3134;
26.03.2003;118,5238;
25.03.2003;117,6302;
24.03.2003;119,1193;
21.03.2003;119,7430;
20.03.2003;119,1419;
19.03.2003;118,7736;
18.03.2003;118,8648;
17.03.2003;118,2595;
14.03.2003;118,2710;
13.03.2003;117,8351;
12.03.2003;118,7546;
11.03.2003;118,3872;
10.03.2003;118,0507;
07.03.2003;118,3735;
06.03.2003;117,7405;
05.03.2003;117,9525;
04.03.2003;117,9744;
03.03.2003;117,5396;
28.02.2003;117,7073;
27.02.2003;117,6870;
26.02.2003;118,3504;
25.02.2003;118,9561;
24.02.2003;118,6361;
21.02.2003;118,7524;
20.02.2003;118,9506;
19.02.2003;119,8547;
18.02.2003;120,0306;
17.02.2003;118,5562;
14.02.2003;117,7816;
13.02.2003;117,1054;
12.02.2003;117,1946;
11.02.2003;117,1461;
10.02.2003;117,1774;
07.02.2003;115,9195;
06.02.2003;117,5659;
05.02.2003;115,9764;
04.02.2003;117,7125;
03.02.2003;117,7218;
31.01.2003;117,2771;
30.01.2003;118,7150;
29.01.2003;119,6446;
28.01.2003;119,7522;
27.01.2003;119,6246;
24.01.2003;119,9575;
23.01.2003;119,8369;
22.01.2003;120,0541;
21.01.2003;119,7753;
20.01.2003;119,6759;
17.01.2003;119,5128;
16.01.2003;119,5157;
15.01.2003;120,0021;
14.01.2003;119,4712;
13.01.2003;119,7509;
10.01.2003;120,9003;
09.01.2003;120,9301;
08.01.2003;120,5755;
07.01.2003;120,6140;
06.01.2003;121,1872;
03.01.2003;120,5034;
31.12.2002;120,6139;
30.12.2002;120,3531;
27.12.2002;121,5738;
23.12.2002;122,0524;
20.12.2002;122,0560;
19.12.2002;121,6624;
18.12.2002;121,3665;
17.12.2002;121,8103;
16.12.2002;121,8102;
13.12.2002;121,5682;
12.12.2002;121,7356;
11.12.2002;122,7495;
10.12.2002;122,5453;
09.12.2002;122,5580;
06.12.2002;123,7476;
05.12.2002;122,8101;
04.12.2002;122,7551;
03.12.2002;122,8397;
02.12.2002;122,5866;
29.11.2002;123,4251;
28.11.2002;123,6161;
27.11.2002;123,4109;
26.11.2002;123,9514;
25.11.2002;124,2051;
22.11.2002;124,2126;
21.11.2002;124,2407;
20.11.2002;123,9623;
19.11.2002;123,6219;
18.11.2002;123,5624;
15.11.2002;123,8842;
14.11.2002;123,8628;
13.11.2002;123,9299;
12.11.2002;124,0688;
11.11.2002;124,7010;
08.11.2002;125,9424;
07.11.2002;125,6760;
06.11.2002;125,1940;
05.11.2002;125,6636;
04.11.2002;124,7080;
01.11.2002;124,8528;
31.10.2002;125,0040;
30.10.2002;125,0557;
29.10.2002;125,7153;
28.10.2002;125,3183;
25.10.2002;125,8945;
24.10.2002;125,4544;
23.10.2002;125,4436;
22.10.2002;125,3262;
21.10.2002;125,1975;
18.10.2002;125,2407;
17.10.2002;125,2117;
16.10.2002;125,3676;
15.10.2002;124,7062;
14.10.2002;124,5996;
11.10.2002;124,5098;
10.10.2002;124,5945;
09.10.2002;124,3719;
08.10.2002;124,2228;
07.10.2002;123,8656;
04.10.2002;123,2604;
03.10.2002;123,2225;
02.10.2002;123,2044;
01.10.2002;123,1995;
30.09.2002;123,9710;
27.09.2002;123,4698;
26.09.2002;124,2112;
25.09.2002;123,7357;
24.09.2002;123,8711;
23.09.2002;124,4995;
20.09.2002;125,5179;
19.09.2002;125,5554;
18.09.2002;124,9645;
17.09.2002;124,5195;
16.09.2002;123,3919;
13.09.2002;123,2248;
12.09.2002;122,9264;
11.09.2002;122,5973;
10.09.2002;123,1322;
09.09.2002;124,5031;
06.09.2002;124,1950;
05.09.2002;124,9481;
04.09.2002;126,6308;
03.09.2002;126,6018;
02.09.2002;125,6097;
30.08.2002;125,1889;
29.08.2002;125,7421;
28.08.2002;124,3565;
27.08.2002;122,5839;
26.08.2002;122,1918;
23.08.2002;121,7113;
22.08.2002;121,5412;
21.08.2002;121,5442;
20.08.2002;121,2277;
19.08.2002;121,0623;
16.08.2002;121,7157;
15.08.2002;121,6535;
14.08.2002;122,1655;
13.08.2002;122,0367;
12.08.2002;120,6545;
09.08.2002;120,3906;
08.08.2002;120,3170;
07.08.2002;119,6611;
06.08.2002;120,6255;
02.08.2002;121,2529;
01.08.2002;120,2772;
31.07.2002;121,5198;
30.07.2002;121,6383;
29.07.2002;121,8897;
26.07.2002;122,3082;
25.07.2002;123,1395;
24.07.2002;122,3501;
23.07.2002;122,4697;
22.07.2002;122,3478;
19.07.2002;121,4174;
18.07.2002;121,3308;
17.07.2002;120,8458;
16.07.2002;121,6453;
15.07.2002;123,2242;
12.07.2002;123,5366;
11.07.2002;123,7124;
10.07.2002;123,0293;
09.07.2002;123,4769;
08.07.2002;123,0682;
05.07.2002;122,6836;
04.07.2002;122,7331;
03.07.2002;122,5234;
02.07.2002;123,7509;
01.07.2002;123,9945;
28.06.2002;123,4891;
27.06.2002;124,5072;
26.06.2002;125,5139;
25.06.2002;124,3573;
24.06.2002;124,5216;
21.06.2002;124,1844;
20.06.2002;124,1133;
19.06.2002;124,0986;
18.06.2002;123,1696;
14.06.2002;123,4527;
13.06.2002;123,5697;
12.06.2002;123,7718;
11.06.2002;123,2549;
10.06.2002;123,1996;
07.06.2002;123,2721;
06.06.2002;123,9481;
05.06.2002;123,9818;
04.06.2002;124,1114;
03.06.2002;124,6365;
31.05.2002;125,0071;
30.05.2002;125,5567;
29.05.2002;125,4619;
28.05.2002;125,3087;
27.05.2002;124,4391;
24.05.2002;124,6121;
23.05.2002;125,7384;
22.05.2002;125,2850;
21.05.2002;123,3896;
17.05.2002;123,3702;
16.05.2002;122,5980;
15.05.2002;122,1737;
14.05.2002;122,0605;
13.05.2002;122,0278;
10.05.2002;122,8068;
08.05.2002;122,2973;
07.05.2002;121,4566;
06.05.2002;122,6138;
03.05.2002;123,5481;
02.05.2002;123,8923;
30.04.2002;124,8972;
29.04.2002;124,6866;
26.04.2002;123,9221;
24.04.2002;124,3906;
23.04.2002;126,5343;
22.04.2002;126,6634;
19.04.2002;126,8756;
18.04.2002;127,7516;
17.04.2002;127,1752;
16.04.2002;127,0758;
15.04.2002;126,9027;
12.04.2002;128,1477;
11.04.2002;128,5903;
10.04.2002;128,7332;
09.04.2002;128,7317;
08.04.2002;129,4344;
05.04.2002;129,4991;
04.04.2002;129,6995;
03.04.2002;129,4952;
02.04.2002;129,6308;
27.03.2002;129,2886;
26.03.2002;129,8514;
25.03.2002;130,1435;
22.03.2002;129,9755;
21.03.2002;131,2945;
20.03.2002;131,0776;
19.03.2002;131,1612;
18.03.2002;130,3715;
15.03.2002;130,4294;
14.03.2002;130,5102;
13.03.2002;130,7852;
12.03.2002;130,5382;
11.03.2002;129,9482;
08.03.2002;129,9745;
07.03.2002;131,7505;
06.03.2002;130,3270;
05.03.2002;129,4726;
04.03.2002;129,0549;
01.03.2002;129,0517;
28.02.2002;129,0251;
27.02.2002;129,6286;
26.02.2002;129,8721;
25.02.2002;130,5171;
22.02.2002;130,7761;
21.02.2002;130,2892;
20.02.2002;130,0747;
19.02.2002;129,6555;
18.02.2002;130,2296;
15.02.2002;130,4291;
14.02.2002;130,3935;
13.02.2002;130,7141;
12.02.2002;130,6418;
11.02.2002;131,1376;
08.02.2002;131,4134;
07.02.2002;131,1926;
06.02.2002;130,9307;
05.02.2002;131,1551;
04.02.2002;131,0131;
01.02.2002;131,8264;
31.01.2002;131,9145;
30.01.2002;132,2286;
29.01.2002;132,5279;
28.01.2002;132,2419;
25.01.2002;132,3449;
24.01.2002;132,6306;
23.01.2002;132,9403;
22.01.2002;132,2616;
21.01.2002;132,7516;
18.01.2002;133,9576;
17.01.2002;134,0536;
16.01.2002;134,2226;
15.01.2002;134,4876;
14.01.2002;133,7626;
11.01.2002;134,0727;
10.01.2002;133,6425;
09.01.2002;133,2164;
08.01.2002;134,0548;
07.01.2002;132,8780;
04.01.2002;132,7037;
03.01.2002;133,6892;
